original_entity,expanded_entity
1ag,1AG
1ozl,1ozl
2xu,2XU
3rrr,3RRR
49ers,49ers
aaco,AACO
aald,AALD
aami,AAMI
abc,Australian Broadcasting Corporation
abl,ABL
ablas,ABLAS
acci,Australian Chamber of Commerce and Industry
accor,Accor
ace,ACE
acorn,Acorn
acre,ACRE
acs,ACS
act,Australian Capital Territory
activ,Activ
actu,Actu
adc,ADC
adf,Australian Defence Force
adfpp,ADFPP
aecr,AECR
aeu,Australian Education Union
afc,Australian Football Conference
afe,AFE
afg,AFG
afic,AFIC
afl,Australian Football League
aflw,Australian Football League Women's
afppd,AFPPD
afta,AFTA
agc,Australian Government Corporation
agest,Australian Government Employees Superannuation Trust
agi,AGI
agl,AGL Energy Limited
ago,Australian Government Organisation
agr,AGR
agu,AGU
aha,Australian Hotels Association
ahg,AHG
ahia,Australian Health Insurance Association
ahl,AHL
ahpra,Australian Health Practitioner Regulation Agency
aia,AIA Group Limited
aicd,Australian Institute of Company Directors
aiia,Australian Investment Industry Association
aijac,AIJAC
aime,AIME
aimpe,AIMPE
ajm,AJM
ald,ALD
alga,Australian Local Government Association
alo,ALO
alp,Australian Labor Party
alpg,ALPG
am2,AM2
ama,Australian Medical Association
amaq,AMAQ
amcor,Amcor
amec,AMEC
amex,American Express
amp,AMP Limited
ampol,Ampol Limited
amvz,AMVZ
an2,AN2
anam,ANAM
anz,Australia and New Zealand Banking Group
aon,Aon
aou,AOU
apa,APA Group
apec,Asia-Pacific Economic Cooperation
aphra,Australian Practitioner Regulation Agency
apl,APL
aplng,APLNG
appea,Australian Petroleum Production & Exploration Association
apt,APT
apx,APX
aqc,AQC
arb,Architects Registration Board
areva,Areva
arf,ARF
aria,Australian Recording Industry Association
arlc,ARLC
arm,ARM
aru,Australian Rugby Union
asahi,Asahi
aserf,ASERF
asia,Asia
aspi,Australian Strategic Policy Institute
astra,Astra
asu,Australian Services Union
asx,Australian Securities Exchange
at,AT
atc,ATC
atlas,Atlas
aujs,AUJS
aust,Australia
avh,AVH
avis,Avis
avq,AVQ
aware,Aware Super
awb,AWB
awu,Australian Workers' Union
awy,AWY
axa,AXA
axxa,AXXA
azj,AZJ
bali,Bali
bank,Bank
bega,Bega Cheese
bfrix,BFRIX
bgc,BGC
bhb,BHP Billiton
bhp,BHP
bitp,BITP
bkl,BKL
bld,BLD
blg,BLG
block,Block
bnbg,BNBG
boat,Boat
boc,Bank of China
bond,Bond
bono,Bono
boq,Bank of Queensland
bowen,Bowen
bp,BP
brg,BRG
bsl,BSL
bt,BT
bupa,Bupa
bussq,BUSSQ
c6c,C6C
ca,CA
caa,CAA
caleb,Caleb
canva,Canva
car,CAR
care,CARE
cat,CAT
cba,Commonwealth Bank of Australia
cbapb,CBAPB
cbus,Construction and Building Unions Superannuation
ce,CE
ceda,CEDA
cepu,CEPU
cfmeu,"Construction, Forestry, Maritime, Mining and Energy Union"
cgu,CGU
china,China
choe,CHOE
cim,CIM
cis,CIS
clan,Clan
clare,Clare
clock,Clock
clwr,CLWR
coh,COH
col,COL
coles,Coles
costa,Costa
cpsu,Community and Public Sector Union
cqs,CQS
cra,CRA
crown,Crown Resorts
cs,CS
csa,CSA
csbp,CSBP
csl,CSL Limited
csr,CSR Limited
cua,CUA
cub,CUB
cuba,Cuba
cue,Cue
cvb,CVB
cwa,CWA
cwn,CWN
cybg,CYBG
cyca,CYCA
dalby,Dalby
dansu,DANSU
dassh,DASSH
dbjp,DBJP
dcns,DCNS
ddt,DDT
dexus,Dexus
doha,Doha
dough,Dough
drr,DRR
dubai,Dubai
dulux,Dulux
dxs,DXS
eas,EAS
ebay,eBay
edd,EDD
edv,EDV
emb,EMB
emmg,EMMG
eos,EOS
escap,Economic and Social Commission for Asia and the Pacific
espn,ESPN
esr,ESR Group
esss,Equity Story Strategic Solutions
eta,Electronic Travel Authority
etc,ETC
ethi,ETHI
ethr,ETHR
euroa,Euroa
ewm,EWM
ewz,EWZ
ex20,EX20
ey,Ernst & Young
fair,Fair Work Commission
fang,FANG
fb,Facebook
fbu,FBU
ffa,Football Federation Australia
fiami,FIAMI
fifa,Fédération Internationale de Football Association
findi,FINDI
fm,FM
fmg,Fortescue Metals Group
fogs,FOGS
frsa,FRSA
fsu,FSU
fte,Full-Time Equivalent
funds,Funds
g20,Group of Twenty
gaicd,Graduate of the Australian Institute of Company Directors
gavi,"Gavi, the Vaccine Alliance"
gd,GD
ge,General Electric
gem,GEM
gesb,Government Employees Superannuation Board
gic,Government Investment Corporation of Singapore
gin,GIN
gopio,GOPIO
gpiix,GPIIX
gprix,GPRIX
gvk,GVK
gwa,GWA Group Limited
gwr,GWR Group Limited
gxl,GXL
gyld,GYLD
hanif,Hanif
hedj,HEDJ
hesta,Health Employees Superannuation Trust Australia
hjpn,HJPN
home,Home
hota,Home of the Arts
house,House
hsbc,Hongkong and Shanghai Banking Corporation
hsu,Health Services Union
hub24,HUB24
humm,Humm Group Limited
huntr,HUNTR
hvn,HVN
hyatt,Hyatt Hotels Corporation
hyg,HYG
iag,Insurance Australia Group
ial,IAL
iap,IAP
ibis,IBISWorld
ibm,International Business Machines Corporation
icjp,ICJP
ifl,IFL
ifpux,IFPUX
ig,IG
igk,IGK
iluka,Iluka Resources Limited
ing,ING Group
inpex,INPEX Corporation
iol,IOL
ioof,IOOF Holdings Limited
ipa,Institute of Public Affairs
ipac,IPAC
iph,IPH Limited
ipt,Industrial Property Trust
issac,ISSAC
isuzu,Isuzu Motors Ltd.
ivv,IVV
jag,Jaguar Land Rover
jean,Jean
jng,JNG
johor,Johor
kerry,Kerry Group
kew,Kew
kimba,Kimba
kmart,Kmart Australia Limited
kpg,KPG
kpmg,KPMG
lag,LAG
lc,LC
lexus,Lexus
lgaq,Local Government Association of Queensland
lhpp,LHPP
lion,Lion
lions,Lions
lll,LLL
lltk,LLTK
lnp,Liberal National Party
loans,Loans
lorne,Lorne
lqd,LQD
lucrf,LUCRF Super
lyc,Lynas Rare Earths Limited
made,MADE
mbf,MBF
mc,MC
mcc,Melbourne Cricket Club
mcg,Melbourne Cricket Ground
mcri,Murdoch Children's Research Institute
me,ME Bank
mea,MEA
mech,MECH
mecu,ME Bank
meta,"Meta Platforms, Inc."
mfc,MFC
mffo,MFFO
mgc,MGC
mgf,Magellan Financial Group
mgs,MGS
miami,Miami
mich,Michigan
micsx,MICSX
mio,MIO
ml,ML
mlb,Major League Baseball
mlc,MLC Limited
mm,MM
mms,MMS
mnd,MND
moana,Moana
moy,Moy
mpl,MPL
mqg,MQG
mrc,MRC
mrma,MRMA
msbs,MSBS
mtc,MTC
mumm,Mumm
mvf,MVF
mxupa,MXUPA
myer,Myer Holdings Ltd
myjet,MyJet
myola,Myola
myr,Malaysian Ringgit
mys,MYOB Group Limited
n aqc,N AQC
na,NA
nab,National Australia Bank
nag,NAG
nato,North Atlantic Treaty Organization
nba,National Basketball Association
nbl,National Basketball League
nea,NEA
nexus,Nexus
nfl,National Football League
nga,National Gallery of Australia
nhc,NHC
nib,nib Health Funds
nic,NIC
nida,National Institute of Dramatic Art
nil,NIL
nine,Nine Entertainment Co.
nly,NLY
north,North
npc,NPC
nrl,National Rugby League
nrma,National Roads and Motorists' Association
nsw,New South Wales
nt,Northern Territory
nteu,National Tertiary Education Union
nxt,NEXTDC
oecd,Organisation for Economic Co-operation and Development
okuno,Okuno
optus,Optus
ore,ORE
orica,Orica Limited
orl,ORL
osh,OSH
oxfam,Oxfam
p 500,P 500
p2p,Peer-to-peer
pall,PALL
paris,Paris
pdi,PDI
penna,PENNA
perth,Perth
pff,PFF
pfxf,PFXF
pga,Professional Golfers' Association
plum,Plum
pon,PON
prr,PRR
prro,PRRO
pss,PSS
pssap,PSSAP
ptm,PTM
pwc,pwc
qan,qan
qatar,qatar
qbank,qbank
qbe,qbe
qbyan,qbyan
qcb,qcb
qld,qld
qotor,qotor
qpac,qpac
qpcu,qpcu
qraa,qraa
qsml,qsml
qtic,qtic
raaa,raaa
rabo,rabo
rac,rac
raca,raca
racgp,racgp
racha,racha
racp,racp
racq,racq
racu,racu
racv,racv
racwa,racwa
rae,rae
rams,rams
rbf,rbf
rcgc,rcgc
rdo,rdo
rea,rea
reid,reid
resi,resi
rest,rest
rex,rex
rfx,rfx
rhc,rhc
rio,rio
rmd,rmd
rpgc,rpgc
rsl,rsl
rtrfm,rtrfm
rub,rub
ruok,ruok
rusi,rusi
s32,s32
sa,sa
saca,saca
sanfl,sanfl
sbs,sbs
scale,scale
scg,scg
scp,scp
sda,sda
sdf,sdf
sdrl,sdrl
sdrlk,sdrlk
seek,seek
sek,sek
self,self
serco,serco
seven,seven
sgiix,sgiix
shape,shape
shell,shell
sil,sil
silex,silex
siv,siv
slk,slk
smsf,smsf
smst,smst
sons,sons
spdmm,spdmm
spn,spn
spy,spy
stars,stars
sul,sul
sun,sun
syd,syd
szl,szl
tafe,tafe
tal,tal
taz,taz
teco,teco
tesla,tesla
tg1,tg1
tgs,tgs
tio,tio
tkms,tkms
tls,tls
tne,tne
toll,toll
tower,tower
trigg,trigg
ttf,ttf
twe,twe
twr,twr
twu,twu
tyx,tyx
u2,u2
uae,uae
ubank,ubank
uber,uber
ubs,ubs
uci,uci
uff,uff
uk,uk
unsw,unsw
usa,usa
usu,usu
uws,uws
va925,va925
vas,vas
vax,vax
vcx,vcx
vecci,vecci
vesg,vesg
vgk,vgk
vgt,vgt
vht,vht
vhy,vhy
vic,vic
vig,vig
visa,visa
visy,visy
vline,vline
vlue,vlue
vocus,vocus
vow3d,vow3d
vowg,vowg
vrc,vrc
vtg,vtg
vuk,vuk
vw,vw
w pac,w pac
wa,wa
waca,waca
wbc,wbc
wce,wce
wctpa,wctpa
wds,wds
wes,wes
wests,wests
wfd,wfd
wfe,wfe
whc,whc
whia,whia
wot,wot
wow,wow
wpl,wpl
wwf,wwf
xes,xes
xle,xle
xlp,xlp
xlu,xlu
xme,xme
xop,xop
xro,xro
ypo,ypo
z1p,z1p
zegna,zegna
μου,μου
сва,сва
