"normalized_entity","categories","sub_categories","details_list"
"1ag","Unknown","Other","N/A"
"1ozl","Income,Asset","Other Income,Other Asset","DELETION Sold by Stuart Robert,DELETION 1.Sold by Robert Superannuation Fund"
"2xu","Gift","Other Gift","2XU Apparel Gift Pack 18 November 2014
"
"3rrr","Membership","Other Membership","Member of 3RRR community radio station."
"49ers","Gift,Unknown","Hospitality,Other","1x bottle of St Henri Shiraz from ypo 49ers as Guect Geche,pair running shoes & Guest Given Physiotherapy Association from Austration"
"aaco","Travel","Other Travel","Accepted AACo's offer of a special purpose flight from Archerfield Airport Brisbane to Dalgonally Station on 12 March, 2019."
"aald","Travel","Other Travel","My wife Chloe, Business Class travel Syd/Los Angeles/New York/Los Angeles/Sydney 20.07.14 – 27.07.14 from AALD (Australian American Leadership Dialogue)."
"aami","Unknown","Other","Attended Derby Day as a guest of AAMI at the Marquee 3 November 2012 (Birdcage) Flemington Racecourse"
"abc","Income,Unknown,Travel,Gift,Asset","Other Income,Other,Other Travel,Entertainment,Real Estate,Trust","Income from Employment with ABC,I attended the Midwinter Ball as a guest of the ABC,Anzac Girls DVD and commemorative book - 16 June 2014, Approximate value $30.,6-7 October 2018 Perth-Melbourne Return/ Accommodation/ Ground Transfers,WEDNESDAY 31 AUGUST, TICKETS MID WINTER BALL,Press Gallery Mid-Winter Ball tickets courtesy of ABC (x2) (Wednesday 14 June 2017),Received DVD ""Back Road"",Tickets and hospitality to the 2018 Midwinter Ball (Wednesday 12 September 2018), for self and spouse as guests..."
"abl","Gift","Entertainment","Tickets and hospitality to the Australian Open Men's Final on Sunday 27 January 2019. As guests of ABL."
"ablas","Unknown","Other","1 CHOCOLATE BASKET - GIFT FROM ABLAS"
"acci","Gift","Hospitality","Received a bottle of wine"
"accor","Membership,Gift","Other Membership,Entertainment","ACCOR Membership (Husband),2 Tickets to the Men's Australian Open from Accor,2x tickets to Australian Open Tennis Provided by Accor"
"ace","Unknown","Other","N/A"
"acorn","Asset","Other Asset","I have also recently opened and closed an Acorn investment account."
"acre","Travel","Other Travel","The Alliance for Conservatives and Reformists in Europe (ACRE) sponsored my visit to Europe and the United Kingdom from 4-11 March 2017. The Alliance met the cost of flights as well as accommodation in Warsaw and Brussels."
"acs","Gift,Travel","Other,Other Travel","Gift of a Monte Blanc Pen from ACS valued at $450 to be surrendered to the Department of Prime Minister and Cabinet.,Travel to Israel as part of innovation and technology delegation hosted by ACS (Australian Computer Society). Sponsored travel for my partner and I including airfares, in-country meals and transport and most accommodation costs. 25 August 2018 – 4 September 2018."
"act","Asset,Unknown,Gift","Real Estate,Other,Other Gift,Shares","Residential,Residence,Second home for work (100% ownership),Private residence in Canberra,Rental,MP responsibilities,Add to self: Investment,Add to spouse: Investment,Investment,Private residential,RESIDENTIAL,Investment/Residence,Investment (Spouse)"
"activ","Unknown","Other","V/Patron"
"actu","Asset,Gift,Travel","Real Estate,Hospitality,Other Travel","Gift from ACTU. Donation of refreshments from Australian Council of Trade Unions for Union & Community Sector Budget Night Event at Parliament House on 13 May 2014,Gift from ACTU. Donation of refreshments from the Australian Council of Trade Unions for a Union & Community Sector Budget Night Event at Parliament House on 12 May 2015,Self: Budget night hospitality from the ACTU. Refreshments provided.,Budget Night Hospitality: ACTU Funding of Budget Night Function,Part travel and accommodation for..."
"adc","Travel","Other Travel","Participated in the ADC Leadership Retreat 2012 in Hayman Island where the registration fee was waived as well as my Deputy Chief of staff"
"adf","Asset,Unknown","Other Asset,Other","Spouse - ADF Navy Reserve Superannuation,ADF provided air transport and light refreshments for Parliamentarians, Journalists and Community members from RAAF Base Williamtown to RAAF Base Amberley to inspect the new Joint Strike Fighter on 6 March 2017"
"adfpp","Travel","Other Travel","ADFPP trip to the Middle East as a guest of the ADFPP from 31 July - 10th August 2012.,Self; ADFPP trip to the Middle East as a guest of the ADFPP from 31 July - 10 August 2012,Self; ADFPP Trip to Tennant Creek as Guest of ADFPP – 7 – 12 September 2014; ADDITION,Self - ADFPP trip to the Middle East as a guest of the ADFPP from July 31 - August 10, 2012"
"aecr","Travel","Other Travel","Alliance of European Conservatives and Reformists (AECR) invited me to deliver a speech at their recent conference in Prague on 15-18 September 2016. Flights, accommodation and incidentals for my wife and I were met by the AECR. Emirates upgraded my wife and I on a leg from Prague to Dubai."
"aeu","Unknown,Membership","Other,Other Membership","Member AEU,Life Member Werribee Netball Association, Member Western Environment Centre, Member AEU, Member ALP, Member AWY"
"afc","Gift","Entertainment","AFC Asian Cup - 2x Complimentary tickets to Newcastle Jets match, Newcastle"
"afe","Gift","Entertainment","Guest speaker @ AFL Maddie pierddy's Mord (3 Tichen), plus also such Adelaidl (x4) I collingwood (x2): Gust of AEL"
"afg","Liability,Asset","Mortgage,Other Asset","House mortgage,Mortgage,House Mortgage,Savings"
"afic","Asset","Shares","Shareholdings in AFIC"
"afl","Gift,Travel,Membership","Entertainment,Other Travel,Professional","I attended the AFL Grand Final in Melbourne with my wife, Margie, as a guest of the AFL.,I attended the AFL Grand Final as a guest of the AFL accompanied by my wife.,2 tickets from the AFL to the Grand Final at the MCG,Football from the AFL.,Was a guest of the AFL at the Grand Final.,My wife and I attended the AFL preliminary final & grand final as guests of Dansu Constructions.,AFL Grand Finals - 25 Sept / 2 Oct - 2 Tickets,Two tickets to AFL Semi Finals 2010 courtesy of AFL,Two tickets to AFL ..."
"aflw","Travel","Other Travel","5 tickets to AFLW Brisbane Lions Game vs Adelaide Crows."
"afppd","Travel","Other Travel","AFPPD sponsored travel to Manila to attend + present paper at 10th Women Ministers and Parliamentarians Conference. Airfares SYD-MANILA + Return, 5th + 8th Sept. Accomodation and hospitality during Conference.,AFPPD sponsored travel to Bangkok and Siem Reap to present at the 76th AFPPD Executive Committee meeting and the regional meeting of the Asia Pacific parliamentarians for Population Development Economy airfare New York - Bangkok - Siem Reap - New York and conference accommodation,As Chair ..."
"afta","Asset","Other Asset","Received a business card holder from AFTA, on 26 May"
"agc","Asset","Other Asset","24 Hr at Call,24hr at Call"
"agest","Asset","Other Asset","Superannuation account"
"agi","Travel,Unknown","Other Travel,Other","AGI - Michael McIntyer Tickets (ADDITION),AGI - Disney on Ice Tickets (ADDITION),AGI - State of Origin Tickets (ADDITION),ALL OWNED BY SPOUSE/PARTNER: AGI"
"agl","Asset,Unknown","Shares,Other","Sale of AGL shares held in joint names (David Charlotte Gillespie),Deletion: Shares AGL, Spouse sold remaining shares. PortMacquarie Gastroenterology Pty Ltd - deregistered the company,ALL OWNED BY SPOUSE/PARTNER: AGL,For my spouse, purchased AGL shares"
"ago","Asset","Shares","Shareholding in AGO,Shares"
"agr","Asset","Shares","Shares held by spouse"
"agu","Unknown","Other","N/A"
"aha","Travel,Gift,Unknown","Other Travel,Other Gift,Other,Hospitality,Entertainment","The vessel was chartered by the AHA and had members of the AHA present during the trip.,Undertook a trip with Phil Webster on MV Little Audrey on the Barrier Reef, Cairns between 13 - 18 November had the fuel paid for by the AHA; Had no knowledge that AHA were sponsoring the fuel for the trip until recently.,On the 5th October, I attended a BBQ Function at the AHA Offices, Sydney to watch the Sydney Fleet review function.,On the 4th November, I was a guest of the AHA National Executive Pre - Mel..."
"ahg","Unknown","Other","Purchased: AHG, GMA, MLO"
"ahia","Asset","Real Estate","1 Night Accommodation Shangri-La Hotel Sydney Tuesday 9 November 2010 cost covered by AHIA, Conference Convenor"
"ahl","Asset","Shares","Shares held by spouse"
"ahpra","Unknown","Other","Pharmacy Registration,AHPRA Pharmacy Registration"
"aia","Asset,Unknown","Other Asset,Other","Life Insurance - AIA, Motor Vehicles for personal use, Superannuation - PSS,Spouse Life Insurances"
"aicd","Unknown","Other","Women on Boards,N/A,AICD Member"
"aiia","Travel","Other Travel","Participant on the 2023 AIIA Trade Delegation to India on 4th June - 9th June. AllA covered the cost of my travel, including accommodation and return Business flights."
"aijac","Travel,Gift","Other Travel,Hospitality","Travelled to Israel between the 28th January to 4th February 2012 as a guest of the Australian Israel Jewish Affairs Council (AIJAC). All airfares, accommodation and meals were provided by AIJAC.,Return Business Class flights Perth to Israel. 28 January and 4 February. 2012. Provided by AIJAC,Study trip to Israel, April 2014: AIJAC sponsored trip: travel costs, meals and four nights' accommodation.,Study Group visit to Israel, Sunday May 3 - Thursday May 7 2015, Sponsored by AIJAC (Australian/Is..."
"aime","Unknown","Other","1 x jumper from AIME - received on 3 September 2021 - valued at $40"
"aimpe","Unknown","Other","Cologne valued at $145 from AIMPE."
"ajm","Asset","Shares,Other Asset","Shareholding in public companies (Goodyear Super fund) Trust,Superannuation Fund - Listed Companies,Superannuation Fund- Listed Companies"
"ald","Unknown","Other","Addition"
"alga","Gift","Hospitality","1 x hamper - received from ALGA on Monday 21st June 21 – valued at $60"
"alo","Unknown","Other","N/A"
"alp","Membership","Other Membership,Professional","N/A,Member ALP,Unknown,Spouse,Central Coast Chamber of Commerce,Member,Australian Labor Party (ALP),Patron various community based organisations; Councillor - Cessnock City Council,ALP,ALP, Shop Distributive and Allied Employees Association, Lakemba Bowling Club Benevolent Society and Local Registered Clubs,ALP, United Services Union,ALP member,ALP member owned by spouse/partner,Member of ALP, Williamstown Branch (Vic),Member of ALP, Footscray Branch (Vic),Life Member Werribee Netball Associatio..."
"alpg","Membership","Other Membership","31.10.17 ALPG National Women's Clinic Charlestown Golf Club Guest of ALPG Included entry fees and refreshments"
"am2","Liability","Credit","Credit Cards"
"ama","Unknown","Other","Resigned July 2019,Deletion, alteration,N/A"
"amaq","Gift","Hospitality","Ms Gambaro and her spouse were provided with corporate seats and hospitality to Suncorp Stadium on 18th March by AMAQ. Total $300.00"
"amcor","Unknown","Other","AMCOR (Spouse)"
"amec","Travel","Other Travel","Travel by helicopter for self between Newman and BC Iron mine site provided by BC Iron/AMEC."
"amex","Liability","Other Liability,Credit,Mortgage","charge card,Paid monthly to zero,CREDIT,Credit Card,Creditcard,Creditcard (Spouse/partner),Amex,CREDIT CARD,Self: Credit card,Spouse/partner: Credit card,Credit Cards (Joint with Spouse),Credit Cards,Mortgage, Viridian, VISA, Mastercard, Credit, Amex,CREDIT CARDS,Credit Cards / Flexi Loan
Mortgages,Credit Cards (Self)"
"amp","Asset,Liability","Shares,Other Asset,Mortgage,Other Liability","Was a guest of AMP at the South Sydney and Raiders match at Canberra Stadium.,Shareholdings in public and private companies,Managed Fund,mortgage,Spouse,Shares in AMP,The AMP Superannuation Fund Member,HENDERSON GROUP,HESFARMERS CABCHARGE,LIFE POLICY,Some AMP Shares,Superannuation,Superannuation (Self),Self - AMP,N/A,Shares held,AMP - Whole of Life Plan,Managed Fund; Self,Spouse's shareholdings,Managed Fund (Spouse),Superannuation (spouse),A number of AMP shares,Superannuation with AMP; Superann..."
"ampol","Gift","Entertainment","1 x NSW State of Origin rugby jersey from Ampol"
"amvz","Asset","Other Asset","AMVZ Superannuation Fund"
"an2","Liability","Mortgage","Self: Mortgage on Family Home, Personal Loan"
"anam","Asset","Real Estate","3 September 2024, Australian National Academy of Music 2024, Sydney Dinner, Bennelong Restaurant, Sydney Opera House 3 tickets"
"anz","Liability,Asset,Travel","Other Liability,Other Asset,Loan,Shares,Mortgage,Credit,Other Travel","No longer hold an ANZ Visa Card,Self: Savings Account, ANZ,Personal Loan,ANZ Car Loan.,Shareholdings,V2 Cash Management Account,Shareholding in ANZ,Savings Account,mortgage,AAFE savings account,ANZ Savings Account,Savings cheque account, Lifetime investment suc account,Mortgage on Residence (Spouse),Savings,Overdraft,Home Loan for Canberra, Equity Manager,Cheque,Personal Account,Shares held by dependent children,Spouse - Savings,Some Loans,Usual Savings and cheque Alcs,ANZ V2 Savings,Savings Acc..."
"aon","Asset","Other Asset","Superannuation - Spouse/partner"
"aou","Asset","Shares","In preparation for joining the Executive, I have sold my interests in the following shares: AOU, C6C and LYC. I therefore understand that all remaining shares held in my name are aggregate economy-wide ETFs."
"apa","Unknown","Other","N/A"
"apec","Gift,Asset","Other,Other Asset,Other Gift","Item:- APEC ‘Sama-Sama' Token valued at $950.00 I have declared and surrendered the above gifts to the Department of Prime Minister and Cabinet as per the attached Declaration of an Official Gift Exceeding Valuation Limit -DELETION,APEC Vicuna Leaders Scarf, paid the Collector of Public monies $874.27,APEC Leaders ShirtI have retained the above gift and paid the Collector of Public Monies the amount of $303.97"
"aphra","Unknown","Other","N/A,spouse/partner"
"apl","Gift","Entertainment","2 x AFL TICKETS TO WEEK THREE PRELIMINARY FINAL RECEIVED FROM APL ON 21/9/11 VALUED AT $ 132.00 EACH"
"aplng","Travel","Other Travel","Charter Flight 16-10-12 Touwoomba to Miles, return with APLNG."
"appea","Travel","Other Travel","Trip to northwest to see mining operations"
"apt","Unknown,Asset","Other,Shares","APT,Sale of shares,Acquisition of FANG, NEA, APT shares."
"apx","Asset","Shares","Purchase of shares"
"aqc","Asset","Shares","Local Shares"
"arb","Unknown","Other","ARB"
"areva","Travel","Other Travel","Various meals and transfers provided by AREVA on study tour in France over a 3 day period May 2011"
"arf","Unknown","Other","Held jointly with spouse in SMSF: Australian"
"aria","Unknown,Gift,Asset,Travel","Other,Entertainment,Other Asset,Other Travel","Attended Arias as a guest,Received a ticket to the ARIA awards night and attended as a guest of ARIA.,Declare 2 guest tickets for the ARIA Awards presentation on Sunday 27th November 2011 at the Allphone Arena Olympic Boulevard, Sydney Olympic Park. The tickets were given to me from Mr Dan Rosen, Chief Executive Officer of ARIA.,Superannuation - PSS Public Sector Super - Tower,My wife attended the U2 concert in Sydney, courtesy of ARIA"
"arlc","Gift","Entertainment","1 June 2023 - Tickets and hospitality - Game 1 2023 Ampol Women's State of Origin Series courtesy of the ARLC and NRL"
"arm","Unknown","Other","Self"
"aru","Unknown,Travel,Gift","Other,Other Travel,Entertainment","Guest of the ARU at the Wallabies v Lions game on 6 July 2013.,Guest of ARU at Wallabies vs France 7 June,Tickets to Brumbies vs Waratahs ANZ Stadium courtesy ARU,Tickets and hospitality - Wallabies vs Pumas Cbus Stadium Gold Coast courtesy ARU,Ticket to Wallabies vs Italy match, corporate box function hosted by the ARU.,The ARU provided two tickets to its Hirers suite at the Sydney 7's on 5 February 2017.,Two tickets to ARU suite to attend the Bledisloe test match on 19 August 2017,Two tickets ..."
"asahi","Gift,Asset","Entertainment,Other Asset","2 x corporate suite tickets for the AFL Grand Final on 28/09/2024,Gifted four cartons of Cascade beer from Asahi for the Parliamentary Cross-Bench Christmas event."
"aserf","Asset","Other Asset","ROLLOVER OF SUPERANNUATION FUND JANUARY 2014"
"asia","Asset","Shares","ASIA (Beta shares asia technology tigers ETF)"
"aspi","Unknown","Other","Conference attendance from March 30 to April 1 2015 at the ASPI 2015 International Conference"
"astra","Gift,Travel,Unknown,Membership,Income","Other Gift,Other Travel,Other,Other Membership,Other Income,Professional","I took up the complimentary offer that Astra extended to Members of Parliament to have Foxtel installed in my electorate office.,Base Level Subscription Television Service,Complimentary Electorate Office Pay TV subscription supplied,Foxtel Subscription for office television - basic package provided by Astra,Complimentary premium subscription television service package for electorate office.,Ongoing complimentary FOXTEL service at my Electorate office, provided by ASTRA.,Subscription Cable servic..."
"asu","Membership,Unknown","Other Membership,Other","Membership,Member,N/A,ASU NSW Branch Honorary Member"
"asx","Gift,Unknown,Asset","Hospitality,Other,Other Asset","Hospitality - Dinner ASX Board,ASX (Spouse),in Wilson-Bolger Superannuation Pty Ltd,in Wilson-Bolger Superannuation Pty Ltd. (Spouse/Partner)"
"at","Unknown","Other","Employment (Spouse)"
"atc","Gift","Hospitality","Guest at ATC Board of Directors Lunch $150.00"
"atlas","Asset,Unknown","Shares,Other","Shareholding in Atlas,Shareholdings in public and private companies,Atlas"
"aujs","Income","Other Income","Book titled 'Jewish ANZACS'"
"aust","Unknown","Other","N/A"
"avh","Unknown","Other","Listed Companies held by Spouse"
"avis","Travel","Other Travel","Avis President's Club membership - unknown value."
"avq","Asset","Shares","Shareholding in AVQ"
"aware","Unknown","Other","AWARE SUPER ACCOUNT"
"awb","Asset","Shares","Shareholdings in public and private companies (including holding companies)"
"awu","Membership,Unknown","Other Membership,Other","Union Membership (AWU),MEMBERSHIP - AWU,Spouse - Member of the AWU Queensland Branch Executive and the AWU National Executive,Australian Workers Union (AWU),AWU,N/A,AWU Life member"
"awy","Membership","Other Membership","Life Member Werribee Netball Association, Member Western Environment Centre, Member AEU, Member ALP, Member AWY"
"axa","Unknown","Other","AXA"
"axxa","Unknown,Asset","Other,Shares","Unknown,Shares,Self"
"azj","Unknown","Other","Deletion"
"bali","Asset","Real Estate","Accepted three nights' accommodation at the Padma Legian Hotel, Bali."
"bank","Asset","Other Asset","SAVINGS"
"bega","Asset","Shares,Real Estate","Investment,Spouse/partner, Investment,Investment real estate owned by Self,Investment real estate owned by Spouse/partner"
"bfrix","Asset","Other Asset","Item 7: BFRIX (Wilcrow) -DELETION"
"bgc","Gift","Entertainment","Self: 1 x corporate box ticket to State of Origin game 2 (23 June) - provided by BGC,Dependent children: 1 x corporate box ticket to State of Origin game 2 (23 June) - provided by BGC,2 x corporate suite tickets to Bledisloe Cup match at Optus Stadium Perth on 10 August 2019. Attended by Vince and Peta Connelly.,Two tickets (for myself and wife Peta Connelly) to attend the Hilltop Hoods concert in a corporate box at RAC Arena, Perth on Sat 7 September 2019."
"bhb","Unknown","Other","DIVESTED (AS PER ATTACHMENT)"
"bhp","Asset,Travel","Shares,Other Travel","Shares held by spouse,Shareholdings,Shareholding in BHP,Dependent Children,Shares owned by spouse (Paula Lindsey),Paula Lindsey Sale of shares,Paula Lindsey Pardare of BHP,Paula Lindsey (wife)- 15 Pardare, Partial Salu, Tigan Deavor La Pardores ,Partial, Savela; BHP,Purchase of Shares BHP,- Parce sale of Storer - BHP,Purchase and sale of all shares - Owned by Paula Lindsey - wife,Paula Lindsey (wife) - Partore of stores, Ris Ti,Ticket to IPA Annual Dinner Courtesy of BHP,Attachment # 1 Sharehold..."
"bitp","Unknown","Other","Joint"
"bkl","Asset","Shares","Striker SMSF holds shares in – BKL, CWN, QBE, SEK"
"bld","Asset","Shares","Shares ASL LISTED - WES, CSR, SUL, WBC, BLD, WHC, MMS"
"blg","Unknown","Other","ALL OWNED BY SPOUSE/PARTNER: BLG"
"block","Unknown","Other","Block - dependent children"
"bnbg","Asset","Other Asset","Managed Funds and Fixed Interest Securities"
"boat","Asset","Other Asset","Spouse/partner"
"boc","Unknown","Other","BOC - Self,BOC - dependent children"
"bond","Asset","Other Asset","Unknown"
"bono","Gift","Electronics,Entertainment","IPOD - 14/12/10,Tickets U2 concert - 18/12/10"
"boq","Asset,Liability,Unknown","Other Asset,Mortgage,Shares,Loan,Other Liability,Other","Mr Wyatt Roy - Personal Bank All - Bribie Island,Mr Wyatt Roy - Elect Allow BANK Ale - Bribie Island,Mortgage,Spouse Mortgage,Savings,Spouse Savings,Shareholding in BOQ,Purchased Shares in: NAB, TLS, BOQ, GEM,Self; Personal Loan,Self - Personal Loan. BOQ.,Self - Vehicle lease. BOQ,Self - Irrigation equipment lease. BOQ,SAVINGS,Savings account,Vehicle Lease,Irrigation equipment lease,N/A,Deletion"
"bowen","Asset","Real Estate","Residential Owner Occupier"
"bp","Gift","Entertainment","Attended the 2012 Australian Open Tennis on 22 January 2012 as a guest.,I attended the 2013 Australian Open on January 20, 2013 for the evening tennis session and hospitality with my wife, Kate, as a guest.,2 x tickets to AFL Freo vs WCE @ Optus Stadium (6/7/19) courtesy of BP - Value unknown"
"brg","Unknown","Other","ALL OWNED BY SPOUSE/PARTNER: BRG"
"bsl","Asset","Shares","Sale of shares"
"bt","Asset","Other Asset","Superannuation,DELETION: E. SAVINGS OR INVESTMENT ACCOUT. SUPERANNUATION BT,Superannuation (Spouse),AMP and BT"
"bupa","Unknown,Membership","Other,Other Membership","Member,Spouse/partner Member,Self: health insurance membership,Spouse/partner: health insurance membership"
"bussq","Asset","Other Asset","Spouse/partner - Superannuation"
"c6c","Asset","Shares","In preparation for joining the Executive, I have sold my interests in the following shares: AOU, C6C and LYC. I therefore understand that all remaining shares held in my name are aggregate economy-wide ETFs."
"ca","Travel","Other Travel","Entrance to attend and hospitality day 2 SCG Aus v Pakistan cricket test 2024 from CA"
"caa","Unknown","Other","CAA"
"caleb","Asset","Shares","Evolution and Oceanagold Shares"
"canva","Asset","Shares","Spouse- shareholding Canva"
"car","Asset","Other Asset","Car - Subaru Forrester (Family Car),Spouse/partner,Car,Deletion of Self - car"
"care","Asset,Travel","Other Asset,Other Travel","Superannuation Fund,Study Tour to Cambodia with CARE, November 2014"
"cat","Asset","Shares","Sale of shares"
"cba","Asset,Liability","Other Asset,Mortgage,Credit,Shares,Loan,Other Liability","3 Savings/Cheque Accounts,Mortgage,Savings account,Investment A/c,INVESTMENT A/c - Deleted,Cheque/Savings account,Self - Savings/cheque account,Self - Farm Business Account,Savings and cheque accounts, Farm Business accounts with CBA,VISA credit card, Viridian line of credit,Shares in Commonwealth Bank,Savings Account,Shares in IAG, Lend Lease, NAB, Wesfarmers, Woodside and joint shareholding with spouse in CBA (public companies). Share in Elysium Pty Ltd (private company). Shares in IAG, Telstr..."
"cbapb","Asset","Other Asset","Managed Funds and Fixed Interest Securities"
"cbus","Asset","Other Asset","Superannuation fund consolidation - my First State superannuation fund has been rolled into my CBUS superannuation fund. I now have one superannuation fund: CBUS.,Superannuation Account for self and spouse,SUPERANNUATION,Self - SUPERANNUATION"
"ce","Asset","Shares","Shares in CE & TS Boyce Family Trust,Shares in CE & TS Boyce"
"ceda","Gift,Asset,Unknown","Other Gift,Real Estate,Other","Pen from CEDA,Leather Card holder from CEDA for a breakfast I addressed at Parliament House on 25 June 2013,Member on the Council on Economic Policy, CEDA"
"cepu","Membership,Unknown","Other Membership,Other","MEMBERSHIP,N/A,Self"
"cfmeu","Unknown,Travel,Membership","Other,Other Travel,Other Membership","Antique Mining Lamp from the CFMEU Coal Miner's Memorial at Cessnock (19th Annual Memorial Day Service) 14.09.14,Hospitality - Accommodation and dinner provided by CFMEU at RACV Resort Torquay; Travel - Flights, accommodation and meals provided by Save the Children to Cambodia; Complimentary membership to Virgin Australia The Club; Complimentary membership to Qantas Chairmans Lounge; Complimentary membership to Virgin Australia The Club,Accommodation and dinner provided by CFMEU at RACV Resort T..."
"cgu","Unknown,Asset","Other,Other Asset","Attendance for self at Derby Day on 2 November 2013,Self and husband, Tickets & hospitality for the 2014 Melbourne Cup Carnival (Flemington) for my husband and me as guests"
"china","Unknown","Other","An Auratic authentic china tea set and Tong Quing Hao Purer tea"
"choe","Travel","Other Travel","Gifts during North Asia visit (Minister for Water Resources CHEN Lei, Minister Administration of Quality Supervision, Inspection and Quarantine ZHI Shuping, Minister for Agriculture HAN Changfu, Korean Minister for Agriculture, LEE Dong Phil, Head of JA Zenchu – OKUNO, CHOE, Minister for Agriculture MORIYAMA, Hiroshi)"
"cim","Asset","Shares","Shareholding in CIM"
"cis","Asset","Real Estate","One night's accommodation, meals and a complimentary shirt provided by the CIS as part of attending their August 2014 Consilium meeting."
"clan","Unknown","Other","Patron"
"clare","Unknown","Other","50% interest (self 25%, spouse 25%) - vacant land"
"clock","Gift","Other","14/11/22 - Clock: Commemorating Transfer of Groote Eylandt Township Lease to Community Control received by Minister. Presented by Anindilyakwa Land Council. Estimated value $280"
"clwr","Unknown","Other","Item 1 (a)"
"coh","Asset,Unknown","Shares,Other","Shareholding in COH,Held jointly with spouse in SMSF: Australian"
"col","Unknown","Other","N/A"
"coles","Unknown,Asset","Other,Shares","N/A,Coles share purchased in March 2021 (500 Shares),Shares in Coles"
"costa","Unknown","Other","Box containing 12 punnets of blueberries"
"cpsu","Unknown,Membership","Other,Other Membership","Member,Spouse membership of CPSU,Central Coast Chamber of Commerce,N/A,Membership,Spouse/Partner Membership,CPSU - Member,Spouse/Partner: CPSU Official,CPSU,CPSU member,CPSU member owned by spouse/partner"
"cqs","Travel","Other Travel","Travelled to New York City and London as a guest of CQS. They provided travel, some hospitality and accommodation."
"cra","Asset","Other Asset","Savings All,Savings Account"
"crown","Travel,Unknown,Asset","Air Travel,Other,Shares,Other Travel","Hotel room upgrades from Crown from time to time.,Addition,Shareholding in Crown,Two seats at a Chinese New Year event - Crown. Value unknown"
"cs","Unknown","Other","Gift of All Sain vatage Port (1965) by CS value $"
"csa","Liability,Asset","Credit,Other Asset","Credit Card,Savings, Cash Management"
"csbp","Asset","Trust","Family Trust"
"csl","Asset,Unknown","Shares,Other","Shares held by spouse,Shares with NAB Limited and CSL (Dependent Children),Purchase of shares,Held jointly with spouse in SMSF: Australian,Self and Spouse DRR, CSL, NXT,N/A"
"csr","Asset","Shares","Shares ASL LISTED - WES, CSR, SUL, WBC, BLD, WHC, MMS"
"cua","Asset,Liability,Gift","Other Asset,Loan,Mortgage,Entertainment","Savings,Car Loan,MORTGAGE - JOINT WITH SPOUSE PERSONAL LOAN,MORTGAGE- AS ABOVE CREDIT CARD,SAVINGS,Guest of CUA with Mr Prentice at Brisbane Broncos match 2016-08-18,Mortgage - Joint with Spouse, Personal Loan (CUA), Mortgage - As Above, Credit Card (NAB), Dependent Children: N/A,Savings (CUA), Cheque (NAB), Dependent Children: N/A,Mortgage - Joint with partner,Self - Mortgage - Joint with Partner,Spouse/Partner - Mortgage - Joint with Partner"
"cub","Gift","Entertainment","Accepted an invitation from CUB to attend the 2013 AFL Anzac Day lunch and match at the MCG on 25 April 2013.,I accepted an invitation from CUB, for myself and my wife, Maureen, to attend the 2014 AFL Anzac Day Game between Collingwood & Essendon on Friday 25 April 2014 at the MCG. Two tickets and hospitality for my wife and I were provided."
"cuba","Unknown,Gift","Other","Framed Calligraphy printI have retained the above gift and paid the Collector of Public Monies the amount of $55 being for the difference between the allowable limit and the value of the gift,Cuban CigarsI have surrendered this gift from the Ambassador of Cuba to the Department of the Prime Minister and Cabinet."
"cue","Unknown","Other","Voucher from Cue"
"cvb","Asset","Shares,Other Asset","Shares listed as at July 19, 2010,Listed Companies held by Pokana Super Fund"
"cwa","Unknown","Other","N/A"
"cwn","Asset","Shares","Striker SMSF holds shares in – BKL, CWN, QBE, SEK"
"cybg","Unknown,Asset","Other,Shares","Joint,Self,Shareholdings in CYBG,CYBG shares disposed of"
"cyca","Membership","Other Membership","Gift of membership of CYCA"
"dalby","Asset","Shares","Self: Dalby, Investment,Spouse: Dalby, Investment"
"dansu","Gift","Entertainment","I am writing to advise you that my wife and I attended an AFL match on Sunday July 30 as guests of Dansu.,My wile & I attended an AFL game as a guest of Dansu."
"dassh","Travel","Other Travel","On 25 September I travelled from Perth to Sydney to speak at the 2019 Annual Deans of Arts, Social Sciences and Humanities (DASSH) Conference hosted by DASSH. Cost of return economy airfares - $688.48. One night accommodation - $180. Transfers as required."
"dbjp","Asset","Other Asset","Item 7:- 3G Natural Resources Offshore Fund (self), GYLD (Wilcrow), DBJP (self) - ADDITION"
"dcns","Unknown","Other","1/400 scale model of Shortfin Barracuda, Value: $500"
"ddt","Unknown","Other","ALL OWNED BY SPOUSE/PARTNER: DDT"
"dexus","Unknown","Other","N/A"
"doha","Travel","Other Travel","Free of charge upgrade to a suite at the St Regis Hotel, Doha, Qatar."
"dough","Asset","Real Estate","Sponsorship of goods (paint, cleaning supplies, storage) and refreshments for community graffiti removal clean up drive"
"drr","Unknown","Other","Self and Spouse DRR, CSL, NXT"
"dubai","Travel","Other Travel","Free of charge upgrade to a suite at the Conrad Hotel, Dubai, UAE.,Lunch at the Madinat Jumeirah Hotel, Dubai, provided by the Madinat Jumeirah Hotel, Dubai, 30 November 2010. One night accommodation at the Intercontinental Hotel, Sydney, provided by Intercontinental Hotel, Sydney, 18 January 2011. Room upgrade at the Intercontinental Hotel, Sydney, provided by Intercontinental Hotel, Sydney, 19 January 2011."
"dulux","Asset","Real Estate","Sponsorship of goods (paint, cleaning supplies, storage) and refreshments for community graffiti removal clean up drive"
"dxs","Unknown","Other","Addition"
"eas","Gift","Other","EAS Leaders Yellow PinI have surrendered the gift to the Department of the Prime Minister and Cabinet."
"ebay","Asset,Unknown,Gift,Travel","Real Estate,Other,Entertainment,Other Travel","Two complimentary tickets for my wife Kylie Bradbury and myself to attend the Mid Winter Ball on Wednesday, 27 June 2012 in the Great Hall, Parliament House. The hospitality was provided by eBay and PayPal.,On 19 June my wife Bridget and I attended the MidWinter Ball as guests of Ebay and PayPal.,EBAY (Spouse),2 x tickets to the Midwinter Ball, guest of eBay,2 tickets from eBay to the Midwinter Ball (Self & Spouse),Two tickets to the 2018 Midwinter Ball (from eBay),Mid Winter Ball - EBay (ADDITI..."
"edd","Unknown","Other","Item 1 (a),Listed Companies held by Wilcrow Pty Limited,Item 7:- EDD (Turnbull & Partners Pty Ltd), GYLD (Turnbull & Partners Holdings Pty Ltd), HEDJ (Turnbull & Partners Holdings Pty Ltd), SPY (Turnbull & Partners Holdings Pty Ltd) - ADDITION"
"edv","Unknown","Other","Held jointly with spouse in SMSF: Australian,N/A"
"emb","Unknown","Other","Item 1 (a),Listed Companies held by Self"
"emmg","Asset","Shares","EMMG Betashares martin.currie emerg markets fund"
"eos","Asset","Shares","Sebastian JOYCE (son), Trust fund purchased shares in EOS (Electro Optic Systems Hldg Ltd)"
"escap","Gift","Other Gift","I have received an allowance to meet expenses incurred whilst preparing a report for ESCAP on a growth agenda for development in the Asia-Pacific Region."
"espn","Gift","Entertainment","SPOUSE: FINALISED EMPLOYMENT WITH ESPN (JULY 2012)"
"esr","Asset","Shares","SHARES"
"esss","Asset","Other Asset","Superannuation, Spouse"
"eta","Unknown","Other","N/A"
"etc","Asset","Other Asset","The usual saving and cheque accounts"
"ethi","Asset,Unknown","Shares,Other","ETHI Betashares Gib Sustainability Ldrs ETF,Index funds While these were held as of 11 April 2022, my spouse and I have since divested of these holdings."
"ethr","Asset","Shares","Family investment in the following index funds jointly held with my wife FAIR, ETHR, VAS, VHY and VESG."
"euroa","Asset","Real Estate","Spouse/partner; Farm/Veterinary Clinic/Residential"
"ewm","Asset","Other Asset","Managed Funds and Fixed Interest Securities"
"ewz","Unknown","Other","Item 1 (a),Listed Companies held by Self"
"ex20","Asset","Shares","EX20 Betashares Aus EX20 Port Diversifier ETF"
"ey","Gift","Hospitality","1 x dinner at EY Perth, courtesy of EY, estimated value $150."
"fair","Asset,Unknown","Shares,Other","Family investment in the following index funds jointly held with my wife FAIR, ETHR, VAS, VHY and VESG.,Index funds While these were held as of 11 April 2022, my spouse and I have since divested of these holdings."
"fang","Asset","Shares","Acquisition of FANG, NEA, APT shares."
"fb","Unknown","Other","Item 1 (a)"
"fbu","Unknown","Other","Deletion"
"ffa","Travel","Other Travel","12/08/2023 - 3 x Tickets to FIFA Womens World Cup (Australian vs France) Brisbane courtesy of FFA/FIFA"
"fiami","Asset","Shares","Shareholding in Public & Private Companies - Additions"
"fifa","Gift,Travel,Unknown","Entertainment,Other Travel,Other","26 July 2023 Matildas Flag and Pin, Matildas Scarf from,Tickets and Hospitality - 7 August 2023 - Australia v Denmark World Cup match courtesy of FIFA,Tickets and Hospitality - 19 August 2023 - Australia v Sweden World Cup match courtesy of FIFA,2 x FIFA Suite tickets for 2023 FIFA Women's World Cup Australia v Sweden match in Brisbane as a guest of FIFA,Guest of FIFA (Two tickets) to FIFA Women's World Cup match at Perth Rectangular Stadium on 22 July 2023. Value unknown.,Guest of FIFA (Two tic..."
"findi","Unknown","Other","Spouse"
"fm","Unknown","Other","Paula Lindsey (wife).. Pardore of stars in FM"
"fmg","Asset,Unknown","Real Estate,Other,Shares","onsite accommodation at the 'Cloudbreak' mine,- Pardore of stover - FMG,Purchase and sale of all shares - Owned by Paula Lindsey - wife,Paula Lindsey (Wife)-Parcerer Scale of All slower,My wife holds FMG shares as part of her remuneration package."
"fogs","Gift","Entertainment","Ticket for myself and one staff member at the Brisbane Broncos vs Titans NRL Match on Friday 17 May 2013 with hospitality provided by FOGs for which I am a patron"
"frsa","Unknown","Other","I received a Parker Pen from FRSA valued at $35"
"fsu","Unknown","Other","member"
"fte","Unknown","Other","Listed Companies held by Self"
"funds","Unknown","Other","Held jointly with spouse in SMSF"
"g20","Gift","Hospitality","Gift- Merchandise bag with water bottle and sanitiser from G20. Approx value $30"
"gaicd","Membership","Other Membership","Membership - Spouse/partner"
"gavi","Travel","Other Travel","Trip to Papua New Guinea with Save the Children, the Global Fund and Gavi. Sunday 15 January to Friday 20 January."
"gd","Asset,Unknown","Real Estate,Other,Shares","ADDITION: I am providing additional information that I own a 50% interest in GD & SB Pty Ltd which is the trustee for the Buchholz Dowling Unit Trust of which the sole asset is a vacant block of residential land in Dalby, Qld,Self,Shareholding in GD & SB Pty Ltd"
"ge","Liability,Asset","Other Liability,Shares,Loan,Credit","Storecard,Shares in GE (Spouse/partner),Home Loan, Line of Credit, Credit Card, Personal Loan with CBA and GE,Credit Cards (Self)"
"gem","Unknown","Other","Deletion"
"gesb","Asset","Other Asset","GESB FIRST NATIONAL PARLIAMENTARY CONTRIBUTORY SUPERANNUATION SCHEME,Self,SUPERANNUATION WITH LIFE INSURANCE"
"gic","Asset","Other Asset","UK bank accounts and investments of spouse/partner"
"gin","Gift","Hospitality","12 x bottles of GIN"
"gopio","Travel","Other Travel","Attendance at GOPIO Malaysia January 2011. My travel, accommodation and hospitality were sponsored by GOPIO."
"gpiix","Asset","Other Asset","Item 7:- GPIIX (self and spouse) - DELETION"
"gprix","Asset","Other Asset","Item 7:- GPRIX and Elbrook Offshore Fund (self and spouse) -ADDITION"
"gvk","Gift","Other Gift","On Friday 8 February 2013 I was given a cap and a pen by GVK."
"gwa","Unknown","Other","Held jointly with spouse in SMSF: Australian"
"gwr","Asset,Unknown","Shares,Other","The following ASX listed shares and Investment notes removed,Deletion"
"gxl","Asset","Shares","Shareholding in GXL"
"gyld","Unknown,Asset","Other,Other Asset","Item 7:- EDD (Turnbull & Partners Pty Ltd), GYLD (Turnbull & Partners Holdings Pty Ltd), HEDJ (Turnbull & Partners Holdings Pty Ltd), SPY (Turnbull & Partners Holdings Pty Ltd) - ADDITION,Item 7:- 3G Natural Resources Offshore Fund (self), GYLD (Wilcrow), DBJP (self) - ADDITION"
"hanif","Gift","Decorative","Handcrafted artwork in frame"
"hedj","Unknown","Other","Item 7:- EDD (Turnbull & Partners Pty Ltd), GYLD (Turnbull & Partners Holdings Pty Ltd), HEDJ (Turnbull & Partners Holdings Pty Ltd), SPY (Turnbull & Partners Holdings Pty Ltd) - ADDITION"
"hesta","Asset","Other Asset","Superannuation (Spouse),Delete HESTA assets from list of assets held by my spouse. Superannuation consolidated into First State Super,Superannuation,Superannuation Account,Superannuation & Life Insurance Policy,Managed funds"
"hjpn","Asset","Shares","HJPN Betashares Japan ETF- Currency"
"home","Asset","Real Estate","Home Nerang, family home"
"hota","Asset,Travel","Real Estate,Other Travel","Tickets and hospitality Deadly Hearts Performance, Home of the Arts Gold Coast (HOTA) - Guests of HOTA,Tickets x 2 and hospitality ""Sounds of Wanderlust"" guest of HOTA,Tickets x 2 - Sleeping Beauty Ballet guests of HOTA"
"house","Asset","Real Estate","BEACH HOUSE,INVESTMENT PROPERTY,Family Residence,Second Family Residence,Investment Property"
"hsbc","Liability,Asset","Credit,Other Asset,Mortgage","Credit Card,Transaction and savings account,Mortgage on residential property,Offset account,Add Savings HSBC,Savings various of spouse/partner,Credit Cards,Various Individual and Joint accounts with spouse"
"hsu","Unknown","Other","Unknown"
"hub24","Asset","Other Asset","Superannuation"
"humm","Liability","Loan","Loan with Humm for Home Improvements"
"huntr","Unknown","Other","+HUNTR - Running gear"
"hvn","Asset,Unknown","Shares,Other","Shareholding in HVN,Purchased - SIV, PTM, MVF, HVN,Deletion"
"hyatt","Membership","Other Membership","Platinum Membership of Hyatt Gold Passport"
"hyg","Unknown","Other","Item 1 (a),Listed Companies held by Self"
"iag","Asset","Shares","Shares in IAG,N/A,Shares in IAG, Lend Lease, NAB, Wesfarmers, Woodside and joint shareholding with spouse in CBA (public companies). Share in Elysium Pty Ltd (private company). Shares in IAG, Telstra and joint shareholding as above (public companies). Share in Elysium Pty Ltd (private company),Shareholdings in public and private companies,Shareholding in IAG,Shares in public company IAG (Spouse),Shares in public and private companies,Self,IAG Shares,IAG,Shares in IAG, Lend Lease, NAB, Wesfarmers..."
"ial","Unknown","Other","Unknown"
"iap","Unknown","Other","Held jointly with spouse in SMSF: Australian,IAP, Lynas Rare Earths LTD, NXT, RF1.ASX, WOT, KKC.ASX, AMY001TSSANDAL (liquated)"
"ibis","Travel","Other Travel","Accommodation donated by Ibis 8th April $96.47"
"ibm","Gift","Entertainment","IBM tickets to the Australia 5th Ashes Test Match on 3 January."
"icjp","Travel","Other Travel","2 nights Accomodation David Citadel hotel"
"ifl","Unknown","Other","IFL"
"ifpux","Asset","Other Asset","Item 7:-IFPUX (self & spouse) - DELETION"
"ig","Unknown","Other","Spouse - Managed Fund,Managed Fund. Spouse"
"igk","Asset","Shares","Shares in IGK"
"iluka","Unknown,Asset","Other,Trust","Long term holdings from deceased Estates (grandmother and mother),Held in trust for my daughter in my capacity as Executor and Trustee of my mother's Estate,N/A"
"ing","Asset,Liability,Unknown","Other Asset,Loan,Mortgage,Credit,Other,Other Liability","Savings,Loan from ING secured over home in Roseville,Mortgage,Savings (Spouse),Closed ING savings account,SUPERANNUATION,Savings Account for Self,Savings account (Spouse),Savings account,Savings Account,SAVINGS ACCOUNT (Spouse),Personal saving,Isabella Savings Account,Harvey Savings Account,Georgia Savings Account,Self: Joint savings account,ING Integra Superannuation fund; Holden Astra,Saving account,Saving account - Spouse,ING, Savings a/c with ING. Cheque. Super,Mortgages,Mortgage Offset Acco..."
"inpex","Travel,Unknown","Other Travel,Other","Certain costs in relation to an INPEX operations tour - Perth, Broome and Darwin, October 2018. INPEX paid for some ground and related transport, and some meal costs.,1 x Glass cube with vile of condensate, approx. value $16 received on Thursday 4th April 2019.,On Wednesday 4 November I participated in a tour via boat of Ichthys LNG facility. This tour was provided by INPEX."
"iol","Asset","Shares","Shares held by spouse"
"ioof","Asset","Shares,Other Asset","IOOF Employer Superfund, including various direct investments and term deposits,Shares in IOOF,Deletion of IOOF shares,Superannuation account established with IOOF.,Superannuation - Spouse/partner"
"ipa","Unknown","Other","N/A"
"ipac","Travel","Other Travel","Return flights to Washington D.C. to attend IPAC (Inter-Parliamentary Alliance on China) conference in September 2022 (reimbursement received Jan 2023), courtesy IPAC.,Inter-Parliamentary Alliance on China (IPAC) Conference, Sept 2022, 3 nights accommodation for conference in Washington D.C., courtesy of IPAC."
"iph","Unknown","Other","Addition"
"ipt","Asset,Unknown","Shares,Other","Attachment # 1 Shareholdings in public and private companies,Shares (Attachment #1),Attachment #1"
"issac","Asset","Shares","Evolution and Oceanagold Shares"
"isuzu","Gift","Entertainment","2 x tickets to 2024 A-League Final from Isuzu"
"ivv","Unknown","Other","IVV - self and spouse"
"jag","Unknown","Other","N/A"
"jean","Unknown","Other","1 x ""Billy Graham – An Extraordinary Journey"" DVD Given to me by Jean at a street stall on 26 June 2021."
"jng","Asset","Other Asset","Savings"
"johor","Asset","Real Estate","Family home"
"kerry","Travel,Asset","Other Travel,Other Asset,Real Estate","Flights Perth - Broome - Sydney Accommodation Broome WA 14-17 August,Flights Canberra – Broome- Sydney
13 August and 16 August 2015
1 x Corporate Ticket to Broome Cup Racing Carnival
15 August 2015,Accommodation Broome
13-15 August 2015"
"kew","Asset","Shares,Real Estate","Investment,Residential investment"
"kimba","Unknown","Other","Agricultural Land"
"kmart","Unknown","Other","Gift of Christmas Decorations for Kmart Wishing Tree from Kmart valued at $677 on 7 November."
"kpg","Asset","Shares","Sale of shares"
"kpmg","Asset","Other Asset","Guest of KPMG - Couta Boat Classic at Sorrento, Monday 5 January. Hospitality for self and spouse.,KPMG 2016 Couta Boat Classic Event with guest on 4 January 2016.,KPMG Superannuation"
"lag","Gift","Entertainment","On Saturday 4 November 2017 I received tickets from LAG to attend Derby Day in Melbourne. The tickets included hospitality."
"lc","Membership","Other Membership","Self - L.C. and S.A. Buchholz."
"lexus","Asset","Other Asset","Spring Racing Carnival Tickets:  3 and 6 November 2018"
"lgaq","Gift","Hospitality","1 x bottle of wine and coffee keep cup – received from LGAQ on Monday 21st June 21 – valued at $30"
"lhpp","Membership","Other Membership","with LHPP (property development)"
"lion","Gift,Unknown,Asset,Travel","Hospitality,Other,Other Asset,Entertainment,Other Travel,Real Estate","Accepted hospitality of Lion on Cup Day, Tuesday 6th November at their marquee at Flemington Race Course Melbourne,Guest of Lion, Press Club Ball, 19 June 2013,Spring Racing - Carnival Tickets - 3rd Nov,Seasons Greetings food tray. Approximate value $75, Thursday 17 December 2015.,Self and guest attendance at 2017 Melbourne Cup. Guests of Lion and Tabcorp,Spring Racing Carnival tickets - 1st November,State of Origin Game 3 Match with Lion (x2 tickets in corporate box) on 11 July 2018 in Brisbane..."
"lions","Unknown","Other","Member"
"lll","Asset","Other Asset","E-C TRUSS & sons has a savings account,Savings account"
"lltk","Membership,Asset","Other Membership,Trust","Hold Eight H Trust,LLTK, Hold Eight H Trust - DELETED"
"lnp","Travel,Membership","Other Travel,Other Membership","Charter travel in Far North Queensland as arranged by,King Air Supplied by LNP
18-8-10 Biloela to Mackay
20-8-10 Gladstone to Toowoomba,LNP, various clubs, groups & organisations around electorate of Brisbane which do not pose a conflict of interest, patron of New Farm Neighbourhood Centre, run by Communify, National Retail Association,Self: LNP,Member of the LNP,Self,Spouse/partner,Dependent children,Spouse - Membership of LNP,Member"
"loans","Asset","Other Asset","General Savings Accounts"
"lorne","Asset,Gift","Real Estate,Entertainment","Self; Holiday House (occasional rental),Tickets to Falls Festival, Lorne for self and guest on Saturday 28 December 2019."
"lqd","Unknown","Other","Item 1 (a),Listed Companies held by Self"
"lucrf","Asset","Other Asset","Superannuation (Spouse),Superannuation and Cash deposit(s) for self"
"lyc","Unknown,Asset","Other,Shares","Item 1 (a),In preparation for joining the Executive, I have sold my interests in the following shares: AOU, C6C and LYC. I therefore understand that all remaining shares held in my name are aggregate economy-wide ETFs.,N/A"
"made","Unknown","Other","Lucy Hughes Turnbull AO ceased to be a patron of the Museum of Australian Democracy at Eureka (MADE)"
"mbf","Unknown,Asset","Other,Shares","Life Insurance (Self),Life Insurance (Spouse)"
"mc","Asset","Shares","Shares (Dependent Children)"
"mcc","Gift","Entertainment","Liberal Party of Australia (Victorian Division); Member of various local community groups and organisations within the electorate of Casey which do not pose a conflict of interest,Carlton Football Club, MCC Member, RACV, Liberal Party of Australia (Victorian Division), Pontiac Car Club of Australia, Union-University and Schools Club, Sydney, Melbourne University, Liberal Club (life member), Member of various local community groups and organisations within the electorate of Casey such as; Croydon..."
"mcg","Unknown","Other","Guest at MCG corporate box on two occasions."
"mcri","Unknown","Other","2 glass vases - MCRI Farewell Gift for 25 years service - August 28 2019"
"me","Asset","Other Asset","Savings Account,Savings account"
"mea","Asset","Shares","Sale of shares"
"mech","Asset","Other Asset","Spouse: Multipurpose"
"mecu","Asset","Other Asset","Multipurpose,Savings"
"meta","Asset","Shares","Meta shares,For clarity update made on 3 June regarding the purchase of Meta shares for my spouse"
"mfc","Unknown","Other","N/A"
"mffo","Unknown,Asset","Other,Other Asset","Listed Companies held by Self,Listed Companies held by Pokana Super Fund"
"mgc","Asset","Shares","Paula Lindsey Sale of shares"
"mgf","Unknown","Other","MGF, MGFO, MGOC, MAET, PIM4432AU"
"mgs","Unknown","Other","Speakers Honorarium for MGS Community Forum event - donated directly by MGS to Stonnington Toy Library"
"miami","Asset","Real Estate","Residence"
"mich","Unknown","Other","MICH Magellan Infra Fund Curr Hedged ETF"
"micsx","Asset","Other Asset","Item 7:- MICSX (self and spouse), VGK (Wilcrow Pty Ltd) - DELETION"
"mio","Asset","Other Asset","Retirement/ Superannuation Fund, USA with MIO"
"ml","Asset,Unknown","Shares,Other","Shares (Spouse),Beneficial interest (Dependent Children)"
"mlb","Asset,Unknown","Shares,Other,Other Asset","Shares listed as at July 19, 2010,Spouse shares listed as at July 19, 2010,Listed Companies held by Spouse,Listed Companies held by Wilcrow Pty Limited,Item 1. MLB (spouse and Wilcrow Pty Ltd) DELETION,Superannuation Fund"
"mlc","Asset,Unknown","Other Asset,Other","Investment Fund,Investment & Death Policy Savings,Superannuation fund,SUPERANNUATION,Superannuation - MLC,Superannuation (MLC),Managed Fund (MLC) for Spouse (Laura Chalmers),Income Protection Insurance policy,Managed Fund x 2,Managed Fund (Spouse),Superannuation,Life Assurance within Super,Superannuation (spouse),Life Assurance within Super (spouse),Managed Fund,Managed Super Fund,Managed Super Fund - Spouse/partner,MLC Cash Fund,Vanguard International Shares Index Fund,MLC Wholesale Australian ..."
"mm","Unknown,Asset,Membership","Other,Shares,Other Membership","see attached list,Macquarie Cash Management Trust, Wealthwrap Bank, Aviva Investors High Growth Share Fund, Cfs Ws 452 Australian Share Fund, Goldman Sachs Jbwere Aust'n Infrastructure Wsale, Gvi Global Industrial Share Fund, Perpetual Wholesale Property Securities, Australia & New Zealand Banking Group Limited, Australian Foundation InvestmentCompany Limited, Bhp Billiton Limited, Commonwealth Bank of Australia, Global Mining Investments Limited, Macquarie Group Limited, Qbe Insurance Group Lim..."
"mms","Asset","Shares","Shares ASL LISTED - WES, CSR, SUL, WBC, BLD, WHC, MMS"
"mnd","Unknown","Other","buert yeaper @ MND Bibreeze Lund M C G 84 Tichest to March"
"moana","Asset","Real Estate","20% interest - holiday home,20% Interest - Holiday home"
"moy","Asset","Shares","Shareholding in MOY"
"mpl","Asset","Other Asset","Superannuation Fund"
"mqg","Asset","Shares","Shareholding in MQG,Purchase of shares in family trust,Purchase of shares"
"mrc","Unknown","Other","N/A"
"mrma","Unknown","Other","Unknown"
"msbs","Asset","Other Asset","Life Insurance with ALI Group (including trauma cover) (joint with spouse), Military Super (MSBS), Australian Super Fund"
"mtc","Gift","Entertainment","MTC tickets x2 used by staff on 20.1.2023"
"mumm","Asset","Other Asset","Spring Racing - Carnival Tickets - 3rd Nov,Spring Racing Carnival tickets - 1st November,2012 Melbourne Cup Spring Racing Carnival Derby Day - Complimentary tickets to the James Boag and Mumm Marquees. I was accompanied by my wife, Estee."
"mvf","Unknown","Other","Purchased - SIV, PTM, MVF, HVN"
"mxupa","Unknown,Asset","Other,Other Asset","Item 1 (a),Listed Companies held by Wilcrow Pty Limited,Managed Funds and Fixed Interest Securities"
"myer","Travel,Unknown,Asset","Other Travel,Other,Shares","Daughters, Frances and Bridget, accepted the hospitality of Myer to attend their Autumn/Winter Fashion Launch in Melbourne,Spouse,487 SHARES,Spouse/partner holds shares in Myer,Spouse has shares in Myer,Spouse/partner"
"myjet","Travel","Other Travel","Flight provided by MyJet from Ballarat to Bendigo Tuesday 16 April 2013,Flight provided by MyJet from Bendigo to Canberra Wednesday 17 April 2013"
"myola","Asset","Shares","Investment (Joint with spouse),Investment (Joint with spouse) (Spouse/partner)"
"myr","Asset","Shares","Sale of shares"
"mys","Unknown","Other","N/A,Spouse/partner"
"n aqc","Unknown","Other","N/A"
"na","Asset,Gift,Unknown,Income,Membership,Liability,Travel","Real Estate,Other Gift,Other,Hospitality,Other Income,Other Asset,Other Membership,Shares,Mortgage,Entertainment,Professional,Electronics,Decorative,Salary,Other Travel,Other Liability,Trust,Air Travel,Loan,Credit","FORESTVILLE, NSW - RESIDENCE,ENTRY TO THE PORT MACQUARIE IRONMAN 2010,NIL KNOWN,bottle of St Henri Shiraz - value unknown,Sold personal racing bicycle for $5,500 and amount donated to Grantham Flood Recovery Fund,A motor vehicle for use by my daughter Bridget.,I have received a small payment as an author of published works that have attracted a copyright fee.,A painting that will hang in my Sydney office,A book on the history of the Lorne Surf Lifesaving Club which is in the reception area of my..."
"nab","Liability,Asset,Travel","Mortgage,Other Asset,Shares,Other Liability,Loan,Other Travel,Credit","Flexi Plus Mortgage,Savings Account,ITEM 11 2x AFL GRANDFINAL TICKETS,Four tickets for myself and three staff to attend the National Press Club Address delivered by the Prime Minister on Thursday 11 July 2013 courtesy of NAB,Savings / cheque Account,Term Deposit,Visa,mortgage,Mortgage - Cessnock (Residence). Mortgage - Cessnock (Business Private). Mortgage - Nulkaba-land. Spouse: Mortgages as above. Dependent Children: Car Loans,NAB Savings Account (Husband),Mortgage on home,Savings a/c (held in..."
"nag","Asset","Other Asset","ISAVER ACCOUNT - Self"
"nato","Travel","Other Travel","Economy return flights to Brussels. Accommodation for three days,Part of a delegation to NATO headquarters in Brussels from 24-28 March, 2012. Included flights, accommodation, hospitality and transfers.,13: NATO/SHAPE Visit 26-28 March 2012 to support the framework of NATO'S widening cooperation with Partners Across the Globe, The Public Diplomacy Division and delegation members taking part in an information briefing program. Sponsored by NATO HQ including payment for economy flights; accomodati..."
"nba","Asset","Shares","Shares held by spouse"
"nbl","Unknown","Other","Globall Basketball and personalised ball from NBL"
"nea","Asset","Shares","Acquisition of FANG, NEA, APT shares."
"nexus","Travel","Other Travel","1 Ticket - PM's address to the Press Club - Guest of Nexus - Value $120"
"nfl","Gift","Entertainment","I attended the NRL Grand Final in Sydney with my daughter, Frances, as a guest of the NFL."
"nga","Unknown","Other","N/A"
"nhc","Unknown","Other","NHC"
"nib","Asset,Unknown","Shares,Other","NIB shareholding,Self,NIB,NIB Shares sold on 29/7/19,Spouse/partner"
"nic","Unknown","Other","Beneficial interest,Beneficial interest (Spouse)"
"nida","Gift","Entertainment","30 October 2023 Splendour 2 tickets"
"nil","Membership","Other Membership","Self"
"nine","Travel,Gift","Other Travel,Entertainment","My wife and I were guests of Nine at the Men's Singles semi-final 2020 Australia Open.,My wife and I were guests of Nine at the Australian Open Men's Final 2022,Tickets and hospitality for self and spouse to The Logies as guests of Nine on Sunday 19 June 2022,Ticket to Australian Open Night Session (Day 14),Ticket with hospitality - Australian Open 22/1/2025"
"nly","Unknown","Other","Item 1 (a),Listed Companies held by Self,Listed Companies held by Wilcrow Pty Limited,Item 1:- NLY (MB Turnbull Pty Ltd) - ADDITION"
"north","Asset","Other Asset","Superannuation Fund (Self) & Pension Plan,Managed Fund"
"npc","Unknown,Membership","Other,Professional","N/A,Patron various community based organisations; Councillor - Cessnock City Council"
"nrl","Gift,Asset,Travel","Entertainment,Shares,Other Travel","I attended the NRL Grand Final as a guest of the NRL accompanied by my daughter, Frances.,Tickets from the NRL to the Grand Final at the ANZ Stadium.,Was a guest of the NRL at the Grand Final.,Two NRL 2013 Gold Passes for myself and Melissa Babbage,Three NRL 2013 Season Passes for my children,NRL TICKETS,Three tickets from the NRL to attend official dinner and game for the State of Origin (Game 2) in Sydney (13 June 2012),NRL Suit Pack from a dinner hosted by the NRL at Parliament House on 25 Ju..."
"nrma","Gift,Unknown,Asset","Hospitality,Entertainment,Other,Shares,Electronics","Was a guest of NRMA at the Australia v India Cricket Test at the SCG.,Received tickets to Prince as a guest of the NRMA.,Tickets to the Justin Bieber concert which was held in Sydney on 28 April, 2011. Mr Chris Siorokos from NRMA provided the tickets.,N/A,Guest of the NRMA at the Ashes Cricket Test Series on the 5th January 2014,Concert x 2 tickets,Shareholding in NRMA,Guests of the NRMA at the Australia -v- England Ashes Test match in Sydney, which included tickets and hospitality in the form o..."
"nsw","Unknown,Asset,Membership","Other,Other Asset,Real Estate,Other Membership,Professional,Shares","Suzanne Laundy,The Laundy Family Super Fund,Residential,Residential (with spouse),Membership,Honorary Membership of the South Metropolitan Regional Scout Council, NSW,Honorary Membership,Spouse/partner, Residential,Holiday House / Investment,Holiday House / Investment of spouse/partner,Estate Asset,Home and Farm,Residential investment,Residence (Spouse),Investment/Residence (Spouse),Deletion of House, Investment (Wilcrow Pty Limited),Patron various community based organisations; Councillor - Ces..."
"nt","Membership","Other Membership","I would like to declare that I have renewed my membership with ABC Friends SA/NT for the 2021/2022 financial year."
"nteu","Unknown","Other","N/A"
"nxt","Unknown","Other","Held jointly with spouse in SMSF: Australian,Self and Spouse DRR, CSL, NXT"
"oecd","Travel","Other Travel","From OECD: Stipend for travel to Paris to make a presentation at the OECD-NBER Conference on Productivity Growth and Innovation in the Long Run"
"okuno","Travel","Other Travel","Gifts during North Asia visit (Minister for Water Resources CHEN Lei, Minister Administration of Quality Supervision, Inspection and Quarantine ZHI Shuping, Minister for Agriculture HAN Changfu, Korean Minister for Agriculture, LEE Dong Phil, Head of JA Zenchu – OKUNO, CHOE, Minister for Agriculture MORIYAMA, Hiroshi)"
"optus","Travel,Gift,Asset","Other Travel,Entertainment,Shares","On 7 July 2012 I attended Disney on Ice in Melbourne with my wife and children as a guest.,I attended the 2013 Australian Open on January 27, 2013 for the Men's Final evening tennis session and hospitality with my wife, Kate, as guests of Optus.,Provided two complimentary tickets to attend the Australian Open tennis men's semi-final on the evening of Friday 25 January, 2013.,23 March 2013 my wife and I received tickets from Optus to the Western Sydney Wanderers game at Parramatta Stadium.,Attend..."
"ore","Unknown","Other","Listed Companies held by Self"
"orica","Asset","Shares","Purchase for self & spouse ORICA shares 18/12/14"
"orl","Gift","Hospitality","Guest of ORL State of Origin naming dinner 19 May"
"osh","Asset","Shares","Shareholding in OSH"
"oxfam","Membership","Other Membership","Self"
"p 500","Asset,Unknown","Shares,Other","Shares,N/A"
"p2p","Asset","Shares","All escrowed shares in my name or the names of my wife and children, both investment companies and SMSF are being placed in a structure that is independent of me where I have no control of investment decisions and where they are externally professionally managed (blinded as Trust structures)."
"pall","Unknown","Other","Listed Companies held by Self"
"paris","Asset","Real Estate","Accepted three nights' accommodation at the Hotel Orsay, Paris."
"pdi","Unknown","Other","Item 1 (a),Listed Companies held by Wilcrow Pty Limited,Item 7:- PDI (Turnbull & Partners Holdings Pty Ltd) VHT (Self) -ADDITION"
"penna","Asset","Real Estate","Residential"
"perth","Gift","Hospitality","ADDITION: Lunch Nobu Restaurant Guest of Crown Resort, Perth, 31 March 2015"
"pff","Unknown","Other","Item 1 (a),Listed Companies held by Self,Listed Companies held by Wilcrow Pty Limited"
"pfxf","Unknown","Other","Listed Companies held by Wilcrow Pty Limited"
"pga","Gift","Hospitality","31st Hall of Fame Induction Sport Dinner in Melbourne Guest of PGA (Wednesday 21 October 2015)"
"plum","Asset","Other Asset","Superannuation Account"
"pon","Asset","Shares","Shares held by spouse"
"prr","Asset,Unknown","Shares,Other","Spouse shares listed as at July 19, 2010,Listed Companies held by Spouse"
"prro","Unknown","Other","Listed Companies held by Spouse"
"pss","Asset","Other Asset","SUPERANNUATION - PSS,PSS Superannuation,SUPERANNUATION - PSS, AUSTRALIAN SUPER, TOWER,Superannuation,Superannuation accounts with Australian Super and PSS (Spouse/partner)"
"pssap","Asset","Other Asset","Superannuation"
"ptm","Unknown","Other","Purchased - SIV, PTM, MVF, HVN,Deletion"
"pwc","Asset,Unknown","Other Asset,Other","Hospitality - 2 x guest tickets for PwC Trackside Enclosure - 29 October 2022 - Melbourne Spring Racing Carnival; Hospitality - 2 x guest tickets for Melbourne Racing Club - Peninsula Cup - Mornington Racecourse - 30 October 2022,Partner / Spouse income: retired partner pension"
"qan","Asset,Unknown","Shares,Other","Shareholding in QAN,DISPOSED,Purchase of shares in family trust"
"qatar","Travel","Other Travel","Upgrade to business class on Qatar flight Athens - Doha,Free of charge upgrade to a suite at the St Regis Hotel, Doha, Qatar."
"qbank","Asset","Other Asset","Savings account,Savings Accounts"
"qbe","Unknown,Asset","Other,Shares","N/A,Shares in public and private companies,Shareholding in QBE,QBE,Joint,Shareholdings in QBE,Striker SMSF holds shares in – BKL, CWN, QBE, SEK"
"qbyan","Liability","Mortgage","Mortgages - QBYan, Ballina, Nowra"
"qcb","Liability,Asset","Mortgage,Other Asset","Mortgage on investment property,Savings account"
"qld","Asset,Unknown,Membership","Real Estate,Other,Shares,Other Membership","Family home,Spouse/partner Family home,Houses/Units/Land, Commercial Buildings, Residential/Investments,spouse/partner; Residential/investment,Houses/Units/Land, Commercial Buildings, Restaurant, Residential/Investments,Houses/Units/Land, Residential/Investments,Returning Member declaration: Real estate owned in Prince Henry Heights, Toowoomba, QLD,Returning Member declaration: Real estate investment in Prince Henry Heights, Toowoomba, QLD,Residential (Spouse/partner),Investment (Spouse/partner)..."
"qotor","Unknown","Other","Penfolds shiraz RWT, retail volkle cyрох $160 from Qotor as nevler of Hight category"
"qpac","Gift,Income","Entertainment,Other Income","2 tickets to Aladdin musical from QPAC.,Gift to spouse in her work capacity, attended ""Book of Mormon"" at QPAC on 05 January 2020"
"qpcu","Asset,Liability","Other Asset,Loan","Savings A/C, Savings,Loan, Overdraft,SAVINGS,Spouse - SAVINGS,Savings Accounts,Savings Accounts - Spouse"
"qraa","Liability","Mortgage","Mortgage"
"qsml","Unknown","Other","QSML Vaneck Vect MSCI Int small comp QTY ETF"
"qtic","Gift","Entertainment","2 x tickets from QTIC to the Queensland Tourism Awards 2021"
"raaa","Gift","Other Gift","Presented with a cheese knife by the RAAA."
"rabo","Liability","Loan","PROPERTY LOAN"
"rac","Gift","Entertainment","2 off for concert on 21/3/15 at Perth Arena (Rod Stewart Concert Tickets hosted by RAC),2 x Corporate Suite tickets to Broadway to Oz Concert on Tuesday 15 December 2015 at Perth Arena, Perth.,Tickets and hospitality provided by the RAC to myself and my husband to attend the final of the 2019 Hopman Cup on 5 January 2019. Tickets valued at $113.75 each.,Tickets provided by the RAC to myself and my wife to attend the final of the 2019 Hopman Cup on 5 Janurary 2019 in their corporate suite.,Gift o..."
"raca","Unknown","Other","N/A"
"racgp","Unknown","Other","Spouse/partner - Fellow of the RACGP,RACGP,Spouse/partner"
"racha","Gift","Entertainment","HOSPITALITY + 1 TICKET - BRUCE SPRINGSTEEN - GUEST OF RACHA 22/2/17"
"racp","Unknown","Other","N/A"
"racq","Gift,Unknown,Asset","Entertainment,Other,Other Asset","Guest of the RACQ at the Wallabies -v- British and Irish Lions International Rugby Union game in Brisbane, which included tickets and hospitality in the form of food and drinks.,Member,Spouse/partner: Savings,Attended Australia France Rugby Union Test in Brisbane 7-6-14 as guest of ARU and RACQ"
"racu","Liability","Loan","Car loan (Spouse)"
"racv","Gift","Entertainment","Carlton Football Club, MCC Members, RACV, Liberal Party of Australia (Victorian Division), Pontiac Car Club of Australia, Union-University and Schools Club, Sydney, Life Member, Melbourne University Liberal Club, Croydon Sub-Branch RSL, Honorary Member of Eastwood Golf Club, Croydon Chamber of Commerce,Liberal Party of Australia (Victorian Division); Member of various local community groups and organisations within the electorate of Casey which do not pose a conflict of interest,Carlton Football..."
"racwa","Gift","Entertainment","2x Corporate Box Tickets to Bruce Springsteen Concert on Wednesday 5th February 2014"
"rae","Asset","Shares","Shareholding in public and private companies including holding companies Rae & Partners Pty, Will Edwards Lawyers Pty Ltd (wholly owned subsidiary of Rae & Partners Pty), LSC Custodia (wholly owned subsidiary of Rae & Partners Pty), Australian Business Services Pty Ltd, Springford East Pty Ltd. See Annexed List for shares held by self managed superannuation fund."
"rams","Asset,Liability","Other Asset,Mortgage","Online savings account spouse,SAVINGS ACCOUNT,Returning Member declaration: Mortgage (joint with spouse),Returning Member declaration: Spouse mortgage (joint with spouse),Self: Mortgage (joint with spouse) – RAMS, Self: Line of credit (joint with spouse) - Bank of Queensland, Spouse: Mortgage (joint with spouse) – RAMS, Spouse: Line of credit (joint with spouse) - Bank of QLD,Savings Account"
"rbf","Asset","Other Asset","Superannuation"
"rcgc","Unknown","Other","N/A"
"rdo","Travel","Other Travel","Barcoo Beef Challenge charter flight to Tambo sponsored by RDO to the value of $1000pp x 2 David and Spouse"
"rea","Unknown","Other","REA (Spouse)"
"reid","Asset","Real Estate","Residential"
"resi","Liability","Mortgage","Mortgage"
"rest","Asset","Other Asset","SUPERANNUATION - REST,Superannuation Held by Paul Fletcher's Spouse Manuela Zappacosta,Superannuation - Spouse"
"rex","Travel,Membership,Unknown","Other Travel,Professional,Other","REX Flights $500,Gift from REX - Complimentary REX Lounge Membership & model of REX Boeing 737,Rex Lounge membership,Rex Lounge"
"rfx","Asset","Shares","Add RFX to the list of shareholdings in Public Listed companies. Remove Village Roadshow (VRL)"
"rhc","Asset,Unknown","Shares,Other","Shareholding in RHC,Held jointly with spouse in SMSF: Australian,N/A"
"rio","Asset,Unknown","Shares,Other","Shares held by spouse,Purchase and sale of all shares - Owned by Paula Lindsey - wife,Shareholding in Rio,Shareholdings in Rio,Addition"
"rmd","Unknown","Other","Held jointly with spouse in SMSF: Australian"
"rpgc","Unknown","Other","(Spouse/partner)"
"rsl","Unknown","Other","RSL"
"rtrfm","Unknown","Other","Gold subscription, RTRFM,Subscriber,Member (Spouse/partner)"
"rub","Asset,Unknown","Shares,Other","Spouse shares listed as at July 19, 2010,Item 1 (a),Listed Companies held by Spouse"
"ruok","Unknown","Other","RUOK? - Ambassador"
"rusi","Gift","Entertainment","Memberships: RUSI, Liberal Party of Australia, Scottsdale RSL, Launceston Football Club, Launceston Chamber of Commerce, Lions Club, and Launceston Bowls Club. (Self)"
"s32","Asset,Unknown","Shares,Other","Shareholding in S32,N/A,ALL OWNED BY SPOUSE/PARTNER: S32"
"sa","Asset","Real Estate","BEACH HOUSE,INVESTMENT PROPERTY"
"saca","Travel","Other Travel","Aust/W Indies Test, Adelaide, ticket & lunch, courtesy SACA x 2, Fri 19-1-24"
"sanfl","Gift","Entertainment","2 tickets from the SANFL - official function and game - Port v Adel"
"sbs","Gift,Travel,Unknown","Entertainment,Other Travel,Electronics,Other,Hospitality","21 April 2013 my wife and I received tickets from SBS to the Western Sydney Wanderers Grand Final game at Allianz Stadium in Sydney.,Self: I was a guest at SBS at the Specter Sydney Wanderers vs Wellington Phoenix A-League Game, 20/10/13.,Mid-winter Ball – SBS, Wednesday, 17 June, 2015; Corporate Box, All Phones Arena – NRMA, Saturday, 20 June, 2015,Digital & FM Radio approximate value $30, Monday 7 March 2016.,Guest of SBS at Sydney Institute Annual Dinner - Monday 28 April 2014.,Attendance at ..."
"scale","Travel","Other Travel","Avalon Airshow Ticket and Hospitality - Scale facilitation, 2 tickets and hospitality Flemington Races - Tabcorp, 2 tickets and hospitality - Geelong vs Collingwood - AFL, 4 tickets - Melbourne City vs Wellington Phoenix, 2 tickets and hospitality - Collingwood vs Essendon - AFL, Return flights to Sydney - Thomas Derum"
"scg","Asset","Shares,Trust","Shareholding in SCG,Guest of the SCG and Sports Ground Trust at the SCG on 7 January 2018 – hospitality and seat included"
"scp","Unknown","Other","ALL OWNED BY SPOUSE/PARTNER: SCP"
"sda","Membership,Unknown","Other Membership,Other","Membership of SDA,MEMBERSHIP,N/A,Self & Spouse/partner"
"sdf","Unknown","Other","DISPOSED"
"sdrl","Asset","Shares","Shares listed as at July 19, 2010"
"sdrlk","Unknown","Other","Listed Companies held by Self"
"seek","Unknown","Other","DIVESTED (AS PER ATTACHMENT)"
"sek","Asset","Shares","Striker SMSF holds shares in – BKL, CWN, QBE, SEK"
"self","Asset,Unknown,Travel,Membership","Shares,Other,Other Asset,Air Travel,Professional,Real Estate,Other Travel","Boats, artwork, books, furniture, Life insurance policies (Tower Australia Ltd), Macquarie Super Manager, Farm Plant & Machinery, Stock (cattle, sheep, horses)  all used in pastoral business conducted at East Rossgole and Scotts Creek, loans,Item 1 (c),Superannuation Fund,Superannuation Fund Self Managed,Stocks in Gilbert Frank Investments P/L,Superannuation,Rex flights, valued at $500,Penfolds RWT Shiraz 2014 in wooden box valued at $350 from Croplife.,Stocks held in self, Gilbert Frank Investm..."
"serco","Travel","Other Travel","Travel costs to Turkey on the Gallipoli Mateship Trek."
"seven","Gift","Entertainment","Complimentary ticket hospitality to seven hosted AFL Grand final-28/9/13"
"sgiix","Asset","Other Asset","Item 7:- SGIIX (self), MSD Energy Partners Ltd (self), MSD Torchlight Partners Ltd (self), VIG (self), VGT (self) - ADDITION"
"shape","Travel","Other Travel","Economy return flights to Brussels. Accommodation for three days,Visit 26-28 March 2012 to support the framework of NATO's widening co-operation with Partners Across the Globe. Sponsored by NATO HQ."
"shell","Gift","Entertainment","My wife and I attended two nights of the Australian Open Tennis Championships as guests."
"sil","Asset","Shares","All escrowed shares in my name or the names of my wife and children, both investment companies and SMSF are being placed in a structure that is independent of me where I have no control of investment decisions and where they are externally professionally managed (blinded as Trust structures)."
"silex","Asset","Other Asset","silex (asx listed public company) acquired by superfund (DA CK Gillespie)"
"siv","Unknown","Other","Purchased - SIV, PTM, MVF, HVN"
"slk","Unknown","Other","DISPOSED"
"smsf","Unknown,Asset","Other,Real Estate","SMSF - RFM Almond Fund,SMSF Deposit paid, apartment Brisbane City (50%)"
"smst","Unknown","Other","Agriculture Wheat Project,Agriculture Wheat Product."
"sons","Asset","Shares","has shares in Been Growers Australia Ltd and BGA Agriservices Ltd,no longer has shares in BGA Agriservices Ltd. (Deletion),Has shares in Bean Growers Australia"
"spdmm","Unknown","Other","Framed PNG crest - 30-Apr-15 SPDMM,Ground coffee - 30-Apr-15 SPDMM"
"spn","Asset","Shares","Shares held by spouse"
"spy","Unknown,Asset","Other,Other Asset","Item 1 (a),Listed Companies held by Self,Item 7:- EDD (Turnbull & Partners Pty Ltd), GYLD (Turnbull & Partners Holdings Pty Ltd), HEDJ (Turnbull & Partners Holdings Pty Ltd), SPY (Turnbull & Partners Holdings Pty Ltd) - ADDITION,Managed Funds and Fixed Interest Securities"
"stars","Membership","Other Membership","Member of the Friends of the"
"sul","Asset","Shares","Shares ASL LISTED - WES, CSR, SUL, WBC, BLD, WHC, MMS"
"sun","Unknown","Other","SUN"
"syd","Asset,Unknown","Shares,Other","Shareholding in SYD,ALL OWNED BY SPOUSE/PARTNER: SYD,Purchase of shares in family trust"
"szl","Unknown","Other","Held jointly with spouse in SMSF: Australian"
"tafe","Unknown","Other","Spouse-Employment - Left South Australian Department of Health and Ageing. Now employed at TAFE, DELETION"
"tal","Asset","Other Asset","Superannuation"
"taz","Unknown","Other","Spouse/partner,Spouse/partner: TAZ & Kids Pty Ltd"
"teco","Gift","Decorative","Small ornamental vase approx. 15cm high, pastel green with floral embellishments made by Tai-Hwa Pottery. Received from TECO."
"tesla","Unknown,Asset","Other,Shares","Tesla Model Y,Shares in Tesla (Spouse/partner),Partner's Tesla shares sold"
"tg1","Unknown","Other","TG1,TG1 unlisted options"
"tgs","Asset","Shares","Purchase and partial sale of shares"
"tio","Liability,Asset","Mortgage,Other Asset","Mortgage, LOC, Ye, loan,Savings,Mortgage,TIO Mortgage Account (DELETED),Savings accounts"
"tkms","Travel,Income,Unknown","Other Travel,Other Income,Other","Submarine cufflinks - 22-29 Apr 15 ANZAC Day visit to Europe - TKMS,Book: Silent Fleet - 22-29 Apr 15 ANZAC Day visit to Europe- TKMS,Submarine model - 22-29 Apr 15 ANZAC Day 2015 Plate - TKMS"
"tls","Asset","Shares","Shareholding in TLS,Purchased Shares in: NAB, TLS, BOQ, GEM"
"tne","Asset,Unknown","Other Asset,Shares,Other","Superannuation Fund,Shareholding in public companies (Spouse),Shareholding in public companies (Goodyear Super fund) Trust,Listed Companies,Superannuation Fund - Listed Companies,Spouse / Partner - Listed Companies,Spouse / Partner: Superannuation Fund - Listed Companies,Superannuation Fund- Listed Companies"
"toll","Unknown","Other","Model truck"
"tower","Asset","Other Asset","SUPERANNUATION - PSS, AUSTRALIAN SUPER, TOWER"
"trigg","Asset","Real Estate","New family home in Trigg, WA, with settlement having occurred on Monday 25 May 2020 (ADDITION)"
"ttf","Asset","Shares","Was a guest of TTF at the State of Origin game at ANZ Stadium."
"twe","Asset,Unknown","Shares,Other","Addition: Shares,Shareholding in TWE,N/A"
"twr","Unknown","Other","ALL OWNED BY SPOUSE/PARTNER: TWR"
"twu","Gift,Unknown","Hospitality,Other","Bottle of wine,Monopoly board game,N/A"
"tyx","Asset","Shares","SHARES"
"u2","Travel","Other Travel","Accepted 2 tickets to the U2 concert for myself and my spouse, Kim Swan in Brisbane on Wednesday 8 December 2010. This also included hospitality and a gift of an ipod with Bono's signature on it"
"uae","Travel,Gift","Other Travel,Electronics","Australian Parliamentary visit to the United Arab Emirates, incorporating Australia Unlimited Trade Fair, meeting with Australian Embassy staff, Australian Defence Force personnel, UAE/Australia Food Security Briefing, and tour of a Nuclear Power Plant. HH The Crown Prince of Abu Dhabi. 10/4/14-17/4/14,Free of charge upgrade to a suite at the Conrad Hotel, Dubai, UAE.,Flights & Hospitality to Sir Bani Yas Forum – funded by The Ministry of Foreign Affairs, Abu Dhabi, UAE Friday, 16 November - Sun..."
"ubank","Asset","Other Asset","Online savings account,Online Savings Account. Item 8, Self & Spouse.,Account for electorate allowance,Savings account,Savings, Spouse/partner,Self: Savings,Spouse/partner: Savings,Self and Spouse - Savings - UBank,Transaction Account for Electorate Allowance - Self,Savings"
"uber","Travel,Gift","Other Travel,Entertainment","Press Gallery Mid Winter Ball - Invitation from Uber,Press Gallery Mid Winter Ball tickets courtesy of Uber for 18 September 2019."
"ubs","Gift,Unknown,Asset","Entertainment,Other,Other Asset","Tickets X 2 to Australian Open 2014 Women's Final at Rod Laver Arena Hosted by UBS,Spouse,Self, Managed Investment Fund(s),Spouse, Managed Investment Fund(s),UBS IQ MSCI USA Ethical ETF (Spouse),Managed Investment Fund,Managed Investment Fund, Spouse"
"uci","Gift","Entertainment","Hospitality for UCI Road World Championships held in Wollongong 17/9/2022 - 25/9/2022. I received two days hospitality viewing of UCI race (18/9 & 24/9) and received a ticket to attend the UCI Gala Dinner on 24/9."
"uff","Membership","Other Membership","Member of UFF"
"uk","Asset","Shares","Investment of spouse/partner"
"unsw","Income","Other Income","UNSW - Book - Refugee Rights and Policy Wordings, Professor Jane McAdam – approx. $30 received on 16th July 2019."
"usa","Travel,Asset","Other Travel,Real Estate","Received reimbursement for costs incurred to alter my return flight from USA to Australia.,Apartment, Investment (Spouse)"
"usu","Membership","Professional","Patron various community based organisations; Councillor - Cessnock City Council"
"uws","Travel,Gift","Other Travel,Hospitality","Complimentary admission to Wanderers Home Game at UWS Private Box at Pirtek Stadium,Attended the UWS Vice-Chancellors Farewell Dinner"
"va925","Travel","Air Travel","Flight Upgrade VA925 on 15 October 2014, upgrade to business class"
"vas","Asset","Shares","Family investment in the following index funds jointly held with my wife FAIR, ETHR, VAS, VHY and VESG."
"vax","Unknown","Other","Index funds While these were held as of 11 April 2022, my spouse and I have since divested of these holdings."
"vcx","Asset","Shares,Other Asset","Shareholding in public companies (Goodyear Super fund) Trust,Superannuation Fund - Listed Companies,Superannuation Fund- Listed Companies"
"vecci","Gift,Travel","Entertainment,Other Travel","I was a guest of VECCI at the VECCI Top 200 AFL Grand Final lunch and AFL Grand Final at the MCG on Saturday 29 September 2012,Richmond vs Swans AFL Game following G20 SME Event - VECCI
Tickets for Minister and wife,Hospitality provided by VECCI, AFL Finals football match, 20 September 2013.,Hospitality provided by VECCI, AFL Grand Final football match, 28 September 2013.*,2 AFL Grand Final Tickets, compliments of VECCI"
"vesg","Asset,Unknown","Shares,Other","Family investment in the following index funds jointly held with my wife FAIR, ETHR, VAS, VHY and VESG.,Index funds While these were held as of 11 April 2022, my spouse and I have since divested of these holdings."
"vgk","Unknown,Asset","Other,Other Asset","Listed Companies held by Wilcrow Pty Limited,Item 1:- VGK (Wilcrow) declared on December 9 2013 and incorrectly removed due to administrative error on July 14 2015 (original declaration applies) -ADDITION,Item 7:- MICSX (self and spouse), VGK (Wilcrow Pty Ltd) - DELETION"
"vgt","Asset","Other Asset","Item 7:- SGIIX (self), MSD Energy Partners Ltd (self), MSD Torchlight Partners Ltd (self), VIG (self), VGT (self) - ADDITION"
"vht","Unknown","Other","Item 7:- PDI (Turnbull & Partners Holdings Pty Ltd) VHT (Self) -ADDITION"
"vhy","Asset,Unknown","Shares,Other","Family investment in the following index funds jointly held with my wife FAIR, ETHR, VAS, VHY and VESG.,Index funds While these were held as of 11 April 2022, my spouse and I have since divested of these holdings."
"vic","Income,Asset","Other Income,Real Estate","Currently for sale,Residential,Private residential,Residential investment,Residential Property,Investment Property"
"vig","Asset","Other Asset","Item 7:- SGIIX (self), MSD Energy Partners Ltd (self), MSD Torchlight Partners Ltd (self), VIG (self), VGT (self) - ADDITION"
"visa","Liability","Other Liability,Credit","Paid monthly,Credit Card (paid monthly to zero),Credit cards,Credit cards (Spouse),Credit Cards,Credit Cards (Spouse/partner)"
"visy","Travel,Gift","Other Travel,Entertainment","Accommodation and hospitality overnight paid for by Visy and The Australian to attend the Global Food Forum 2014 Conference in Sydney,Tickets and hospitality for my wife and myself to the ICC Cricket World Cup at the MCG on 29 March 2015, hosted by Visy."
"vline","Unknown","Other","Received a KeepCup from VLine on the 14th June 2015"
"vlue","Unknown","Other","VLUE VanEck Vectors MSCI Int Value ETF"
"vocus","Unknown,Asset","Other,Shares","Self,Spouse,Addition: Vocus Shares (Merger of M2 Group Take up of Rights Issue),N/A"
"vow3d","Unknown","Other","Listed Companies held by Self"
"vowg","Unknown","Other","Listed Companies held by Spouse"
"vrc","Travel,Unknown","Other Travel,Other","Attendance at the Melbourne Cup in Melbourne as guest of the VRC including hospitality,N/A"
"vtg","Asset,Unknown","Shares,Other,Other Asset","Spouse Listed Companies: ANZ, VTG,Listed companies,Shareholding in public companies (Goodyear Super fund) Trust,Listed Companies,Superannuation Fund - Listed Companies,Spouse / Partner - Listed Companies,Superannuation Fund- Listed Companies"
"vuk","Unknown","Other","VUK, SSB4647AU.FND, VAP, TNK0003AU.FND"
"vw","Gift","Other Gift","VW Golf 2016"
"w pac","Asset","Other Asset","Term Deposits"
"wa","Asset","Real Estate,Shares","Private Residence,Deletion - Private Residence,Investment,Deletion - Investment,Addition Spouse - Private Residence,Self: Residential home,New family home in Trigg, WA, with settlement having occurred on Monday 25 May 2020 (ADDITION)"
"waca","Membership,Unknown","Other Membership,Other","2 x WACA complimentary Associate Memberships for 2019-2020 season,2 x WACA Memberships for the 2019/20 Season. Value unknown,Member"
"wbc","Asset,Gift,Unknown","Shares,Other Gift,Other,Other Asset","Shares held by spouse,Shareholding in WBC,Press Club shorten address - WBC,Shares ASL LISTED - WES, CSR, SUL, WBC, BLD, WHC, MMS,Held jointly with spouse in SMSF: Australian,N/A,Savings Account,Deletion"
"wce","Gift","Entertainment","2 Tickets to AFL match Saturday 5th September West Coast Eagles vs St Kilda at Domain Stadium. Event hosted by WCE"
"wctpa","Asset","Other Asset","Managed Funds and Fixed Interest Securities"
"wds","Unknown","Other","N/A"
"wes","Asset","Shares","Shareholding in WES,Shares ASL LISTED - WES, CSR, SUL, WBC, BLD, WHC, MMS,Held jointly with spouse in SMSF: Australian,N/A"
"wests","Membership","Other Membership","Perpetual Membership to Wests."
"wfd","Asset,Unknown","Shares,Other","Shareholding in WFD,N/A"
"wfe","Unknown","Other","Item 1(a)"
"whc","Asset","Shares","Shares ASL LISTED - WES, CSR, SUL, WBC, BLD, WHC, MMS"
"whia","Unknown,Travel","Other,Other Travel","Appointed to serve on the executive committee for the 2011-2013 term of the WHIA,Attended the World Hellenic Inter-parliamentary Association biannual conference in Athens, July 23-28. Hosted by WHIA, travel and accommodation provided by WHIA.,Attended: World Hellenic Inter-Parliamentary Assembly - bi-annual conference. Athens July 24th-28th Hosted by W.H.I.A. Travel and Accommodation provided by W.H.I.A."
"wot","Unknown","Other","Held jointly with spouse in SMSF: Australian"
"wow","Asset,Unknown","Shares,Other","Shareholding in WOW,N/A,ALL OWNED BY SPOUSE/PARTNER: WOW,Held jointly with spouse in SMSF: Australian"
"wpl","Unknown,Asset","Other,Shares","Spouse informs me she has holds a derivative position on WPL,Shareholding in WPL"
"wwf","Unknown","Other","Sponsorship, WWF Orangutan Sponsor"
"xes","Asset","Other Asset","Managed Funds and Fixed Interest Securities"
"xle","Unknown,Asset","Other,Other Asset","Item 1 (a),Item 1(a),Managed Funds and Fixed Interest Securities"
"xlp","Unknown,Asset","Other,Other Asset","Listed Companies held by Self,Item 1:-XLP (self) - DELETION"
"xlu","Unknown","Other","Item 1 (a),Item 1(a),Listed Companies held by Self"
"xme","Asset","Other Asset","Managed Funds and Fixed Interest Securities"
"xop","Asset","Other Asset","Managed Funds and Fixed Interest Securities"
"xro","Unknown","Other","N/A"
"ypo","Membership,Unknown","Other Membership,Other","Member of YPO,Waiving proportion YPO fees"
"z1p","Asset","Shares","Sale of shares"
"zegna","Asset","Real Estate","Attended 50TH Edition of Ermenegildo Zegna Wool Awards, guest of Zegna in Sydney. One night's accommodation provided Australian Wool Innovation."
"μου","Asset","Shares","Shareholding in ΜΟΥ"
"сва","Asset,Unknown","Other Asset,Other","Self, Savings, SMSF A/C, CВА,Spouse, Savings, SMSF A/C, СВА,Savings account of Self,Transaction account of Self,Investment account of Self,Savings account of Spouse/partner,Transaction account of Spouse/partner,N/A"
