Name,Party,Electorate,Parliament,Start_Year,End_Year,scraped_date
Kevin Hogan,National Party of Australia,Page,47,2022,2025,2025-04-23
Luke Howarth,Liberal National Party,Petrie,47,2022,2025,2025-04-23
Ed Husic,Australian Labor Party,Chifley,47,2022,2025,2025-04-23
Stephen Jones,Australian Labor Party,Whitlam,47,2022,2025,2025-04-23
Barnaby Joyce,National Party of Australia,New England,47,2022,2025,2025-04-23
Andrew Giles,Australian Labor Party,Scullin,47,2022,2025,2025-04-23
David Gillespie,National Party of Australia,Lyne,47,2022,2025,2025-04-23
Alex Hawke,Liberal Party of Australia,Mitchell,47,2022,2025,2025-04-23
Julian Hill,Australian Labor Party,Bruce,47,2022,2025,2025-04-23
Scott Morrison,Liberal Party of Australia,Cook,47,2022,2025,2025-04-23
Daniel Mulino,Australian Labor Party,Fraser,47,2022,2025,2025-04-23
Peta Murphy,Australian Labor Party,Dunkley,47,2022,2025,2025-04-23
Shayne Neumann,Australian Labor Party,Blair,47,2022,2025,2025-04-23
Llew O'Brien,Liberal National Party,Wide Bay,47,2022,2025,2025-04-23
Ted O'Brien,Liberal National Party,Fairfax,47,2022,2025,2025-04-23
Richard Marles,Australian Labor Party,Corio,47,2022,2025,2025-04-23
Zaneta Mascarenhas,Australian Labor Party,Swan,47,2022,2025,2025-04-23
Michelle Ananda-Rajah,Australian Labor Party,Higgins,47,2022,2025,2025-04-23
Karen Andrews,Liberal National Party,McPherson,47,2022,2025,2025-04-23
Bridget Archer,Liberal Party of Australia,Bass,47,2022,2025,2025-04-23
Adam Bandt,Australian Greens,Melbourne,47,2022,2025,2025-04-23
Stephen Bates,Australian Greens,Brisbane,47,2022,2025,2025-04-23
Brian Mitchell,Australian Labor Party,Lyons,47,2022,2025,2025-04-23
Rob Mitchell,Australian Labor Party,McEwen,47,2022,2025,2025-04-23
Chris Bowen,Australian Labor Party,McMahon,47,2022,2025,2025-04-23
Colin Boyce,Liberal National Party,Flynn,47,2022,2025,2025-04-23
Russell Broadbent,Liberal / Independent,Monash,47,2022,2025,2025-04-23
Scott Buchholz,Liberal National Party,Wright,47,2022,2025,2025-04-23
Tony Burke,Australian Labor Party,Watson,47,2022,2025,2025-04-23
Matt Burnell,Australian Labor Party,Spence,47,2022,2025,2025-04-23
Anthony Albanese,Australian Labor Party,Grayndler,47,2022,2025,2025-04-23
Anne Aly,Australian Labor Party,Cowan,47,2022,2025,2025-04-23
Mark Butler,Australian Labor Party,Hindmarsh,47,2022,2025,2025-04-23
Alison Byrnes,Australian Labor Party,Cunningham,47,2022,2025,2025-04-23
Cameron Caldwell [d],Liberal National Party,Fadden,47,2022,2025,2025-04-23
Jim Chalmers,Australian Labor Party,Rankin,47,2022,2025,2025-04-23
Max Chandler-Mather,Australian Greens,Griffith,47,2022,2025,2025-04-23
Kate Chaney,Independent,Curtin,47,2022,2025,2025-04-23
Jodie Belyea,Australian Labor Party,Dunkley,47,2022,2025,2025-04-23
Sam Birrell,National Party of Australia,Nicholls,47,2022,2025,2025-04-23
Bill Shorten,Australian Labor Party,Maribyrnong,47,2022,2025,2025-04-23
David Smith,Australian Labor Party,Bean,47,2022,2025,2025-04-23
Anne Stanley,Australian Labor Party,Werriwa,47,2022,2025,2025-04-23
Zali Steggall,Independent,Warringah,47,2022,2025,2025-04-23
James Stevens,Liberal Party of Australia,Sturt,47,2022,2025,2025-04-23
Michael Sukkar,Liberal Party of Australia,Deakin,47,2022,2025,2025-04-23
Stuart Robert [d],Liberal National Party,Fadden,47,2022,2025,2025-04-23
Tracey Roberts,Australian Labor Party,Pearce,47,2022,2025,2025-04-23
Matt Keogh,Australian Labor Party,Burt,47,2022,2025,2025-04-23
Peter Khalil,Australian Labor Party,Wills,47,2022,2025,2025-04-23
Catherine King,Australian Labor Party,Ballarat,47,2022,2025,2025-04-23
Madeleine King,Australian Labor Party,Brand,47,2022,2025,2025-04-23
Michelle Landry,Liberal National Party,Capricornia,47,2022,2025,2025-04-23
Tania Lawrence,Australian Labor Party,Hasluck,47,2022,2025,2025-04-23
Sally Sitou,Australian Labor Party,Reid,47,2022,2025,2025-04-23
Allegra Spender,Independent,Wentworth,47,2022,2025,2025-04-23
Julian Leeser,Liberal Party of Australia,Berowra,47,2022,2025,2025-04-23
Andrew Leigh,Australian Labor Party,Fenner,47,2022,2025,2025-04-23
Sussan Ley,Liberal Party of Australia,Farrer,47,2022,2025,2025-04-23
Sam Lim,Australian Labor Party,Tangney,47,2022,2025,2025-04-23
David Littleproud,Liberal National Party,Maranoa,47,2022,2025,2025-04-23
Nola Marino,Liberal Party of Australia,Forrest,47,2022,2025,2025-04-23
Ged Kearney,Australian Labor Party,Cooper,47,2022,2025,2025-04-23
Simon Kennedy,Liberal Party of Australia,Cook,47,2022,2025,2025-04-23
Kristy McBain,Australian Labor Party,Eden-Monaro,47,2022,2025,2025-04-23
Emma McBride,Australian Labor Party,Dobell,47,2022,2025,2025-04-23
Michael McCormack,National Party of Australia,Riverina,47,2022,2025,2025-04-23
Melissa McIntosh,Liberal Party of Australia,Lindsay,47,2022,2025,2025-04-23
Zoe McKenzie,Liberal Party of Australia,Flinders,47,2022,2025,2025-04-23
Louise Miller-Frost,Australian Labor Party,Boothby,47,2022,2025,2025-04-23
Jerome Laxale,Australian Labor Party,Bennelong,47,2022,2025,2025-04-23
Dai Le,Independent,Fowler,47,2022,2025,2025-04-23
Tony Zappia,Australian Labor Party,Makin,47,2022,2025,2025-04-23
Tim Watts,Australian Labor Party,Gellibrand,47,2022,2025,2025-04-23
Anne Webster,National Party of Australia,Mallee,47,2022,2025,2025-04-23
Tony Pasin,Liberal Party of Australia,Barker,47,2022,2025,2025-04-23
Alicia Payne,Australian Labor Party,Canberra,47,2022,2025,2025-04-23
Gavin Pearce,Liberal Party of Australia,Braddon,47,2022,2025,2025-04-23
Graham Perrett,Australian Labor Party,Moreton,47,2022,2025,2025-04-23
Fiona Phillips,Australian Labor Party,Gilmore,47,2022,2025,2025-04-23
Henry Pike,Liberal National Party,Bowman,47,2022,2025,2025-04-23
Jason Wood,Liberal Party of Australia,La Trobe,47,2022,2025,2025-04-23
Terry Young,Liberal National Party,Longman,47,2022,2025,2025-04-23
Melissa Price,Liberal Party of Australia,Durack,47,2022,2025,2025-04-23
Sam Rae,Australian Labor Party,Hawke,47,2022,2025,2025-04-23
Rowan Ramsey,Liberal Party of Australia,Grey,47,2022,2025,2025-04-23
Gordon Reid,Australian Labor Party,Robertson,47,2022,2025,2025-04-23
Daniel Repacholi,Australian Labor Party,Hunter,47,2022,2025,2025-04-23
Amanda Rishworth,Australian Labor Party,Kingston,47,2022,2025,2025-04-23
Brendan O'Connor,Australian Labor Party,Gorton,47,2022,2025,2025-04-23
Clare O'Neil,Australian Labor Party,Hotham,47,2022,2025,2025-04-23
Michelle Rowland,Australian Labor Party,Greenway,47,2022,2025,2025-04-23
Joanne Ryan,Australian Labor Party,Lalor,47,2022,2025,2025-04-23
Monique Ryan,Independent,Kooyong,47,2022,2025,2025-04-23
Sophie Scamps,Independent,Mackellar,47,2022,2025,2025-04-23
Marion Scrymgour,Australian Labor Party,Lingiari,47,2022,2025,2025-04-23
Rebekha Sharkie,Centre Alliance,Mayo,47,2022,2025,2025-04-23
Keith Pitt,Liberal National Party,Hinkler,47,2022,2025,2025-04-23
Tanya Plibersek,Australian Labor Party,Sydney,47,2022,2025,2025-04-23
Dan Tehan,Liberal Party of Australia,Wannon,47,2022,2025,2025-04-23
Susan Templeman,Australian Labor Party,Macquarie,47,2022,2025,2025-04-23
Matt Thistlethwaite,Australian Labor Party,Kingsford Smith,47,2022,2025,2025-04-23
Phillip Thompson,Liberal National Party,Herbert,47,2022,2025,2025-04-23
Kate Thwaites,Australian Labor Party,Jagajaga,47,2022,2025,2025-04-23
Kylea Tink,Independent,North Sydney,47,2022,2025,2025-04-23
Bert van Manen,Liberal National Party,Forde,47,2022,2025,2025-04-23
Ross Vasta,Liberal National Party,Bonner,47,2022,2025,2025-04-23
Aaron Violi,Liberal Party of Australia,Casey,47,2022,2025,2025-04-23
Andrew Wallace,Liberal National Party,Fisher,47,2022,2025,2025-04-23
Jenny Ware,Liberal Party of Australia,Hughes,47,2022,2025,2025-04-23
Elizabeth Watson-Brown,Australian Greens,Ryan,47,2022,2025,2025-04-23
Meryl Swanson,Australian Labor Party,Paterson,47,2022,2025,2025-04-23
Angus Taylor,Liberal Party of Australia,Hume,47,2022,2025,2025-04-23
Anika Wells,Australian Labor Party,Lilley,47,2022,2025,2025-04-23
Andrew Willcox,Liberal National Party,Dawson,47,2022,2025,2025-04-23
Andrew Wilkie,Independent,Clark,47,2022,2025,2025-04-23
Josh Wilson,Australian Labor Party,Fremantle,47,2022,2025,2025-04-23
Rick Wilson,Liberal Party of Australia,O'Connor,47,2022,2025,2025-04-23
Keith Wolahan,Liberal Party of Australia,Menzies,47,2022,2025,2025-04-23
Alan Tudge [e],Liberal Party of Australia,Aston,47,2022,2025,2025-04-23
Maria Vamvakinou,Australian Labor Party,Calwell,47,2022,2025,2025-04-23
Mark Coulton,National Party of Australia,Parkes,47,2022,2025,2025-04-23
Zoe Daniel,Independent,Goldstein,47,2022,2025,2025-04-23
Milton Dick,Australian Labor Party,Oxley,47,2022,2025,2025-04-23
Mary Doyle[e],Australian Labor Party,Aston,47,2022,2025,2025-04-23
Mark Dreyfus,Australian Labor Party,Isaacs,47,2022,2025,2025-04-23
Peter Dutton,Liberal National Party,Dickson,47,2022,2025,2025-04-23
Cassandra Fernando,Australian Labor Party,Holt,47,2022,2025,2025-04-23
Paul Fletcher,Liberal Party of Australia,Bradfield,47,2022,2025,2025-04-23
Mike Freelander,Australian Labor Party,Macarthur,47,2022,2025,2025-04-23
Carina Garland,Australian Labor Party,Chisholm,47,2022,2025,2025-04-23
Andrew Gee,National / Independent,Calare,47,2022,2025,2025-04-23
Steve Georganas,Australian Labor Party,Adelaide,47,2022,2025,2025-04-23
Pat Conaghan,National Party of Australia,Cowper,47,2022,2025,2025-04-23
Pat Conroy,Australian Labor Party,Shortland,47,2022,2025,2025-04-23
Ian Goodenough,Liberal Party of Australia,Moore,47,2022,2025,2025-04-23
Patrick Gorman,Australian Labor Party,Perth,47,2022,2025,2025-04-23
Luke Gosling,Australian Labor Party,Solomon,47,2022,2025,2025-04-23
Helen Haines,Independent,Indi,47,2022,2025,2025-04-23
Garth Hamilton,Liberal National Party,Groom,47,2022,2025,2025-04-23
Andrew Hastie,Liberal Party of Australia,Canning,47,2022,2025,2025-04-23
Justine Elliot,Australian Labor Party,Richmond,47,2022,2025,2025-04-23
Warren Entsch,Liberal National Party,Leichhardt,47,2022,2025,2025-04-23
Lisa Chesters,Australian Labor Party,Bendigo,47,2022,2025,2025-04-23
Jason Clare,Australian Labor Party,Blaxland,47,2022,2025,2025-04-23
Sharon Claydon,Australian Labor Party,Newcastle,47,2022,2025,2025-04-23
Libby Coker,Australian Labor Party,Corangamite,47,2022,2025,2025-04-23
David Coleman,Liberal Party of Australia,Banks,47,2022,2025,2025-04-23
Julie Collins,Australian Labor Party,Franklin,47,2022,2025,2025-04-23
Linda Burney,Australian Labor Party,Barton,47,2022,2025,2025-04-23
Josh Burns,Australian Labor Party,Macnamara,47,2022,2025,2025-04-23
Andrew Charlton,Australian Labor Party,Parramatta,47,2022,2025,2025-04-23
Darren Chester,National Party of Australia,Gippsland,47,2022,2025,2025-04-23
Bob Katter,Katter's Australian Party,Kennedy,47,2022,2025,2025-04-23
Angie Bell,Liberal National Party,Moncrieff,47,2022,2025,2025-04-23
Tim Wilson,Liberal Party of Australia,Goldstein,46,2019,2022,2025-04-23
Christian Porter,Liberal Party of Australia,Pearce,46,2019,2022,2025-04-23
Stuart Robert,Liberal National Party,Fadden,46,2019,2022,2025-04-23
Alan Tudge,Liberal Party of Australia,Aston,46,2019,2022,2025-04-23
Warren Snowdon,Australian Labor Party,Lingiari,46,2019,2022,2025-04-23
George Christensen [d],Liberal National Party,Dawson,46,2019,2022,2025-04-23
Terri Butler,Australian Labor Party,Griffith,46,2019,2022,2025-04-23
Anthony Byrne,Australian Labor Party,Holt,46,2019,2022,2025-04-23
Nick Champion,Australian Labor Party,Spence,46,2019,2022,2025-04-23
Kevin Andrews,Liberal Party of Australia,Menzies,46,2019,2022,2025-04-23
Sharon Bird,Australian Labor Party,Cunningham,46,2019,2022,2025-04-23
Greg Hunt,Liberal Party of Australia,Flinders,46,2019,2022,2025-04-23
Steve Irons,Liberal Party of Australia,Swan,46,2019,2022,2025-04-23
Garth Hamilton [b],Liberal National Party,Groom,46,2019,2022,2025-04-23
Celia Hammond,Liberal Party of Australia,Curtin,46,2019,2022,2025-04-23
Chris Hayes,Australian Labor Party,Fowler,46,2019,2022,2025-04-23
Josh Frydenberg,Liberal Party of Australia,Kooyong,46,2019,2022,2025-04-23
Trevor Evans,Liberal National Party,Brisbane,46,2019,2022,2025-04-23
Jason Falinski,Liberal Party of Australia,Mackellar,46,2019,2022,2025-04-23
Joel Fitzgibbon,Australian Labor Party,Hunter,46,2019,2022,2025-04-23
Nicolle Flint,Liberal Party of Australia,Boothby,46,2019,2022,2025-04-23
Ben Morton,Liberal Party of Australia,Tangney,46,2019,2022,2025-04-23
Fiona Martin,Liberal Party of Australia,Reid,46,2019,2022,2025-04-23
Vince Connelly,Liberal Party of Australia,Stirling,46,2019,2022,2025-04-23
Damian Drum,National Party of Australia,Nicholls,46,2019,2022,2025-04-23
John Alexander,Liberal Party of Australia,Bennelong,46,2019,2022,2025-04-23
Katie Allen,Liberal Party of Australia,Higgins,46,2019,2022,2025-04-23
Kristy McBain [a],Australian Labor Party,Eden-Monaro,46,2019,2022,2025-04-23
John McVeigh [b],Liberal National Party,Groom,46,2019,2022,2025-04-23
Andrew Laming,Liberal National Party,Bowman,46,2019,2022,2025-04-23
Gladys Liu,Liberal Party of Australia,Chisholm,46,2019,2022,2025-04-23
Craig Kelly [c],Liberal Party of Australia,Hughes,46,2019,2022,2025-04-23
Mike Kelly [a],Australian Labor Party,Eden-Monaro,46,2019,2022,2025-04-23
Dave Sharma,Liberal Party of Australia,Wentworth,46,2019,2022,2025-04-23
Julian Simmonds,Liberal National Party,Ryan,46,2019,2022,2025-04-23
Tony Smith,Liberal Party of Australia,Casey,46,2019,2022,2025-04-23
Ken O'Dowd,Liberal National Party,Flynn,46,2019,2022,2025-04-23
Julie Owens,Australian Labor Party,Parramatta,46,2019,2022,2025-04-23
Ken Wyatt,Liberal Party of Australia,Hasluck,46,2019,2022,2025-04-23
Trent Zimmerman,Liberal Party of Australia,North Sydney,46,2019,2022,2025-04-23
Lucy Wicks,Liberal Party of Australia,Robertson,46,2019,2022,2025-04-23
Josh Wilson [d],Australian Labor Party,Fremantle,45,2016,2019,2025-04-23
Kate Ellis,Australian Labor Party,Adelaide,45,2016,2019,2025-04-23
David Feeney [c],Australian Labor Party,Batman,45,2016,2019,2025-04-23
Chris Crewther,Liberal Party of Australia,Dunkley,45,2016,2019,2025-04-23
Michael Danby,Australian Labor Party,Melbourne Ports,45,2016,2019,2025-04-23
George Christensen,Liberal National Party,Dawson,45,2016,2019,2025-04-23
Steven Ciobo,Liberal National Party,Moncrieff,45,2016,2019,2025-04-23
Barnaby Joyce [a],National Party of Australia,New England,45,2016,2019,2025-04-23
Ged Kearney [c],Australian Labor Party,Batman,45,2016,2019,2025-04-23
Justine Keay [d],Australian Labor Party,Braddon,45,2016,2019,2025-04-23
Michael Keenan,Liberal Party of Australia,Stirling,45,2016,2019,2025-04-23
Craig Kelly,Liberal Party of Australia,Hughes,45,2016,2019,2025-04-23
Mike Kelly,Australian Labor Party,Eden-Monaro,45,2016,2019,2025-04-23
Sarah Henderson,Liberal Party of Australia,Corangamite,45,2016,2019,2025-04-23
Emma Husar,Australian Labor Party,Lindsay,45,2016,2019,2025-04-23
Patrick Gorman [e],Australian Labor Party,Perth,45,2016,2019,2025-04-23
Tim Hammond [e],Australian Labor Party,Perth,45,2016,2019,2025-04-23
Ross Hart,Australian Labor Party,Bass,45,2016,2019,2025-04-23
Luke Hartsuyker,National Party of Australia,Cowper,45,2016,2019,2025-04-23
Kelly O'Dwyer,Liberal Party of Australia,Higgins,45,2016,2019,2025-04-23
Cathy O'Toole,Australian Labor Party,Herbert,45,2016,2019,2025-04-23
Cathy McGowan,Independent,Indi,45,2016,2019,2025-04-23
John McVeigh,Liberal National Party,Groom,45,2016,2019,2025-04-23
Jenny Macklin,Australian Labor Party,Jagajaga,45,2016,2019,2025-04-23
Susan Lamb [d],Australian Labor Party,Longman,45,2016,2019,2025-04-23
Craig Laundy,Liberal Party of Australia,Reid,45,2016,2019,2025-04-23
Malcolm Turnbull [f],Liberal Party of Australia,Wentworth,45,2016,2019,2025-04-23
Ann Sudmalis,Liberal Party of Australia,Gilmore,45,2016,2019,2025-04-23
Wayne Swan,Australian Labor Party,Lilley,45,2016,2019,2025-04-23
Christopher Pyne,Liberal Party of Australia,Sturt,45,2016,2019,2025-04-23
Rebekha Sharkie [d],Xenophon/Centre Alliance,Mayo,45,2016,2019,2025-04-23
Kerryn Phelps [f],Independent,Wentworth,45,2016,2019,2025-04-23
Jane Prentice,Liberal National Party,Ryan,45,2016,2019,2025-04-23
Julia Banks,Liberal/Independent,Chisholm,45,2016,2019,2025-04-23
Julie Bishop,Liberal Party of Australia,Curtin,45,2016,2019,2025-04-23
Andrew Broad,National Party of Australia,Mallee,45,2016,2019,2025-04-23
Gai Brodtmann,Australian Labor Party,Canberra,45,2016,2019,2025-04-23
Tony Abbott,Liberal Party of Australia,Warringah,45,2016,2019,2025-04-23
John Alexander [b],Liberal Party of Australia,Bennelong,45,2016,2019,2025-04-23
Philip Ruddock,Liberal Party of Australia,Berowra,44,2013,2016,2025-04-23
Bruce Scott,Liberal National Party,Maranoa,44,2013,2016,2025-04-23
Fiona Scott,Liberal Party of Australia,Lindsay,44,2013,2016,2025-04-23
Luke Simpkins,Liberal Party of Australia,Cowan,44,2013,2016,2025-04-23
Kelvin Thomson,Australian Labor Party,Wills,44,2013,2016,2025-04-23
Warren Truss,Liberal National Party,Wide Bay,44,2013,2016,2025-04-23
Malcolm Turnbull,Liberal Party of Australia,Wentworth,44,2013,2016,2025-04-23
Louise Markus,Liberal Party of Australia,Macquarie,44,2013,2016,2025-04-23
Russell Matheson,Liberal Party of Australia,Macarthur,44,2013,2016,2025-04-23
Karen McNamara,Liberal Party of Australia,Dobell,44,2013,2016,2025-04-23
Andrew Nikolic,Liberal Party of Australia,Bass,44,2013,2016,2025-04-23
Clive Palmer,Palmer United,Fairfax,44,2013,2016,2025-04-23
Melissa Parke,Australian Labor Party,Fremantle,44,2013,2016,2025-04-23
Don Randall [b],Liberal Party of Australia,Canning,44,2013,2016,2025-04-23
Bernie Ripoll,Australian Labor Party,Oxley,44,2013,2016,2025-04-23
Andrew Robb,Liberal Party of Australia,Goldstein,44,2013,2016,2025-04-23
Nickolas Varvaris,Liberal Party of Australia,Barton,44,2013,2016,2025-04-23
Bob Baldwin,Liberal Party of Australia,Paterson,44,2013,2016,2025-04-23
Bruce Billson,Liberal Party of Australia,Dunkley,44,2013,2016,2025-04-23
Bronwyn Bishop,Liberal Party of Australia,Mackellar,44,2013,2016,2025-04-23
Jamie Briggs,Liberal Party of Australia,Mayo,44,2013,2016,2025-04-23
Mal Brough,Liberal National Party,Fisher,44,2013,2016,2025-04-23
Anna Burke,Australian Labor Party,Chisholm,44,2013,2016,2025-04-23
Terri Butler [a],Australian Labor Party,Griffith,44,2013,2016,2025-04-23
John Cobb,National Party of Australia,Calare,44,2013,2016,2025-04-23
David Feeney,Australian Labor Party,Batman,44,2013,2016,2025-04-23
Laurie Ferguson,Australian Labor Party,Werriwa,44,2013,2016,2025-04-23
Teresa Gambaro,Liberal National Party,Brisbane,44,2013,2016,2025-04-23
Gary Gray,Australian Labor Party,Brand,44,2013,2016,2025-04-23
Alan Griffin,Australian Labor Party,Bruce,44,2013,2016,2025-04-23
Natasha Griggs,Country Liberal,Solomon,44,2013,2016,2025-04-23
Jill Hall,Australian Labor Party,Shortland,44,2013,2016,2025-04-23
Andrew Hastie [b],Liberal Party of Australia,Canning,44,2013,2016,2025-04-23
Peter Hendy,Liberal Party of Australia,Eden-Monaro,44,2013,2016,2025-04-23
Joe Hockey [c],Liberal Party of Australia,North Sydney,44,2013,2016,2025-04-23
Eric Hutchinson,Liberal Party of Australia,Lyons,44,2013,2016,2025-04-23
Dennis Jensen,Liberal/Independent,Tangney,44,2013,2016,2025-04-23
Ewen Jones,Liberal National Party,Herbert,44,2013,2016,2025-04-23
Ian Macfarlane,Liberal National Party,Groom,44,2013,2016,2025-04-23
Alannah MacTiernan,Australian Labor Party,Perth,44,2013,2016,2025-04-23
Wyatt Roy,Liberal National Party,Longman,44,2013,2016,2025-04-23
Kevin Rudd [a],Australian Labor Party,Griffith,44,2013,2016,2025-04-23
Andrew Southcott,Liberal Party of Australia,Boothby,44,2013,2016,2025-04-23
Sharman Stone,Liberal Party of Australia,Murray,44,2013,2016,2025-04-23
Trent Zimmerman [c],Liberal Party of Australia,North Sydney,44,2013,2016,2025-04-23
Brett Whiteley,Liberal Party of Australia,Braddon,44,2013,2016,2025-04-23
Matt Williams,Liberal Party of Australia,Hindmarsh,44,2013,2016,2025-04-23
Daryl Melham,Australian Labor Party,Banks,43,2010,2013,2025-04-23
Sophie Mirabella,Liberal Party of Australia,Indi,43,2010,2013,2025-04-23
Don Randall,Liberal Party of Australia,Canning,43,2010,2013,2025-04-23
Nicola Roxon,Australian Labor Party,Gellibrand,43,2010,2013,2025-04-23
Kevin Rudd,Australian Labor Party,Griffith,43,2010,2013,2025-04-23
Janelle Saffin,Australian Labor Party,Page,43,2010,2013,2025-04-23
Kirsten Livermore,Australian Labor Party,Capricornia,43,2010,2013,2025-04-23
Geoff Lyons,Australian Labor Party,Bass,43,2010,2013,2025-04-23
Robert McClelland,Australian Labor Party,Barton,43,2010,2013,2025-04-23
Alby Schultz,Liberal Party of Australia,Hume,43,2010,2013,2025-04-23
Patrick Secker,Liberal Party of Australia,Barker,43,2010,2013,2025-04-23
Sid Sidebottom,Australian Labor Party,Braddon,43,2010,2013,2025-04-23
Peter Slipper,Liberal National Party,Fisher,43,2010,2013,2025-04-23
Stephen Smith,Australian Labor Party,Perth,43,2010,2013,2025-04-23
Laura Smyth,Australian Labor Party,La Trobe,43,2010,2013,2025-04-23
Alex Somlyay,Liberal National Party,Fairfax,43,2010,2013,2025-04-23
Mike Symon,Australian Labor Party,Deakin,43,2010,2013,2025-04-23
Craig Thomson,Labor/Independent,Dobell,43,2010,2013,2025-04-23
Dick Adams,Australian Labor Party,Lyons,43,2010,2013,2025-04-23
David Bradbury,Australian Labor Party,Lindsay,43,2010,2013,2025-04-23
Darren Cheeseman,Australian Labor Party,Corangamite,43,2010,2013,2025-04-23
Greg Combet,Australian Labor Party,Charlton,43,2010,2013,2025-04-23
Simon Crean,Australian Labor Party,Hotham,43,2010,2013,2025-04-23
Tony Crook,Nationals WA,O'Connor,43,2010,2013,2025-04-23
Yvette D'Ath,Australian Labor Party,Petrie,43,2010,2013,2025-04-23
Craig Emerson,Australian Labor Party,Rankin,43,2010,2013,2025-04-23
Martin Ferguson,Australian Labor Party,Batman,43,2010,2013,2025-04-23
John Forrest,National Party of Australia,Mallee,43,2010,2013,2025-04-23
Peter Garrett,Australian Labor Party,Kingsford Smith,43,2010,2013,2025-04-23
Joanna Gash,Liberal Party of Australia,Gilmore,43,2010,2013,2025-04-23
Steve Gibbons,Australian Labor Party,Bendigo,43,2010,2013,2025-04-23
Julia Gillard,Australian Labor Party,Lalor,43,2010,2013,2025-04-23
Sharon Grierson,Australian Labor Party,Newcastle,43,2010,2013,2025-04-23
Barry Haase,Liberal Party of Australia,Durack,43,2010,2013,2025-04-23
Joe Hockey,Liberal Party of Australia,North Sydney,43,2010,2013,2025-04-23
Harry Jenkins,Australian Labor Party,Scullin,43,2010,2013,2025-04-23
Mal Washer,Liberal Party of Australia,Moore,43,2010,2013,2025-04-23
Tony Windsor,Independent,New England,43,2010,2013,2025-04-23
Judi Moylan,Liberal Party of Australia,Pearce,43,2010,2013,2025-04-23
John Murphy,Australian Labor Party,Reid,43,2010,2013,2025-04-23
Paul Neville,Liberal National Party,Hinkler,43,2010,2013,2025-04-23
Deborah O'Neill,Australian Labor Party,Robertson,43,2010,2013,2025-04-23
Rob Oakeshott,Independent,Lyne,43,2010,2013,2025-04-23
