name_variant,electorate_or_state,member_id,canonical_full_name,source
Aaron Violi,Casey,aaron_violi,Aaron Violi,canonical
Aaron Violi,Casey,aaron_violi,Aaron Violi,v1_mps.full_name
aaron_violi,Casey,aaron_violi,Aaron Violi,v1_mps.mp_id
Adam Bandt,Melbourne,adam_bandt,Adam Bandt,canonical
Adam Bandt,Melbourne,adam_bandt,Adam Bandt,v1_mps.full_name
adam_paul_bandt,Melbourne,adam_bandt,Adam Bandt,v1_mps.mp_id
Alan Griffin,Bruce,alan_griffin,Alan Griffin,canonical
Alan Peter Griffin,Bruce,alan_griffin,Alan Griffin,v1_mps.full_name
alan_peter_griffin,Bruce,alan_griffin,Alan Griffin,v1_mps.mp_id
Bruce Griffin,Bruce,alan_griffin,Alan Griffin,v1_mps.full_name
bruce_griffin,Bruce,alan_griffin,Alan Griffin,v1_mps.mp_id
Alan Tudge,Aston,alan_tudge,Alan Tudge,canonical
Alan Tudge,Aston,alan_tudge,Alan Tudge,v1_mps.full_name
alan_tudge,Aston,alan_tudge,Alan Tudge,v1_mps.mp_id
Alannah MacTiernan,Perth,alannah_mactiernan,Alannah MacTiernan,canonical
Alannah MacTiernan,Perth,alannah_mactiernan,Alannah MacTiernan,v1_mps.full_name
alannah_mactiernan,Perth,alannah_mactiernan,Alannah MacTiernan,v1_mps.mp_id
Alby Schultz,Hume,alby_schultz,Alby Schultz,canonical
Alby Schultz,Hume,alby_schultz,Alby Schultz,v1_mps.full_name
alby_schultz,Hume,alby_schultz,Alby Schultz,v1_mps.mp_id
Alex Hawke,,alex_hawke,Alex Hawke,v1_name_special_cases
Alex Hawke,Mitchell,alex_hawke,Alex Hawke,canonical
Alex Hawke,Mitchell,alex_hawke,Alex Hawke,v1_mps.full_name
alex_hawke,Mitchell,alex_hawke,Alex Hawke,v1_mps.mp_id
Alexander George Hawke,,alex_hawke,Alex Hawke,v1_name_special_cases
Alexander Hawke,Mitchell,alex_hawke,Alex Hawke,v1_mps.full_name
alexander_george_hawke,Mitchell,alex_hawke,Alex Hawke,v1_mps.mp_id
Alex Somlyay,Fairfax,alex_somlyay,Alex Somlyay,canonical
Alexander Somlyay,Fairfax,alex_somlyay,Alex Somlyay,v1_mps.full_name
alexander_somlyay,Fairfax,alex_somlyay,Alex Somlyay,v1_mps.mp_id
Ali France,Dickson,ali_france,Ali France,aph_48
Alice Jordan-Baird,Gorton,alice_jordan_baird,Alice Jordan-Baird,aph_48
Alicia Payne,Canberra,alicia_payne,Alicia Payne,canonical
Alicia Payne,Canberra,alicia_payne,Alicia Payne,v1_mps.full_name
alicia_payne,Canberra,alicia_payne,Alicia Payne,v1_mps.mp_id
Alison Byrnes,Cunningham,alison_byrnes,Alison Byrnes,canonical
Alison Byrnes,Cunningham,alison_byrnes,Alison Byrnes,v1_mps.full_name
alison_byrnes,Cunningham,alison_byrnes,Alison Byrnes,v1_mps.mp_id
Alison Penfold,Lyne,alison_penfold,Alison Penfold,aph_48
Allegra Spender,Wentworth,allegra_spender,Allegra Spender,canonical
Allegra Spender,Wentworth,allegra_spender,Allegra Spender,v1_mps.full_name
allegra_spender,Wentworth,allegra_spender,Allegra Spender,v1_mps.mp_id
Amanda Rishworth,Kingston,amanda_rishworth,Amanda Rishworth,canonical
Amanda Rishworth,Kingston,amanda_rishworth,Amanda Rishworth,v1_mps.full_name
amanda_rishworth,Kingston,amanda_rishworth,Amanda Rishworth,v1_mps.mp_id
Andrew Broad,Mallee,andrew_broad,Andrew Broad,canonical
Andrew John Broad,Mallee,andrew_broad,Andrew Broad,v1_mps.full_name
andrew_john_broad,Mallee,andrew_broad,Andrew Broad,v1_mps.mp_id
Andrew Charlton,Parramatta,andrew_charlton,Andrew Charlton,canonical
Andrew Charlton,Parramatta,andrew_charlton,Andrew Charlton,v1_mps.full_name
andrew_charlton,Parramatta,andrew_charlton,Andrew Charlton,v1_mps.mp_id
Andrew Gee,Calare,andrew_gee,Andrew Gee,canonical
Andrew Gee,Calare,andrew_gee,Andrew Gee,v1_mps.full_name
andrew_gee,Calare,andrew_gee,Andrew Gee,v1_mps.mp_id
Andrew Giles,Scullin,andrew_giles,Andrew Giles,canonical
Andrew Giles,Scullin,andrew_giles,Andrew Giles,v1_mps.full_name
andrew_james_giles,Scullin,andrew_giles,Andrew Giles,v1_mps.mp_id
Andrew Hastie,Canning,andrew_hastie,Andrew Hastie,canonical
Andrew Hastie,Canning WA,andrew_hastie,Andrew Hastie,v1_mps.full_name
Andrew William Hastie,Canning,andrew_hastie,Andrew Hastie,v1_mps.full_name
andrew_hastie,Canning WA,andrew_hastie,Andrew Hastie,v1_mps.mp_id
andrew_william_hastie,Canning,andrew_hastie,Andrew Hastie,v1_mps.mp_id
Andrew Laming,Bowman,andrew_laming,Andrew Laming,canonical
Andrew Laming,Bowman,andrew_laming,Andrew Laming,v1_mps.full_name
andrew_charles_laming,Bowman,andrew_laming,Andrew Laming,v1_mps.mp_id
Andrew Leigh,Fenner,andrew_leigh,Andrew Leigh,canonical
Andrew Leigh,Fenner,andrew_leigh,Andrew Leigh,v1_mps.full_name
andrew_keith_leigh,Fenner,andrew_leigh,Andrew Leigh,v1_mps.mp_id
Andrew Alexander Nikolic,Bass,andrew_nikolic,Andrew Nikolic,v1_mps.full_name
Andrew Nikolic,Bass,andrew_nikolic,Andrew Nikolic,canonical
andrew_alexander_nikolic,Bass,andrew_nikolic,Andrew Nikolic,v1_mps.mp_id
Andrew Robb,Goldstein,andrew_robb,Andrew Robb,canonical
Andrew Robb,Goldstein,andrew_robb,Andrew Robb,v1_mps.full_name
andrew_robb,Goldstein,andrew_robb,Andrew Robb,v1_mps.mp_id
Andrew Southcott,Boothby,andrew_southcott,Andrew Southcott,canonical
Andrew Southcott,Boothby,andrew_southcott,Andrew Southcott,v1_mps.full_name
andrew_southcott,Boothby,andrew_southcott,Andrew Southcott,v1_mps.mp_id
Andrew Wallace,Fisher,andrew_wallace,Andrew Wallace,canonical
Andrew Wallace,Fisher,andrew_wallace,Andrew Wallace,v1_mps.full_name
andrew_wallace,Fisher,andrew_wallace,Andrew Wallace,v1_mps.mp_id
Andrew Damien Wilkie,Denison,andrew_wilkie,Andrew Wilkie,v1_mps.full_name
Andrew Wilkie,Clark,andrew_wilkie,Andrew Wilkie,canonical
Andrew Wilkie,Clark,andrew_wilkie,Andrew Wilkie,v1_mps.full_name
andrew_damien_wilkie,Denison,andrew_wilkie,Andrew Wilkie,v1_mps.mp_id
andrew_wilkie,Clark,andrew_wilkie,Andrew Wilkie,v1_mps.mp_id
Andrew Willcox,Dawson,andrew_willcox,Andrew Willcox,canonical
Andrew Willcox,Dawson,andrew_willcox,Andrew Willcox,v1_mps.full_name
andrew_willcox,Dawson,andrew_willcox,Andrew Willcox,v1_mps.mp_id
Angie Bell,Moncrieff,angie_bell,Angie Bell,canonical
Angie Bell,Moncrieff,angie_bell,Angie Bell,v1_mps.full_name
angie_bell,Moncrieff,angie_bell,Angie Bell,v1_mps.mp_id
Angus Taylor,Hume,angus_taylor,Angus Taylor,canonical
Angus Taylor,Hume,angus_taylor,Angus Taylor,v1_mps.full_name
angus_taylor,Hume,angus_taylor,Angus Taylor,v1_mps.mp_id
Anika Wells,Lilley,anika_wells,Anika Wells,canonical
Anika Wells,Lilley,anika_wells,Anika Wells,v1_mps.full_name
anika_wells,Lilley,anika_wells,Anika Wells,v1_mps.mp_id
Ann Sudmalis,Gilmore,ann_sudmalis,Ann Sudmalis,canonical
Ann Sudmalis,Gilmore,ann_sudmalis,Ann Sudmalis,v1_mps.full_name
ann_sudmalis,Gilmore,ann_sudmalis,Ann Sudmalis,v1_mps.mp_id
Anna Burke,Chisholm,anna_burke,Anna Burke,canonical
Anna Elizabeth Burke,Chisholm,anna_burke,Anna Burke,v1_mps.full_name
anna_elizabeth_burke,Chisholm,anna_burke,Anna Burke,v1_mps.mp_id
Anne Aly,Cowan,anne_aly,Anne Aly,canonical
Anne Aly,Cowan,anne_aly,Anne Aly,v1_mps.full_name
anne_aly,Cowan,anne_aly,Anne Aly,v1_mps.mp_id
Anne Stanley,Werriwa,anne_stanley,Anne Stanley,canonical
Anne Stanley,Werriwa,anne_stanley,Anne Stanley,v1_mps.full_name
anne_stanley,Werriwa,anne_stanley,Anne Stanley,v1_mps.mp_id
Anne Urquhart,Braddon,anne_urquhart,Anne Urquhart,aph_48
Anne Webster,Mallee,anne_webster,Anne Webster,canonical
Anne Webster,Mallee,anne_webster,Anne Webster,v1_mps.full_name
anne_webster,Mallee,anne_webster,Anne Webster,v1_mps.mp_id
Anthony Albanese,Grayndler,anthony_albanese,Anthony Albanese,canonical
Anthony Albanese,Grayndler,anthony_albanese,Anthony Albanese,v1_mps.full_name
anthony_albanese,Grayndler,anthony_albanese,Anthony Albanese,v1_mps.mp_id
Anthony Byrne,Holt,anthony_byrne,Anthony Byrne,canonical
Anthony Byrne,Holt,anthony_byrne,Anthony Byrne,v1_mps.full_name
anthony_michael_byrne,Holt,anthony_byrne,Anthony Byrne,v1_mps.mp_id
Ash Ambihaipahar,Barton,ash_ambihaipahar,Ash Ambihaipahar,aph_48
Barnaby Joyce,New England,barnaby_joyce,Barnaby Joyce,canonical
Barnaby Joyce,New England,barnaby_joyce,Barnaby Joyce,v1_mps.full_name
barnaby_joyce,New England,barnaby_joyce,Barnaby Joyce,v1_mps.mp_id
Barry Haase,Durack,barry_haase,Barry Haase,canonical
Barry Wayne Haase,Durack,barry_haase,Barry Haase,v1_mps.full_name
barry_wayne_haase,Durack,barry_haase,Barry Haase,v1_mps.mp_id
Basem Abdo,Calwell,basem_abdo,Basem Abdo,aph_48
Ben Morton,Tangney,ben_morton,Ben Morton,canonical
Ben Morton,Tangney,ben_morton,Ben Morton,v1_mps.full_name
ben_morton,Tangney,ben_morton,Ben Morton,v1_mps.mp_id
Ben Small,Forrest,ben_small,Ben Small,aph_48
Bernard Ripoll,Oxley,bernie_ripoll,Bernie Ripoll,v1_mps.full_name
bernard_ripoll,Oxley,bernie_ripoll,Bernie Ripoll,v1_mps.mp_id
Bernie Ripoll,Oxley,bernie_ripoll,Bernie Ripoll,canonical
Albertus Johannes Van Manen,Forde,bert_van_manen,Bert van Manen,v1_merge_overrides
Albertus Johannes Van Manen,Forde,bert_van_manen,Bert van Manen,v1_mps.full_name
Albertus Van Manen,,bert_van_manen,Bert van Manen,v1_name_special_cases
Albertus Van Manen,Forde,bert_van_manen,Bert van Manen,v1_merge_overrides
albertus_johannes_van_manen,Forde,bert_van_manen,Bert van Manen,v1_mps.mp_id
albertus_van_manen,Forde,bert_van_manen,Bert van Manen,v1_merge_overrides
Bert Van Manen,,bert_van_manen,Bert van Manen,v1_name_special_cases
Bert Van Manen,Forde,bert_van_manen,Bert van Manen,v1_mps.full_name
Bert van Manen,Forde,bert_van_manen,Bert van Manen,canonical
bert_van_manen,Forde,bert_van_manen,Bert van Manen,v1_mps.mp_id
"Van Manen, Albertus Johannes",,bert_van_manen,Bert van Manen,v1_name_special_cases
Bill Shorten,Maribyrnong,bill_shorten,Bill Shorten,canonical
Bill Shorten,Maribyrnong,bill_shorten,Bill Shorten,v1_mps.full_name
bill_shorten,Maribyrnong,bill_shorten,Bill Shorten,v1_mps.mp_id
William Shorten,Maribyrnong,bill_shorten,Bill Shorten,v1_mps.full_name
william_richard_shorten,Maribyrnong,bill_shorten,Bill Shorten,v1_mps.mp_id
Bob Baldwin,Paterson,bob_baldwin,Bob Baldwin,canonical
Robert Charles Baldwin,Paterson,bob_baldwin,Bob Baldwin,v1_mps.full_name
robert_charles_baldwin,Paterson,bob_baldwin,Bob Baldwin,v1_mps.mp_id
Bob Katter,Kennedy,bob_katter,Bob Katter,canonical
Bob Katter,Kennedy,bob_katter,Bob Katter,v1_mps.full_name
bob_katter,Kennedy,bob_katter,Bob Katter,v1_mps.mp_id
Robert Carl Katter,Kennedy,bob_katter,Bob Katter,v1_mps.full_name
Robert Katter,Kennedy,bob_katter,Bob Katter,aph_48
robert_carl_katter,Kennedy,bob_katter,Bob Katter,v1_mps.mp_id
Brendan O'Connor,Gorton,brendan_o_connor,Brendan O'Connor,canonical
Brendan O'Connor,Gorton,brendan_o_connor,Brendan O'Connor,v1_mps.full_name
brendan_o'connor,Gorton,brendan_o_connor,Brendan O'Connor,v1_mps.mp_id
Brett David Whiteley,Braddon,brett_whiteley,Brett Whiteley,v1_mps.full_name
Brett Whiteley,Braddon,brett_whiteley,Brett Whiteley,canonical
brett_david_whiteley,Braddon,brett_whiteley,Brett Whiteley,v1_mps.mp_id
Brian Mitchell,Lyons,brian_mitchell,Brian Mitchell,canonical
Brian Mitchell,Lyons,brian_mitchell,Brian Mitchell,v1_mps.full_name
brian_mitchell,Lyons,brian_mitchell,Brian Mitchell,v1_mps.mp_id
Bridget Archer,BASS,bridget_archer,Bridget Archer,v1_mps.full_name
Bridget Archer,Bass,bridget_archer,Bridget Archer,canonical
bridget_archer,BASS,bridget_archer,Bridget Archer,v1_mps.mp_id
Bronwyn Bishop,Mackellar,bronwyn_bishop,Bronwyn Bishop,canonical
Bronwyn Kathleen Bishop,Mackellar,bronwyn_bishop,Bronwyn Bishop,v1_mps.full_name
bronwyn_kathleen_bishop,Mackellar,bronwyn_bishop,Bronwyn Bishop,v1_mps.mp_id
Bruce Billson,Dunkley,bruce_billson,Bruce Billson,canonical
Bruce Fredrick Billson,Dunkley,bruce_billson,Bruce Billson,v1_mps.full_name
bruce_fredrick_billson,Dunkley,bruce_billson,Bruce Billson,v1_mps.mp_id
Bruce Scott,Maranoa,bruce_scott,Bruce Scott,canonical
Bruce Scott,Maranoa,bruce_scott,Bruce Scott,v1_mps.full_name
bruce_craig_scott,Maranoa,bruce_scott,Bruce Scott,v1_mps.mp_id
Cameron Caldwell,Fadden,cameron_caldwell,Cameron Caldwell,canonical
Cameron Caldwell,Fadden,cameron_caldwell,Cameron Caldwell,v1_mps.full_name
cameron_caldwell,Fadden,cameron_caldwell,Cameron Caldwell,v1_mps.mp_id
Carina Garland,Chisholm,carina_garland,Carina Garland,canonical
Carina Garland,Chisholm,carina_garland,Carina Garland,v1_mps.full_name
carina_garland,Chisholm,carina_garland,Carina Garland,v1_mps.mp_id
Carol Berry,Whitlam,carol_berry,Carol Berry,aph_48
Cassandra Fernando,Holt,cassandra_fernando,Cassandra Fernando,canonical
Cassandra Fernando,Holt,cassandra_fernando,Cassandra Fernando,v1_mps.full_name
cassandra_fernando,Holt,cassandra_fernando,Cassandra Fernando,v1_mps.mp_id
Catherine King,Ballarat,catherine_king,Catherine King,canonical
Catherine King,Ballarat,catherine_king,Catherine King,v1_mps.full_name
catherine_king,Ballarat,catherine_king,Catherine King,v1_mps.mp_id
Catherine McGowan,Indi,cathy_mcgowan,Cathy McGowan,v1_mps.full_name
catherine_mcgowan,Indi,cathy_mcgowan,Cathy McGowan,v1_mps.mp_id
Cathy McGowan,Indi,cathy_mcgowan,Cathy McGowan,canonical
Catherine Elizabeth O'Toole,,cathy_o_toole,Cathy O'Toole,v1_name_special_cases
Catherine Elizabeth O'Toole,Herbert,cathy_o_toole,Cathy O'Toole,v1_mps.full_name
catherine_elizabeth_o'toole,Herbert,cathy_o_toole,Cathy O'Toole,v1_mps.mp_id
Cathy O'Toole,,cathy_o_toole,Cathy O'Toole,v1_name_special_cases
Cathy O'Toole,Herbert,cathy_o_toole,Cathy O'Toole,canonical
Celia Hammond,Curtin,celia_hammond,Celia Hammond,canonical
Celia Hammond,Curtin,celia_hammond,Celia Hammond,v1_mps.full_name
celia_hammond,Curtin,celia_hammond,Celia Hammond,v1_mps.mp_id
Chris Bowen,,chris_bowen,Chris Bowen,v1_name_special_cases
Chris Bowen,Mc Mahon,chris_bowen,Chris Bowen,v1_merge_overrides
Chris Bowen,McMahon,chris_bowen,Chris Bowen,canonical
Chris Bowen,McMahon,chris_bowen,Chris Bowen,v1_merge_overrides
Chris Bowen,McMahon,chris_bowen,Chris Bowen,v1_mps.full_name
chris_bowen,McMahon,chris_bowen,Chris Bowen,v1_merge_overrides
chris_bowen,McMahon,chris_bowen,Chris Bowen,v1_mps.mp_id
Christopher Bowen,,chris_bowen,Chris Bowen,v1_name_special_cases
Christopher Bowen,Mc Mahon,chris_bowen,Chris Bowen,v1_merge_overrides
Christopher Eyles Bowen,McMahon,chris_bowen,Chris Bowen,v1_merge_overrides
christopher_bowen,Mc Mahon,chris_bowen,Chris Bowen,v1_merge_overrides
christopher_eyles_bowen,McMahon,chris_bowen,Chris Bowen,v1_merge_overrides
Chris Crewther,,chris_crewther,Chris Crewther,v1_name_special_cases
Chris Crewther,Dunkley,chris_crewther,Chris Crewther,canonical
Christopher John Crewther,,chris_crewther,Chris Crewther,v1_name_special_cases
Christopher John Crewther,Dunkley,chris_crewther,Chris Crewther,v1_mps.full_name
christopher_john_crewther,Dunkley,chris_crewther,Chris Crewther,v1_mps.mp_id
Chris Hayes,,chris_hayes,Chris Hayes,v1_name_special_cases
Chris Hayes,Fowler,chris_hayes,Chris Hayes,canonical
Christopher Hayes,,chris_hayes,Chris Hayes,v1_name_special_cases
Christopher Hayes,Fowler,chris_hayes,Chris Hayes,v1_mps.full_name
christopher_patrick_hayes,Fowler,chris_hayes,Chris Hayes,v1_mps.mp_id
Charles Porter,Pearce,christian_porter,Christian Porter,v1_mps.full_name
charles_porter,Pearce,christian_porter,Christian Porter,v1_mps.mp_id
Christian Porter,Pearce,christian_porter,Christian Porter,canonical
Christian Porter,Pearce,christian_porter,Christian Porter,v1_mps.full_name
christian_porter,Pearce,christian_porter,Christian Porter,v1_mps.mp_id
Christopher Pyne,Sturt,christopher_pyne,Christopher Pyne,canonical
Christopher Pyne,Sturt,christopher_pyne,Christopher Pyne,v1_mps.full_name
christopher_maurice_pyne,Sturt,christopher_pyne,Christopher Pyne,v1_mps.mp_id
Claire Clutterham,Sturt,claire_clutterham,Claire Clutterham,aph_48
Clare Ellen O'Neil,HOTHAM,clare_o_neil,Clare O'Neil,v1_merge_overrides
Clare Ellen O'Neil,Hotham,clare_o_neil,Clare O'Neil,v1_merge_overrides
Clare Ellen O'Neil,Hotham,clare_o_neil,Clare O'Neil,v1_mps.full_name
Clare O'Neil,Hotham,clare_o_neil,Clare O'Neil,canonical
Clare O'Neil,Hotham,clare_o_neil,Clare O'Neil,v1_merge_overrides
clare_ellen_o'neil,Hotham,clare_o_neil,Clare O'Neil,v1_mps.mp_id
clare_o'neil,HOTHAM,clare_o_neil,Clare O'Neil,v1_merge_overrides
Clive Frederick Palmer,Fairfax,clive_palmer,Clive Palmer,v1_mps.full_name
Clive Palmer,Fairfax,clive_palmer,Clive Palmer,canonical
clive_frederick_palmer,Fairfax,clive_palmer,Clive Palmer,v1_mps.mp_id
Colin Boyce,Flynn,colin_boyce,Colin Boyce,canonical
Colin Einar Boyce,Flynn,colin_boyce,Colin Boyce,v1_mps.full_name
colin_einar_boyce,Flynn,colin_boyce,Colin Boyce,v1_mps.mp_id
Craig Anthony Emerson,Rankin,craig_emerson,Craig Emerson,v1_mps.full_name
Craig Emerson,Rankin,craig_emerson,Craig Emerson,canonical
craig_anthony_emerson,Rankin,craig_emerson,Craig Emerson,v1_mps.mp_id
Craig Kelly,Hughes,craig_kelly,Craig Kelly,canonical
Craig Kelly,Hughes,craig_kelly,Craig Kelly,v1_mps.full_name
craig_kelly,Hughes,craig_kelly,Craig Kelly,v1_mps.mp_id
Craig Laundy,Reid,craig_laundy,Craig Laundy,canonical
Craig Laundy,Reid,craig_laundy,Craig Laundy,v1_mps.full_name
craig_laundy,Reid,craig_laundy,Craig Laundy,v1_mps.mp_id
Craig Robert Thomson,Dobell,craig_thomson,Craig Thomson,v1_mps.full_name
Craig Thomson,Dobell,craig_thomson,Craig Thomson,canonical
craig_robert_thomson,Dobell,craig_thomson,Craig Thomson,v1_mps.mp_id
Dai Le,Fowler,dai_le,Dai Le,canonical
Dai Le,Fowler,dai_le,Dai Le,v1_mps.full_name
dai_le,Fowler,dai_le,Dai Le,v1_mps.mp_id
Damian Drum,Nicholls,damian_drum,Damian Drum,canonical
Damian Drum,Nicholls,damian_drum,Damian Drum,v1_mps.full_name
Damian Kevin Drum,Murray,damian_drum,Damian Drum,v1_mps.full_name
damian_drum,Nicholls,damian_drum,Damian Drum,v1_mps.mp_id
damian_kevin_drum,Murray,damian_drum,Damian Drum,v1_mps.mp_id
Dan Tehan,,dan_tehan,Dan Tehan,v1_name_special_cases
Dan Tehan,Wannon,dan_tehan,Dan Tehan,canonical
Daniel Tehan,,dan_tehan,Dan Tehan,v1_name_special_cases
Daniel Tehan,Wannon,dan_tehan,Dan Tehan,v1_mps.full_name
daniel_thomas_tehan,Wannon,dan_tehan,Dan Tehan,v1_mps.mp_id
Daniel Mulino,Fraser,daniel_mulino,Daniel Mulino,canonical
Daniel Mulino,Fraser,daniel_mulino,Daniel Mulino,v1_mps.full_name
daniel_mulino,Fraser,daniel_mulino,Daniel Mulino,v1_mps.mp_id
Dan Repacholi,Hunter,daniel_repacholi,Daniel Repacholi,v1_mps.full_name
dan_repacholi,Hunter,daniel_repacholi,Daniel Repacholi,v1_mps.mp_id
Daniel Repacholi,Hunter,daniel_repacholi,Daniel Repacholi,canonical
Darren Cheeseman,Corangamite,darren_cheeseman,Darren Cheeseman,canonical
Darren Cheeseman,Corangamite,darren_cheeseman,Darren Cheeseman,v1_mps.full_name
darren_cheeseman,Corangamite,darren_cheeseman,Darren Cheeseman,v1_mps.mp_id
Darren Chester,Gippsland,darren_chester,Darren Chester,canonical
Darren Chester,Gippsland,darren_chester,Darren Chester,v1_mps.full_name
darren_chester,Gippsland,darren_chester,Darren Chester,v1_mps.mp_id
Daryl Melham,Banks,daryl_melham,Daryl Melham,canonical
Daryl Melham,Banks,daryl_melham,Daryl Melham,v1_mps.full_name
daryl_melham,Banks,daryl_melham,Daryl Melham,v1_mps.mp_id
Dave Sharma,Wentworth,dave_sharma,Dave Sharma,canonical
Dave Sharma,Wentworth,dave_sharma,Dave Sharma,v1_mps.full_name
dave_sharma,Wentworth,dave_sharma,Dave Sharma,v1_mps.mp_id
David Batt,Hinkler,david_batt,David Batt,aph_48
David Bradbury,Lindsay,david_bradbury,David Bradbury,canonical
David Bradbury,Lindsay,david_bradbury,David Bradbury,v1_mps.full_name
david_bradbury,Lindsay,david_bradbury,David Bradbury,v1_mps.mp_id
David Coleman,Banks,david_coleman,David Coleman,canonical
David Coleman,Banks,david_coleman,David Coleman,v1_mps.full_name
david_coleman,Banks,david_coleman,David Coleman,v1_mps.mp_id
David Farley,Farrer,david_farley,David Farley,aph_48
David Feeney,Batman,david_feeney,David Feeney,canonical
David Ian Feeney,Batman,david_feeney,David Feeney,v1_mps.full_name
david_ian_feeney,Batman,david_feeney,David Feeney,v1_mps.mp_id
David Gillespie,Lyne,david_gillespie,David Gillespie,canonical
David Gillespie,Lyne,david_gillespie,David Gillespie,v1_mps.full_name
david_gillespie,Lyne,david_gillespie,David Gillespie,v1_mps.mp_id
David Littleproud,Maranoa,david_littleproud,David Littleproud,canonical
David Littleproud,Maranoa,david_littleproud,David Littleproud,v1_mps.full_name
david_littleproud,Maranoa,david_littleproud,David Littleproud,v1_mps.mp_id
David Moncrieff,Hughes,david_moncrieff,David Moncrieff,aph_48
David Smith,Bean,david_smith,David Smith,canonical
David Smith,Bean,david_smith,David Smith,v1_mps.full_name
david_smith,Bean,david_smith,David Smith,v1_mps.mp_id
Deborah Mary O'Neill,Robertson,deborah_o_neill,Deborah O'Neill,v1_mps.full_name
Deborah O'Neill,Robertson,deborah_o_neill,Deborah O'Neill,canonical
deborah_mary_o'neill,Robertson,deborah_o_neill,Deborah O'Neill,v1_mps.mp_id
Dennis Geoffrey Jensen,Tangney,dennis_jensen,Dennis Jensen,v1_mps.full_name
Dennis Jensen,Tangney,dennis_jensen,Dennis Jensen,canonical
dennis_geoffrey_jensen,Tangney,dennis_jensen,Dennis Jensen,v1_mps.mp_id
Dick Adams,Lyons,dick_adams,Dick Adams,canonical
Dick Adams,Lyons,dick_adams,Dick Adams,v1_mps.full_name
dick_adams,Lyons,dick_adams,Dick Adams,v1_mps.mp_id
Don Randall,,don_randall,Don Randall,v1_name_special_cases
Don Randall,Canning,don_randall,Don Randall,canonical
Donald James Randall,,don_randall,Don Randall,v1_name_special_cases
Donald James Randall,Canning,don_randall,Don Randall,v1_mps.full_name
donald_james_randall,Canning,don_randall,Don Randall,v1_mps.mp_id
Ed Husic,Chifley,ed_husic,Ed Husic,canonical
Ed Husic,Chifley,ed_husic,Ed Husic,v1_mps.full_name
ed_husic,Chifley,ed_husic,Ed Husic,v1_mps.mp_id
Edham (Ed) Nurredin Husic,Chifley,ed_husic,Ed Husic,v1_mps.full_name
edham_(ed)_nurredin_husic,Chifley,ed_husic,Ed Husic,v1_mps.mp_id
Elizabeth Watson-Brown,Ryan,elizabeth_watson_brown,Elizabeth Watson-Brown,canonical
Elizabeth Watson-Brown,Ryan,elizabeth_watson_brown,Elizabeth Watson-Brown,v1_mps.full_name
elizabeth_watson-brown,Ryan,elizabeth_watson_brown,Elizabeth Watson-Brown,v1_mps.mp_id
Emma Comer,Petrie,emma_comer,Emma Comer,aph_48
Emma Husar,Lindsay,emma_husar,Emma Husar,canonical
Emma Husar,Lindsay,emma_husar,Emma Husar,v1_mps.full_name
emma_husar,Lindsay,emma_husar,Emma Husar,v1_mps.mp_id
Emma Margaret McBride,Dobell,emma_mcbride,Emma McBride,v1_mps.full_name
Emma McBride,Dobell,emma_mcbride,Emma McBride,canonical
Emma Mcbride,Dobell,emma_mcbride,Emma McBride,v1_mps.full_name
emma_margaret_mcbride,Dobell,emma_mcbride,Emma McBride,v1_mps.mp_id
emma_mcbride,Dobell,emma_mcbride,Emma McBride,v1_mps.mp_id
Eric Hutchinson,Lyons,eric_hutchinson,Eric Hutchinson,canonical
Eric Russell Hutchinson,Lyons,eric_hutchinson,Eric Hutchinson,v1_mps.full_name
eric_russell_hutchinson,Lyons,eric_hutchinson,Eric Hutchinson,v1_mps.mp_id
Ewan Thomas Jones,Herbert,ewen_jones,Ewen Jones,v1_mps.full_name
ewan_thomas_jones,Herbert,ewen_jones,Ewen Jones,v1_mps.mp_id
Ewen Jones,Herbert,ewen_jones,Ewen Jones,canonical
Ewen Jones,Herbert,ewen_jones,Ewen Jones,v1_mps.full_name
ewen_jones,Herbert,ewen_jones,Ewen Jones,v1_mps.mp_id
Fiona Martin,REID,fiona_martin,Fiona Martin,v1_mps.full_name
Fiona Martin,Reid,fiona_martin,Fiona Martin,canonical
fiona_martin,REID,fiona_martin,Fiona Martin,v1_mps.mp_id
Fiona Phillips,Gilmore,fiona_phillips,Fiona Phillips,canonical
Fiona Phillips,Gilmore,fiona_phillips,Fiona Phillips,v1_mps.full_name
fiona_phillips,Gilmore,fiona_phillips,Fiona Phillips,v1_mps.mp_id
Fiona Scott,Lindsay,fiona_scott,Fiona Scott,canonical
Fiona Scott,Lindsay,fiona_scott,Fiona Scott,v1_mps.full_name
fiona_scott,Lindsay,fiona_scott,Fiona Scott,v1_mps.mp_id
Gabriel Ng,Menzies,gabriel_ng,Gabriel Ng,aph_48
Gai Brodtmann,Canberra,gai_brodtmann,Gai Brodtmann,canonical
Gai Brodtmann,Canberra,gai_brodtmann,Gai Brodtmann,v1_mps.full_name
gai_marie_brodtmann,Canberra,gai_brodtmann,Gai Brodtmann,v1_mps.mp_id
Garth Hamilton,Groom,garth_hamilton,Garth Hamilton,canonical
Garth Hamilton,Groom,garth_hamilton,Garth Hamilton,v1_mps.full_name
garth_hamilton,Groom,garth_hamilton,Garth Hamilton,v1_mps.mp_id
Gary Gray,Brand,gary_gray,Gary Gray,canonical
Gary Gray,Brand,gary_gray,Gary Gray,v1_mps.full_name
gary_gray,Brand,gary_gray,Gary Gray,v1_mps.mp_id
Gavin Pearce,Braddon,gavin_pearce,Gavin Pearce,canonical
Gavin Pearce,Braddon,gavin_pearce,Gavin Pearce,v1_mps.full_name
gavin_pearce,Braddon,gavin_pearce,Gavin Pearce,v1_mps.mp_id
Ged (Gerardine) Kearney,Cooper,ged_kearney,Ged Kearney,v1_mps.full_name
Ged Kearney,,ged_kearney,Ged Kearney,v1_name_special_cases
Ged Kearney,Cooper,ged_kearney,Ged Kearney,canonical
ged_(gerardine)_kearney,Cooper,ged_kearney,Ged Kearney,v1_mps.mp_id
Gerardine (Ged) Mary Kearney,,ged_kearney,Ged Kearney,v1_name_special_cases
Gerardine (Ged) Mary Kearney,Batman,ged_kearney,Ged Kearney,v1_mps.full_name
gerardine_(ged)_mary_kearney,Batman,ged_kearney,Ged Kearney,v1_mps.mp_id
Geoff Lyons,Bass,geoff_lyons,Geoff Lyons,canonical
Geoff Lyons,Bass,geoff_lyons,Geoff Lyons,v1_mps.full_name
geoff_lyons,Bass,geoff_lyons,Geoff Lyons,v1_mps.mp_id
George Christensen,DAWSON,george_christensen,George Christensen,v1_mps.full_name
George Christensen,Dawson,george_christensen,George Christensen,canonical
George Robert Christensen,Dawson,george_christensen,George Christensen,v1_mps.full_name
george_christensen,DAWSON,george_christensen,George Christensen,v1_mps.mp_id
george_robert_christensen,Dawson,george_christensen,George Christensen,v1_mps.mp_id
Gladys Liu,Chisholm,gladys_liu,Gladys Liu,canonical
Gladys Liu,Chisholm,gladys_liu,Gladys Liu,v1_mps.full_name
gladys_liu,Chisholm,gladys_liu,Gladys Liu,v1_mps.mp_id
Gordon Reid,Robertson,gordon_reid,Gordon Reid,canonical
Gordon Reid,Robertson,gordon_reid,Gordon Reid,v1_mps.full_name
gordon_reid,Robertson,gordon_reid,Gordon Reid,v1_mps.mp_id
Graham Perrett,Moreton,graham_perrett,Graham Perrett,canonical
Graham Perrett,Moreton,graham_perrett,Graham Perrett,v1_mps.full_name
graham_perrett,Moreton,graham_perrett,Graham Perrett,v1_mps.mp_id
Greg Combet,,greg_combet,Greg Combet,v1_name_special_cases
Greg Combet,Charlton,greg_combet,Greg Combet,canonical
Greg Combet,Charlton,greg_combet,Greg Combet,v1_mps.full_name
greg_combet,Charlton,greg_combet,Greg Combet,v1_mps.mp_id
Gregory Ivan Combet,,greg_combet,Greg Combet,v1_name_special_cases
Greg Hunt,Flinders,greg_hunt,Greg Hunt,canonical
Greg Hunt,Flinders,greg_hunt,Greg Hunt,v1_mps.full_name
greg_hunt,Flinders,greg_hunt,Greg Hunt,v1_mps.mp_id
Gregory Hunt,Flinders,greg_hunt,Greg Hunt,v1_mps.full_name
gregory_hunt,Flinders,greg_hunt,Greg Hunt,v1_mps.mp_id
Harry Jenkins,Scullin,harry_jenkins,Harry Jenkins,canonical
Harry Jenkins,Scullin,harry_jenkins,Harry Jenkins,v1_mps.full_name
harry_jenkins,Scullin,harry_jenkins,Harry Jenkins,v1_mps.mp_id
Helen Haines,Indi,helen_haines,Helen Haines,canonical
Helen Haines,Indi,helen_haines,Helen Haines,v1_mps.full_name
helen_haines,Indi,helen_haines,Helen Haines,v1_mps.mp_id
Henry Pike,Bowman,henry_pike,Henry Pike,canonical
Henry Pike,Bowman,henry_pike,Henry Pike,v1_mps.full_name
henry_pike,Bowman,henry_pike,Henry Pike,v1_mps.mp_id
Ian Goodenough,Moore,ian_goodenough,Ian Goodenough,canonical
Ian Goodenough,Moore,ian_goodenough,Ian Goodenough,v1_mps.full_name
ian_reginald_goodenough,Moore,ian_goodenough,Ian Goodenough,v1_mps.mp_id
Ian Elgin Macfarlane,Groom,ian_macfarlane,Ian Macfarlane,v1_mps.full_name
Ian Macfarlane,Groom,ian_macfarlane,Ian Macfarlane,canonical
ian_elgin_macfarlane,Groom,ian_macfarlane,Ian Macfarlane,v1_mps.mp_id
James Stevens,Sturt,james_stevens,James Stevens,canonical
James Stevens,Sturt,james_stevens,James Stevens,v1_mps.full_name
james_stevens,Sturt,james_stevens,James Stevens,v1_mps.mp_id
Jamie Briggs,Mayo,jamie_briggs,Jamie Briggs,canonical
Jamie Edward Briggs,Mayo,jamie_briggs,Jamie Briggs,v1_mps.full_name
jamie_edward_briggs,Mayo,jamie_briggs,Jamie Briggs,v1_mps.mp_id
Jamie Chaffey,Parkes,jamie_chaffey,Jamie Chaffey,aph_48
Jane Prentice,Ryan,jane_prentice,Jane Prentice,canonical
Jane Prentice,Ryan,jane_prentice,Jane Prentice,v1_mps.full_name
jane_prentice,Ryan,jane_prentice,Jane Prentice,v1_mps.mp_id
Janelle Saffin,Page,janelle_saffin,Janelle Saffin,canonical
Janelle Saffin,Page,janelle_saffin,Janelle Saffin,v1_mps.full_name
janelle_saffin,Page,janelle_saffin,Janelle Saffin,v1_mps.mp_id
Jason Clare,Blaxland,jason_clare,Jason Clare,canonical
Jason Clare,Blaxland,jason_clare,Jason Clare,v1_mps.full_name
jason_clare,Blaxland,jason_clare,Jason Clare,v1_mps.mp_id
Jason Falinski,Mackellar,jason_falinski,Jason Falinski,canonical
Jason Falinski,Mackellar,jason_falinski,Jason Falinski,v1_mps.full_name
jason_george_falinski,Mackellar,jason_falinski,Jason Falinski,v1_mps.mp_id
Jason Wood,La Trobe,jason_wood,Jason Wood,canonical
Jason Wood,La Trobe,jason_wood,Jason Wood,v1_mps.full_name
jason_wood,La Trobe,jason_wood,Jason Wood,v1_mps.mp_id
Jennifer Louise Macklin,,jenny_macklin,Jenny Macklin,v1_name_special_cases
Jennifer Louise Macklin,Jagajaga,jenny_macklin,Jenny Macklin,v1_mps.full_name
jennifer_louise_macklin,Jagajaga,jenny_macklin,Jenny Macklin,v1_mps.mp_id
Jenny Macklin,,jenny_macklin,Jenny Macklin,v1_name_special_cases
Jenny Macklin,Jagajaga,jenny_macklin,Jenny Macklin,canonical
Jenny Ware,Hughes,jenny_ware,Jenny Ware,canonical
Jenny Ware,Hughes,jenny_ware,Jenny Ware,v1_mps.full_name
jenny_ware,Hughes,jenny_ware,Jenny Ware,v1_mps.mp_id
Jerome Laxale,Bennelong,jerome_laxale,Jerome Laxale,canonical
Jerome Laxale,Bennelong,jerome_laxale,Jerome Laxale,v1_mps.full_name
jerome_laxale,Bennelong,jerome_laxale,Jerome Laxale,v1_mps.mp_id
Jess Teesdale,Bass,jess_teesdale,Jess Teesdale,aph_48
Jill Hall,Shortland,jill_hall,Jill Hall,canonical
Jill Hall,Shortland,jill_hall,Jill Hall,v1_mps.full_name
jill_hall,Shortland,jill_hall,Jill Hall,v1_mps.mp_id
James Edward Chalmers,Rankin,jim_chalmers,Jim Chalmers,v1_mps.full_name
james_edward_chalmers,Rankin,jim_chalmers,Jim Chalmers,v1_mps.mp_id
Jim Chalmers,RANKIN,jim_chalmers,Jim Chalmers,v1_mps.full_name
Jim Chalmers,Rankin,jim_chalmers,Jim Chalmers,canonical
jim_chalmers,RANKIN,jim_chalmers,Jim Chalmers,v1_mps.mp_id
Jo Briskey,Maribyrnong,jo_briskey,Jo Briskey,aph_48
Joanna Gash,Gilmore,joanna_gash,Joanna Gash,canonical
Joanna Gash,Gilmore,joanna_gash,Joanna Gash,v1_mps.full_name
joanna_gash,Gilmore,joanna_gash,Joanna Gash,v1_mps.mp_id
Joanne Ryan,Lalor,joanne_ryan,Joanne Ryan,canonical
Joanne Ryan,Lalor,joanne_ryan,Joanne Ryan,v1_mps.full_name
joanne_ryan,Lalor,joanne_ryan,Joanne Ryan,v1_mps.mp_id
Jodie Belyea,Dunkley,jodie_belyea,Jodie Belyea,canonical
Jodie Belyea,Dunkley,jodie_belyea,Jodie Belyea,v1_mps.full_name
jodie_belyea,Dunkley,jodie_belyea,Jodie Belyea,v1_mps.mp_id
Joe Hockey,North Sydney,joe_hockey,Joe Hockey,canonical
Joe Hockey,North Sydney,joe_hockey,Joe Hockey,v1_mps.full_name
joe_hockey,North Sydney,joe_hockey,Joe Hockey,v1_mps.mp_id
Joseph Benedict Hockey,North Sydney,joe_hockey,Joe Hockey,v1_mps.full_name
joseph_benedict_hockey,North Sydney,joe_hockey,Joe Hockey,v1_mps.mp_id
Joel Fitzgibbon,Hunter,joel_fitzgibbon,Joel Fitzgibbon,canonical
Joel Fitzgibbon,Hunter,joel_fitzgibbon,Joel Fitzgibbon,v1_mps.full_name
joel_andrew_fitzgibbon,Hunter,joel_fitzgibbon,Joel Fitzgibbon,v1_mps.mp_id
John Alexander,Bennelong,john_alexander,John Alexander,canonical
John Alexander,Bennelong,john_alexander,John Alexander,v1_mps.full_name
john_alexander,Bennelong,john_alexander,John Alexander,v1_mps.mp_id
John Cobb,Calare,john_cobb,John Cobb,canonical
John Kenneth Cobb,Calare,john_cobb,John Cobb,v1_mps.full_name
john_kenneth_cobb,Calare,john_cobb,John Cobb,v1_mps.mp_id
John Alexander Forrest,MALLEE,john_forrest,John Forrest,v1_mps.full_name
John Forrest,Mallee,john_forrest,John Forrest,canonical
john_alexander_forrest,MALLEE,john_forrest,John Forrest,v1_mps.mp_id
John Joseph McVeigh,Groom,john_mcveigh,John McVeigh,v1_mps.full_name
John McVeigh,Groom,john_mcveigh,John McVeigh,canonical
John Mcveigh,Groom,john_mcveigh,John McVeigh,v1_mps.full_name
john_joseph_mcveigh,Groom,john_mcveigh,John McVeigh,v1_mps.mp_id
john_mcveigh,Groom,john_mcveigh,John McVeigh,v1_mps.mp_id
John Murphy,Reid,john_murphy,John Murphy,canonical
John Paul Murphy,Reid,john_murphy,John Murphy,v1_mps.full_name
john_paul_murphy,Reid,john_murphy,John Murphy,v1_mps.mp_id
Josh Burns,Macnamara,josh_burns,Josh Burns,canonical
Josh Burns,Macnamara,josh_burns,Josh Burns,v1_mps.full_name
josh_burns,Macnamara,josh_burns,Josh Burns,v1_mps.mp_id
Josh Frydenberg,,josh_frydenberg,Josh Frydenberg,v1_name_special_cases
Josh Frydenberg,Kooyong,josh_frydenberg,Josh Frydenberg,canonical
Joshua Frydenberg,,josh_frydenberg,Josh Frydenberg,v1_name_special_cases
Joshua Frydenberg,Kooyong,josh_frydenberg,Josh Frydenberg,v1_mps.full_name
joshua_frydenberg,Kooyong,josh_frydenberg,Josh Frydenberg,v1_mps.mp_id
Josh Wilson,,josh_wilson,Josh Wilson,v1_name_special_cases
Josh Wilson,Fremantle,josh_wilson,Josh Wilson,canonical
Josh Wilson,Fremantle,josh_wilson,Josh Wilson,v1_mps.full_name
josh_wilson,Fremantle,josh_wilson,Josh Wilson,v1_mps.mp_id
Joshna Hamilton Wilson,,josh_wilson,Josh Wilson,v1_name_special_cases
Joshua Wilson,Fremantle,josh_wilson,Josh Wilson,aph_48
Judi Moylan,Pearce,judi_moylan,Judi Moylan,canonical
Judith Eleanor Moylan,Pearce,judi_moylan,Judi Moylan,v1_mps.full_name
judith_eleanor_moylan,Pearce,judi_moylan,Judi Moylan,v1_mps.mp_id
Julia Banks,Chisholm,julia_banks,Julia Banks,canonical
Julia Helen Banks,Chisholm,julia_banks,Julia Banks,v1_mps.full_name
julia_helen_banks,Chisholm,julia_banks,Julia Banks,v1_mps.mp_id
Julia Gillard,Lalor,julia_gillard,Julia Gillard,canonical
Julia Gillard,Lalor,julia_gillard,Julia Gillard,v1_mps.full_name
julia_gillard,Lalor,julia_gillard,Julia Gillard,v1_mps.mp_id
Julian Hill,Bruce,julian_hill,Julian Hill,canonical
Julian Hill,Bruce,julian_hill,Julian Hill,v1_mps.full_name
julian_hill,Bruce,julian_hill,Julian Hill,v1_mps.mp_id
Julian Leeser,Berowra,julian_leeser,Julian Leeser,canonical
Julian Leeser,Berowra,julian_leeser,Julian Leeser,v1_mps.full_name
julian_leeser,Berowra,julian_leeser,Julian Leeser,v1_mps.mp_id
Julian Simmonds,Ryan,julian_simmonds,Julian Simmonds,canonical
Julian Simmonds,Ryan,julian_simmonds,Julian Simmonds,v1_mps.full_name
julian_simmonds,Ryan,julian_simmonds,Julian Simmonds,v1_mps.mp_id
Julie-Ann Campbell,Moreton,julie_ann_campbell,Julie-Ann Campbell,aph_48
Julie Bishop,Curtin,julie_bishop,Julie Bishop,canonical
Julie Bishop,Curtin,julie_bishop,Julie Bishop,v1_mps.full_name
julie_isabel_bishop,Curtin,julie_bishop,Julie Bishop,v1_mps.mp_id
Julie Collins,Franklin,julie_collins,Julie Collins,canonical
Julie Collins,Franklin,julie_collins,Julie Collins,v1_mps.full_name
julie_collins,Franklin,julie_collins,Julie Collins,v1_mps.mp_id
Julie Owens,Parramatta,julie_owens,Julie Owens,canonical
Julie Owens,Parramatta,julie_owens,Julie Owens,v1_mps.full_name
julie_ann_owens,Parramatta,julie_owens,Julie Owens,v1_mps.mp_id
Justine Elliot,Richmond,justine_elliot,Justine Elliot,canonical
Justine Elliot,Richmond,justine_elliot,Justine Elliot,v1_mps.full_name
justine_elliot,Richmond,justine_elliot,Justine Elliot,v1_mps.mp_id
Justine Keay,Braddon,justine_keay,Justine Keay,canonical
Justine Keay,Braddon,justine_keay,Justine Keay,v1_mps.full_name
JUSTINE TERRI KEAY,BRADDON,justine_keay,Justine Keay,v1_mps.full_name
justine_keay,Braddon,justine_keay,Justine Keay,v1_mps.mp_id
justine_terri_keay,BRADDON,justine_keay,Justine Keay,v1_mps.mp_id
Kara Cook,Bonner,kara_cook,Kara Cook,aph_48
Karen Andrews,McPherson,karen_andrews,Karen Andrews,canonical
Karen Andrews,McPherson,karen_andrews,Karen Andrews,v1_mps.full_name
karen_lesley_andrews,McPherson,karen_andrews,Karen Andrews,v1_mps.mp_id
Karen McNamara,Dobell,karen_mcnamara,Karen McNamara,canonical
Karen McNamara,Dobell,karen_mcnamara,Karen McNamara,v1_mps.full_name
karen_mcnamara,Dobell,karen_mcnamara,Karen McNamara,v1_mps.mp_id
Kate Chaney,Curtin,kate_chaney,Kate Chaney,canonical
Kate Chaney,Curtin,kate_chaney,Kate Chaney,v1_mps.full_name
kate_chaney,Curtin,kate_chaney,Kate Chaney,v1_mps.mp_id
Kate Ellis,Adelaide,kate_ellis,Kate Ellis,canonical
Kate Ellis,Adelaide,kate_ellis,Kate Ellis,v1_mps.full_name
kate_ellis,Adelaide,kate_ellis,Kate Ellis,v1_mps.mp_id
Katherine Margaret Ellis,Adelaide,kate_ellis,Kate Ellis,v1_mps.full_name
katherine_margaret_ellis,Adelaide,kate_ellis,Kate Ellis,v1_mps.mp_id
Kate Thwaites,Jagajaga,kate_thwaites,Kate Thwaites,canonical
Kate Thwaites,Jagajaga,kate_thwaites,Kate Thwaites,v1_mps.full_name
kate_thwaites,Jagajaga,kate_thwaites,Kate Thwaites,v1_mps.mp_id
Katie Allen,Higgins,katie_allen,Katie Allen,canonical
Katie Allen,Higgins,katie_allen,Katie Allen,v1_mps.full_name
katie_allen,Higgins,katie_allen,Katie Allen,v1_mps.mp_id
Keith Pitt,Hinkler,keith_pitt,Keith Pitt,canonical
Keith Pitt,Hinkler,keith_pitt,Keith Pitt,v1_mps.full_name
keith_pitt,Hinkler,keith_pitt,Keith Pitt,v1_mps.mp_id
Keith Wolahan,Menzies,keith_wolahan,Keith Wolahan,canonical
Keith Wolahan,Menzies,keith_wolahan,Keith Wolahan,v1_mps.full_name
keith_wolahan,Menzies,keith_wolahan,Keith Wolahan,v1_mps.mp_id
Kelly Megan O'Dwyer,Higgins,kelly_o_dwyer,Kelly O'Dwyer,v1_mps.full_name
Kelly O'Dwyer,Higgins,kelly_o_dwyer,Kelly O'Dwyer,canonical
kelly_megan_o'dwyer,Higgins,kelly_o_dwyer,Kelly O'Dwyer,v1_mps.mp_id
Kelvin John Thomson,Wills,kelvin_thomson,Kelvin Thomson,v1_mps.full_name
Kelvin Thomson,Wills,kelvin_thomson,Kelvin Thomson,canonical
kelvin_john_thomson,Wills,kelvin_thomson,Kelvin Thomson,v1_mps.mp_id
Ken O'Dowd,,ken_o_dowd,Ken O'Dowd,v1_name_special_cases
Ken O'Dowd,Flynn,ken_o_dowd,Ken O'Dowd,canonical
Kenneth Desmond O'Dowd,,ken_o_dowd,Ken O'Dowd,v1_name_special_cases
Kenneth Desmond O'Dowd,Flynn,ken_o_dowd,Ken O'Dowd,v1_mps.full_name
kenneth_desmond_o'dowd,Flynn,ken_o_dowd,Ken O'Dowd,v1_mps.mp_id
Ken Wyatt,,ken_wyatt,Ken Wyatt,v1_name_special_cases
Ken Wyatt,Hasluck,ken_wyatt,Ken Wyatt,canonical
Kenneth Wyatt,,ken_wyatt,Ken Wyatt,v1_name_special_cases
Kenneth Wyatt,Hasluck,ken_wyatt,Ken Wyatt,v1_mps.full_name
kenneth_george_wyatt,Hasluck,ken_wyatt,Ken Wyatt,v1_mps.mp_id
Kerryn Phelps,Wentworth,kerryn_phelps,Kerryn Phelps,canonical
Kerryn Phelps,Wentworth,kerryn_phelps,Kerryn Phelps,v1_mps.full_name
kerryn_phelps,Wentworth,kerryn_phelps,Kerryn Phelps,v1_mps.mp_id
Kevin Andrews,Menzies,kevin_andrews,Kevin Andrews,canonical
Kevin Andrews,Menzies,kevin_andrews,Kevin Andrews,v1_mps.full_name
kevin_andrews,Menzies,kevin_andrews,Kevin Andrews,v1_mps.mp_id
Kevin Hogan,Page,kevin_hogan,Kevin Hogan,canonical
Kevin Hogan,Page,kevin_hogan,Kevin Hogan,v1_mps.full_name
kevin_john_hogan,Page,kevin_hogan,Kevin Hogan,v1_mps.mp_id
Kevin Michael Rudd,Griffith,kevin_rudd,Kevin Rudd,v1_mps.full_name
Kevin Rudd,Griffith,kevin_rudd,Kevin Rudd,canonical
kevin_michael_rudd,Griffith,kevin_rudd,Kevin Rudd,v1_mps.mp_id
Kirsten Livermore,Capricornia,kirsten_livermore,Kirsten Livermore,canonical
Kirsten Livermore,Capricornia,kirsten_livermore,Kirsten Livermore,v1_mps.full_name
kirsten_livermore,Capricornia,kirsten_livermore,Kirsten Livermore,v1_mps.mp_id
Kristy McBain,Eden-Monaro,kristy_mcbain,Kristy McBain,canonical
Kristy Mcbain,Eden-Monaro,kristy_mcbain,Kristy McBain,v1_mps.full_name
kristy_mcbain,Eden-Monaro,kristy_mcbain,Kristy McBain,v1_mps.mp_id
Kylea Tink,North Sydney,kylea_tink,Kylea Tink,canonical
Kylea Tink,North Sydney,kylea_tink,Kylea Tink,v1_mps.full_name
kylea_tink,North Sydney,kylea_tink,Kylea Tink,v1_mps.mp_id
Laura Smyth,La Trobe,laura_smyth,Laura Smyth,canonical
Laura Smyth,La Trobe,laura_smyth,Laura Smyth,v1_mps.full_name
laura_smyth,La Trobe,laura_smyth,Laura Smyth,v1_mps.mp_id
Laurie Donald Thomas Ferguson,Werriwa,laurie_ferguson,Laurie Ferguson,v1_mps.full_name
Laurie Ferguson,Werriwa,laurie_ferguson,Laurie Ferguson,canonical
laurie_donald_thomas_ferguson,Werriwa,laurie_ferguson,Laurie Ferguson,v1_mps.mp_id
Leon Rebello,McPherson,leon_rebello,Leon Rebello,aph_48
Libby Coker,Corangamite,libby_coker,Libby Coker,canonical
Libby Coker,Corangamite,libby_coker,Libby Coker,v1_mps.full_name
libby_coker,Corangamite,libby_coker,Libby Coker,v1_mps.mp_id
Linda Burney,Barton,linda_burney,Linda Burney,canonical
Linda Burney,Barton,linda_burney,Linda Burney,v1_mps.full_name
linda_burney,Barton,linda_burney,Linda Burney,v1_mps.mp_id
Lisa Chesters,Bendigo,lisa_chesters,Lisa Chesters,canonical
Lisa Chesters,Bendigo,lisa_chesters,Lisa Chesters,v1_mps.full_name
lisa_chesters,Bendigo,lisa_chesters,Lisa Chesters,v1_mps.mp_id
Llew O'Brien,,llew_o_brien,Llew O'Brien,v1_name_special_cases
Llew O'Brien,Wide Bay,llew_o_brien,Llew O'Brien,canonical
Llewellyn O'brien,,llew_o_brien,Llew O'Brien,v1_name_special_cases
Llewellyn O'brien,Wide Bay,llew_o_brien,Llew O'Brien,v1_mps.full_name
Llewellyn Stephen O'Brien,,llew_o_brien,Llew O'Brien,v1_name_special_cases
Llewellyn Stephen O'Brien,Wide Bay,llew_o_brien,Llew O'Brien,v1_mps.full_name
llewellyn_o'brien,Wide Bay,llew_o_brien,Llew O'Brien,v1_mps.mp_id
llewellyn_stephen_o'brien,Wide Bay,llew_o_brien,Llew O'Brien,v1_mps.mp_id
Louise Markus,MACQUARIE,louise_markus,Louise Markus,v1_merge_overrides
Louise Markus,Macquarie,louise_markus,Louise Markus,canonical
Louise Markus,Macquarie,louise_markus,Louise Markus,v1_mps.full_name
louise_markus,Macquarie,louise_markus,Louise Markus,v1_mps.mp_id
MARKUS,MACQUARIE,louise_markus,Louise Markus,v1_merge_overrides
markus,MACQUARIE,louise_markus,Louise Markus,v1_merge_overrides
Louise Miller-Frost,Boothby,louise_miller_frost,Louise Miller-Frost,canonical
Louise Miller-Frost,Boothby,louise_miller_frost,Louise Miller-Frost,v1_mps.full_name
louise_miller-frost,Boothby,louise_miller_frost,Louise Miller-Frost,v1_mps.mp_id
Lucy Wicks,Robertson,lucy_wicks,Lucy Wicks,canonical
Lucy Wicks,Robertson,lucy_wicks,Lucy Wicks,v1_mps.full_name
lucy_elizabeth_wicks,Robertson,lucy_wicks,Lucy Wicks,v1_mps.mp_id
Luke Gosling,Solomon,luke_gosling,Luke Gosling,canonical
Luke Gosling,Solomon,luke_gosling,Luke Gosling,v1_mps.full_name
luke_john_gosling,Solomon,luke_gosling,Luke Gosling,v1_mps.mp_id
Luke Hartsuyker,Cowper,luke_hartsuyker,Luke Hartsuyker,canonical
Luke Hartsuyker,Cowper,luke_hartsuyker,Luke Hartsuyker,v1_mps.full_name
luke_hartsuyker,Cowper,luke_hartsuyker,Luke Hartsuyker,v1_mps.mp_id
Luke Howarth,Petrie,luke_howarth,Luke Howarth,canonical
Luke Howarth,Petrie,luke_howarth,Luke Howarth,v1_mps.full_name
luke_ronald_howarth,Petrie,luke_howarth,Luke Howarth,v1_mps.mp_id
Luke Simpkins,Cowan,luke_simpkins,Luke Simpkins,canonical
Luke Simpkins,Cowan,luke_simpkins,Luke Simpkins,v1_mps.full_name
luke_simpkins,Cowan,luke_simpkins,Luke Simpkins,v1_mps.mp_id
Madeleine King,Brand,madeleine_king,Madeleine King,canonical
Madeleine King,Brand,madeleine_king,Madeleine King,v1_mps.full_name
madeleine_king,Brand,madeleine_king,Madeleine King,v1_mps.mp_id
Madonna Jarrett,Brisbane,madonna_jarrett,Madonna Jarrett,aph_48
Mal Brough,Fisher,mal_brough,Mal Brough,canonical
Malcolm Thomas Brough,Fisher,mal_brough,Mal Brough,v1_mps.full_name
malcolm_thomas_brough,Fisher,mal_brough,Mal Brough,v1_mps.mp_id
Mal Washer,Moore,mal_washer,Mal Washer,canonical
Malcolm James Washer,Moore,mal_washer,Mal Washer,v1_mps.full_name
malcolm_james_washer,Moore,mal_washer,Mal Washer,v1_mps.mp_id
Malcolm Turnbull,Wentworth,malcolm_turnbull,Malcolm Turnbull,canonical
Malcolm Turnbull,Wentworth,malcolm_turnbull,Malcolm Turnbull,v1_mps.full_name
malcolm_bligh_turnbull,Wentworth,malcolm_turnbull,Malcolm Turnbull,v1_mps.mp_id
Maria Vamvakinou,Calwell,maria_vamvakinou,Maria Vamvakinou,canonical
Maria Vamvakinou,Calwell,maria_vamvakinou,Maria Vamvakinou,v1_mps.full_name
maria_vamvakinou,Calwell,maria_vamvakinou,Maria Vamvakinou,v1_mps.mp_id
Marion Scrymgour,Lingiari,marion_scrymgour,Marion Scrymgour,canonical
Marion Scrymgour,Lingiari,marion_scrymgour,Marion Scrymgour,v1_mps.full_name
marion_scrymgour,Lingiari,marion_scrymgour,Marion Scrymgour,v1_mps.mp_id
Mark Butler,Hindmarsh,mark_butler,Mark Butler,canonical
Mark Butler,Hindmarsh,mark_butler,Mark Butler,v1_mps.full_name
Mark Christopher Butler,Port Adelaide,mark_butler,Mark Butler,v1_mps.full_name
mark_butler,Hindmarsh,mark_butler,Mark Butler,v1_mps.mp_id
mark_christopher_butler,Port Adelaide,mark_butler,Mark Butler,v1_mps.mp_id
Mark Coulton,Parkes,mark_coulton,Mark Coulton,canonical
Mark Coulton,Parkes,mark_coulton,Mark Coulton,v1_mps.full_name
mark_maclean_coulton,Parkes,mark_coulton,Mark Coulton,v1_mps.mp_id
Mark Dreyfus,Isaacs,mark_dreyfus,Mark Dreyfus,canonical
Mark Dreyfus,Isaacs,mark_dreyfus,Mark Dreyfus,v1_mps.full_name
mark_dreyfus,Isaacs,mark_dreyfus,Mark Dreyfus,v1_mps.mp_id
Martin Ferguson,Batman,martin_ferguson,Martin Ferguson,canonical
Martin Ferguson,Batman,martin_ferguson,Martin Ferguson,v1_mps.full_name
martin_ferguson,Batman,martin_ferguson,Martin Ferguson,v1_mps.mp_id
Mary Aldred,Monash,mary_aldred,Mary Aldred,aph_48
Mary Doyle,Aston,mary_doyle,Mary Doyle,canonical
Mary Doyle,Aston,mary_doyle,Mary Doyle,v1_mps.full_name
mary_doyle,Aston,mary_doyle,Mary Doyle,v1_mps.mp_id
Matt Burnell,Spence,matt_burnell,Matt Burnell,canonical
Matt Burnell,Spence,matt_burnell,Matt Burnell,v1_mps.full_name
matt_burnell,Spence,matt_burnell,Matt Burnell,v1_mps.mp_id
Matt Gregg,Deakin,matt_gregg,Matt Gregg,aph_48
Matt Keogh,Burt,matt_keogh,Matt Keogh,canonical
Matthew Keogh,Burt,matt_keogh,Matt Keogh,v1_mps.full_name
matthew_keogh,Burt,matt_keogh,Matt Keogh,v1_mps.mp_id
Matt Smith,Leichhardt,matt_smith,Matt Smith,aph_48
Matt Thistlethwaite,,matt_thistlethwaite,Matt Thistlethwaite,v1_name_special_cases
Matt Thistlethwaite,Kingsford Smith,matt_thistlethwaite,Matt Thistlethwaite,canonical
Matthew Thistlethwaite,,matt_thistlethwaite,Matt Thistlethwaite,v1_name_special_cases
Matthew Thistlethwaite,Kingsford Smith,matt_thistlethwaite,Matt Thistlethwaite,v1_mps.full_name
matthew_thistlethwaite,Kingsford Smith,matt_thistlethwaite,Matt Thistlethwaite,v1_mps.mp_id
Matt Williams,Hindmarsh,matt_williams,Matt Williams,canonical
Matthew Philip Williams,Hindmarsh,matt_williams,Matt Williams,v1_mps.full_name
matthew_philip_williams,Hindmarsh,matt_williams,Matt Williams,v1_mps.mp_id
Max Chandler-Mather,Griffith,max_chandler_mather,Max Chandler-Mather,canonical
Max Chandler-Mather,Griffith,max_chandler_mather,Max Chandler-Mather,v1_mps.full_name
max_chandler-mather,Griffith,max_chandler_mather,Max Chandler-Mather,v1_mps.mp_id
Melissa McIntosh,Lindsay,melissa_mcintosh,Melissa McIntosh,canonical
Melissa McIntosh,Lindsay,melissa_mcintosh,Melissa McIntosh,v1_mps.full_name
melissa_mcintosh,Lindsay,melissa_mcintosh,Melissa McIntosh,v1_mps.mp_id
Melissa Parke,Fremantle,melissa_parke,Melissa Parke,canonical
Melissa Parke,Fremantle,melissa_parke,Melissa Parke,v1_mps.full_name
melissa_parke,Fremantle,melissa_parke,Melissa Parke,v1_mps.mp_id
Melissa Price,Durack,melissa_price,Melissa Price,canonical
Melissa Price,Durack,melissa_price,Melissa Price,v1_mps.full_name
melissa_price,Durack,melissa_price,Melissa Price,v1_mps.mp_id
Meryl Swanson,Paterson,meryl_swanson,Meryl Swanson,canonical
Meryl Swanson,Paterson,meryl_swanson,Meryl Swanson,v1_mps.full_name
meryl_swanson,Paterson,meryl_swanson,Meryl Swanson,v1_mps.mp_id
Michael Danby,Melbourne Ports,michael_danby,Michael Danby,canonical
Michael Danby,Melbourne Ports,michael_danby,Michael Danby,v1_mps.full_name
michael_danby,Melbourne Ports,michael_danby,Michael Danby,v1_mps.mp_id
Michael Keenan,Stirling,michael_keenan,Michael Keenan,canonical
Michael Keenan,Stirling,michael_keenan,Michael Keenan,v1_mps.full_name
michael_keenan,Stirling,michael_keenan,Michael Keenan,v1_mps.mp_id
Michael McCormack,Riverina,michael_mccormack,Michael McCormack,canonical
Michael McCormack,Riverina,michael_mccormack,Michael McCormack,v1_mps.full_name
michael_mccormack,Riverina,michael_mccormack,Michael McCormack,v1_mps.mp_id
Michael Sukkar,Deakin,michael_sukkar,Michael Sukkar,canonical
Michael Sukkar,Deakin,michael_sukkar,Michael Sukkar,v1_mps.full_name
michael_sukkar,Deakin,michael_sukkar,Michael Sukkar,v1_mps.mp_id
Ananda-Rajah,,michelle_ananda_rajah,Michelle Ananda-Rajah,v1_name_special_cases
Michelle Ananda-Rajah,,michelle_ananda_rajah,Michelle Ananda-Rajah,v1_name_special_cases
Michelle Ananda-Rajah,Higgins,michelle_ananda_rajah,Michelle Ananda-Rajah,canonical
Michelle Ananda-Rajah,Higgins,michelle_ananda_rajah,Michelle Ananda-Rajah,v1_mps.full_name
michelle_ananda-rajah,Higgins,michelle_ananda_rajah,Michelle Ananda-Rajah,v1_mps.mp_id
Michelle Landry,Capricornia,michelle_landry,Michelle Landry,canonical
Michelle Landry,Capricornia,michelle_landry,Michelle Landry,v1_mps.full_name
michelle_landry,Capricornia,michelle_landry,Michelle Landry,v1_mps.mp_id
Michelle Rowland,Greenway,michelle_rowland,Michelle Rowland,canonical
Michelle Rowland,Greenway,michelle_rowland,Michelle Rowland,v1_mps.full_name
michelle_anne_rowland,Greenway,michelle_rowland,Michelle Rowland,v1_mps.mp_id
Michael Randolph Freelander,,mike_freelander,Mike Freelander,v1_name_special_cases
Michael Randolph Freelander,Macarthur,mike_freelander,Mike Freelander,v1_mps.full_name
michael_randolph_freelander,Macarthur,mike_freelander,Mike Freelander,v1_mps.mp_id
Mike Freelander,,mike_freelander,Mike Freelander,v1_name_special_cases
Mike Freelander,Macarthur,mike_freelander,Mike Freelander,canonical
Mike Freelander,Macarthur,mike_freelander,Mike Freelander,v1_mps.full_name
mike_freelander,Macarthur,mike_freelander,Mike Freelander,v1_mps.mp_id
Michael Kelly,Eden-Monaro,mike_kelly,Mike Kelly,v1_mps.full_name
michael_joseph_kelly,Eden-Monaro,mike_kelly,Mike Kelly,v1_mps.mp_id
Mike Kelly,Eden-Monaro,mike_kelly,Mike Kelly,canonical
Mike Kelly,Eden-Monaro,mike_kelly,Mike Kelly,v1_mps.full_name
mike_kelly,Eden-Monaro,mike_kelly,Mike Kelly,v1_mps.mp_id
Mike Symon,Deakin,mike_symon,Mike Symon,canonical
Mike Symon,Deakin,mike_symon,Mike Symon,v1_mps.full_name
mike_symon,Deakin,mike_symon,Mike Symon,v1_mps.mp_id
DICK DUGALD MILTON,OXLEY,milton_dick,Milton Dick,v1_merge_overrides
dick_dugald_milton,OXLEY,milton_dick,Milton Dick,v1_merge_overrides
Milton Dick,OXLEY,milton_dick,Milton Dick,v1_merge_overrides
Milton Dick,Oxley,milton_dick,Milton Dick,canonical
Milton Dick,Oxley,milton_dick,Milton Dick,v1_mps.full_name
milton_dick,Oxley,milton_dick,Milton Dick,v1_mps.mp_id
Monique Ryan,Kooyong,monique_ryan,Monique Ryan,canonical
Monique Ryan,Kooyong,monique_ryan,Monique Ryan,v1_mps.full_name
monique_ryan,Kooyong,monique_ryan,Monique Ryan,v1_mps.mp_id
Natasha Griggs,Solomon,natasha_griggs,Natasha Griggs,canonical
Natasha Louise Griggs,Solomon,natasha_griggs,Natasha Griggs,v1_mps.full_name
natasha_louise_griggs,Solomon,natasha_griggs,Natasha Griggs,v1_mps.mp_id
Nicholas David Champion,,nick_champion,Nick Champion,v1_name_special_cases
Nicholas David Champion,Wakefield,nick_champion,Nick Champion,v1_mps.full_name
nicholas_david_champion,Wakefield,nick_champion,Nick Champion,v1_mps.mp_id
Nick Champion,,nick_champion,Nick Champion,v1_name_special_cases
Nick Champion,Spence,nick_champion,Nick Champion,canonical
Nick Champion,Spence,nick_champion,Nick Champion,v1_mps.full_name
nick_champion,Spence,nick_champion,Nick Champion,v1_mps.mp_id
Nickolas Varvaris,Barton,nickolas_varvaris,Nickolas Varvaris,canonical
Nickolas Varvaris,Barton,nickolas_varvaris,Nickolas Varvaris,v1_mps.full_name
nickolas_varvaris,Barton,nickolas_varvaris,Nickolas Varvaris,v1_mps.mp_id
Nicola Roxon,Gellibrand,nicola_roxon,Nicola Roxon,canonical
Nicola Roxon,Gellibrand,nicola_roxon,Nicola Roxon,v1_mps.full_name
nicola_roxon,Gellibrand,nicola_roxon,Nicola Roxon,v1_mps.mp_id
Nicolette Boele,Bradfield,nicolette_boele,Nicolette Boele,aph_48
Nicolle Flint,Boothby,nicolle_flint,Nicolle Flint,canonical
Nicolle Flint,Boothby,nicolle_flint,Nicolle Flint,v1_mps.full_name
nicolle_jane_flint,Boothby,nicolle_flint,Nicolle Flint,v1_mps.mp_id
Nola Marino,Forrest,nola_marino,Nola Marino,canonical
Nola Marino,Forrest,nola_marino,Nola Marino,v1_mps.full_name
nola_bethwyn_marino,Forrest,nola_marino,Nola Marino,v1_mps.mp_id
Pat Conaghan,Cowper,pat_conaghan,Pat Conaghan,canonical
Pat Conaghan,Cowper,pat_conaghan,Pat Conaghan,v1_mps.full_name
pat_conaghan,Cowper,pat_conaghan,Pat Conaghan,v1_mps.mp_id
Pat Conroy,,pat_conroy,Pat Conroy,v1_name_special_cases
Pat Conroy,Shortland,pat_conroy,Pat Conroy,canonical
Pat Conroy,Shortland,pat_conroy,Pat Conroy,v1_mps.full_name
pat_conroy,Shortland,pat_conroy,Pat Conroy,v1_mps.mp_id
Patrick Martin Conroy,,pat_conroy,Pat Conroy,v1_name_special_cases
Patrick Martin Conroy,Shortland,pat_conroy,Pat Conroy,v1_mps.full_name
patrick_martin_conroy,Shortland,pat_conroy,Pat Conroy,v1_mps.mp_id
Patrick Gorman,Perth,patrick_gorman,Patrick Gorman,canonical
Patrick Gorman,Perth,patrick_gorman,Patrick Gorman,v1_mps.full_name
patrick_gorman,Perth,patrick_gorman,Patrick Gorman,v1_mps.mp_id
Patrick Damien Secker,Barker,patrick_secker,Patrick Secker,v1_mps.full_name
Patrick Secker,Barker,patrick_secker,Patrick Secker,canonical
patrick_damien_secker,Barker,patrick_secker,Patrick Secker,v1_mps.mp_id
Paul Fletcher,Bradfield,paul_fletcher,Paul Fletcher,canonical
Paul Fletcher,Bradfield,paul_fletcher,Paul Fletcher,v1_mps.full_name
paul_william_fletcher,Bradfield,paul_fletcher,Paul Fletcher,v1_mps.mp_id
Paul Christopher Neville,Hinkler,paul_neville,Paul Neville,v1_mps.full_name
Paul Neville,Hinkler,paul_neville,Paul Neville,canonical
paul_christopher_neville,Hinkler,paul_neville,Paul Neville,v1_mps.mp_id
Peta Murphy,Dunkley,peta_murphy,Peta Murphy,canonical
Peta Murphy,Dunkley,peta_murphy,Peta Murphy,v1_mps.full_name
peta_murphy,Dunkley,peta_murphy,Peta Murphy,v1_mps.mp_id
Peter Dutton,Dickson,peter_dutton,Peter Dutton,canonical
Peter Dutton,Dickson,peter_dutton,Peter Dutton,v1_mps.full_name
peter_dutton,Dickson,peter_dutton,Peter Dutton,v1_mps.mp_id
Peter Garrett,Kingsford Smith,peter_garrett,Peter Garrett,canonical
Peter Garrett,Kingsford Smith,peter_garrett,Peter Garrett,v1_mps.full_name
peter_garrett,Kingsford Smith,peter_garrett,Peter Garrett,v1_mps.mp_id
Peter Hendy,Eden-Monaro,peter_hendy,Peter Hendy,canonical
Peter William Hendy,Eden-Monaro,peter_hendy,Peter Hendy,v1_mps.full_name
peter_william_hendy,Eden-Monaro,peter_hendy,Peter Hendy,v1_mps.mp_id
Peter Khalil,Wills,peter_khalil,Peter Khalil,canonical
Peter Khalil,Wills,peter_khalil,Peter Khalil,v1_mps.full_name
peter_khalil,Wills,peter_khalil,Peter Khalil,v1_mps.mp_id
Peter Slipper,Fisher,peter_slipper,Peter Slipper,canonical
Peter Slipper,Fisher,peter_slipper,Peter Slipper,v1_mps.full_name
peter_slipper,Fisher,peter_slipper,Peter Slipper,v1_mps.mp_id
Philip Maxwell Ruddock,Berowra,philip_ruddock,Philip Ruddock,v1_mps.full_name
Philip Ruddock,Berowra,philip_ruddock,Philip Ruddock,canonical
philip_maxwell_ruddock,Berowra,philip_ruddock,Philip Ruddock,v1_mps.mp_id
Phillip Thompson,Herbert,phillip_thompson,Phillip Thompson,canonical
Phillip Thompson,Herbert,phillip_thompson,Phillip Thompson,v1_mps.full_name
phillip_thompson,Herbert,phillip_thompson,Phillip Thompson,v1_mps.mp_id
Rebecca White,Lyons,rebecca_white,Rebecca White,aph_48
Rebekha Sharkie,Mayo,rebekha_sharkie,Rebekha Sharkie,canonical
Rebekha Sharkie,Mayo,rebekha_sharkie,Rebekha Sharkie,v1_mps.full_name
rebekha_sharkie,Mayo,rebekha_sharkie,Rebekha Sharkie,v1_mps.mp_id
Renee Coffey,Griffith,renee_coffey,Renee Coffey,aph_48
Richard Marles,Corio,richard_marles,Richard Marles,canonical
Richard Marles,Corio,richard_marles,Richard Marles,v1_mps.full_name
richard_donald_marles,Corio,richard_marles,Richard Marles,v1_mps.mp_id
Richard James Wilson,O'Connor,rick_wilson,Rick Wilson,v1_mps.full_name
richard_james_wilson,O'Connor,rick_wilson,Rick Wilson,v1_mps.mp_id
Rick Wilson,O'Connor,rick_wilson,Rick Wilson,canonical
Rick Wilson,O'Connor,rick_wilson,Rick Wilson,v1_mps.full_name
rick_wilson,O'Connor,rick_wilson,Rick Wilson,v1_mps.mp_id
Rob Mitchell,,rob_mitchell,Rob Mitchell,v1_name_special_cases
Rob Mitchell,McEwen,rob_mitchell,Rob Mitchell,canonical
Robert Mitchell,,rob_mitchell,Rob Mitchell,v1_name_special_cases
Robert Mitchell,McEwen,rob_mitchell,Rob Mitchell,v1_mps.full_name
robert_george_mitchell,McEwen,rob_mitchell,Rob Mitchell,v1_mps.mp_id
Rob Oakeshott,Lyne,rob_oakeshott,Rob Oakeshott,canonical
Robert Oakeshott,Lyne,rob_oakeshott,Rob Oakeshott,v1_mps.full_name
robert_oakeshott,Lyne,rob_oakeshott,Rob Oakeshott,v1_mps.mp_id
Robert McClelland,Barton,robert_mcclelland,Robert McClelland,canonical
Robert McClelland,Barton,robert_mcclelland,Robert McClelland,v1_mps.full_name
robert_mcclelland,Barton,robert_mcclelland,Robert McClelland,v1_mps.mp_id
Ross Hart,Bass,ross_hart,Ross Hart,canonical
Ross Hart,Bass,ross_hart,Ross Hart,v1_mps.full_name
ross_hart,Bass,ross_hart,Ross Hart,v1_mps.mp_id
Ross Vasta,Bonner,ross_vasta,Ross Vasta,canonical
Ross Vasta,Bonner,ross_vasta,Ross Vasta,v1_mps.full_name
ross_vasta,Bonner,ross_vasta,Ross Vasta,v1_mps.mp_id
Rowan Holzberger,Forde,rowan_holzberger,Rowan Holzberger,aph_48
Rowan Ramsey,Grey,rowan_ramsey,Rowan Ramsey,canonical
Rowan Ramsey,Grey,rowan_ramsey,Rowan Ramsey,v1_mps.full_name
rowan_ramsey,Grey,rowan_ramsey,Rowan Ramsey,v1_mps.mp_id
Russell Broadbent,Monash,russell_broadbent,Russell Broadbent,canonical
Russell Broadbent,Monash,russell_broadbent,Russell Broadbent,v1_mps.full_name
Russell Evan Broadbent,McMillan,russell_broadbent,Russell Broadbent,v1_mps.full_name
russell_broadbent,Monash,russell_broadbent,Russell Broadbent,v1_mps.mp_id
russell_evan_broadbent,McMillan,russell_broadbent,Russell Broadbent,v1_mps.mp_id
Russell Glenn Matheson,Macarthur,russell_matheson,Russell Matheson,v1_mps.full_name
Russell Matheson,Macarthur,russell_matheson,Russell Matheson,canonical
russell_glenn_matheson,Macarthur,russell_matheson,Russell Matheson,v1_mps.mp_id
Sally Sitou,Reid,sally_sitou,Sally Sitou,canonical
Sally Sitou,Reid,sally_sitou,Sally Sitou,v1_mps.full_name
sally_sitou,Reid,sally_sitou,Sally Sitou,v1_mps.mp_id
Sam Birrell,Nicholls,sam_birrell,Sam Birrell,canonical
Sam Birrell,Nicholls,sam_birrell,Sam Birrell,v1_mps.full_name
sam_birrell,Nicholls,sam_birrell,Sam Birrell,v1_mps.mp_id
Sam Lim,Tangney,sam_lim,Sam Lim,canonical
Sam Lim,Tangney,sam_lim,Sam Lim,v1_mps.full_name
sam_lim,Tangney,sam_lim,Sam Lim,v1_mps.mp_id
Sam Rae,Hawke,sam_rae,Sam Rae,canonical
Sam Rae,Hawke,sam_rae,Sam Rae,v1_mps.full_name
sam_rae,Hawke,sam_rae,Sam Rae,v1_mps.mp_id
Sarah Henderson,Corangamite,sarah_henderson,Sarah Henderson,canonical
Sarah Moya Henderson,Corangamite,sarah_henderson,Sarah Henderson,v1_mps.full_name
sarah_moya_henderson,Corangamite,sarah_henderson,Sarah Henderson,v1_mps.mp_id
Sarah Witty,Melbourne,sarah_witty,Sarah Witty,aph_48
Scott Buchholz,Wright,scott_buchholz,Scott Buchholz,canonical
Scott Buchholz,Wright,scott_buchholz,Scott Buchholz,v1_mps.full_name
scott_andrew_buchholz,Wright,scott_buchholz,Scott Buchholz,v1_mps.mp_id
Scott Morrison,Cook,scott_morrison,Scott Morrison,canonical
Scott Morrison,Cook,scott_morrison,Scott Morrison,v1_mps.full_name
scott_morrison,Cook,scott_morrison,Scott Morrison,v1_mps.mp_id
Sharman Nancy Stone,Murray,sharman_stone,Sharman Stone,v1_mps.full_name
Sharman Stone,Murray,sharman_stone,Sharman Stone,canonical
sharman_nancy_stone,Murray,sharman_stone,Sharman Stone,v1_mps.mp_id
Sharon Bird,Cunningham,sharon_bird,Sharon Bird,canonical
Sharon Bird,Cunningham,sharon_bird,Sharon Bird,v1_mps.full_name
sharon_leah_bird,Cunningham,sharon_bird,Sharon Bird,v1_mps.mp_id
Sharon Claydon,Newcastle,sharon_claydon,Sharon Claydon,canonical
Sharon Claydon,Newcastle,sharon_claydon,Sharon Claydon,v1_mps.full_name
sharon_catherine_claydon,Newcastle,sharon_claydon,Sharon Claydon,v1_mps.mp_id
Sharon Grierson,Newcastle,sharon_grierson,Sharon Grierson,canonical
Sharon Joy Grierson,Newcastle,sharon_grierson,Sharon Grierson,v1_mps.full_name
sharon_joy_grierson,Newcastle,sharon_grierson,Sharon Grierson,v1_mps.mp_id
Shayne Neumann,Blair,shayne_neumann,Shayne Neumann,canonical
Shayne Neumann,Blair,shayne_neumann,Shayne Neumann,v1_mps.full_name
shayne_kenneth_neumann,Blair,shayne_neumann,Shayne Neumann,v1_mps.mp_id
Peter Sidebottom,,sid_sidebottom,Sid Sidebottom,v1_name_special_cases
Peter Sidebottom,Braddon,sid_sidebottom,Sid Sidebottom,v1_mps.full_name
peter_sidebottom,Braddon,sid_sidebottom,Sid Sidebottom,v1_mps.mp_id
Sid Sidebottom,,sid_sidebottom,Sid Sidebottom,v1_name_special_cases
Sid Sidebottom,Braddon,sid_sidebottom,Sid Sidebottom,canonical
Simon Crean,Hotham,simon_crean,Simon Crean,canonical
Simon Findlay Crean,Hotham,simon_crean,Simon Crean,v1_mps.full_name
simon_findlay_crean,Hotham,simon_crean,Simon Crean,v1_mps.mp_id
Simon Kennedy,Cook,simon_kennedy,Simon Kennedy,canonical
Simon Kennedy,Cook,simon_kennedy,Simon Kennedy,v1_mps.full_name
simon_kennedy,Cook,simon_kennedy,Simon Kennedy,v1_mps.mp_id
Sophie Mirabella,Indi,sophie_mirabella,Sophie Mirabella,canonical
Sophie Mirabella,Indi,sophie_mirabella,Sophie Mirabella,v1_mps.full_name
sophie_mirabella,Indi,sophie_mirabella,Sophie Mirabella,v1_mps.mp_id
Sophie Scamps,Mackellar,sophie_scamps,Sophie Scamps,canonical
Sophie Scamps,Mackellar,sophie_scamps,Sophie Scamps,v1_mps.full_name
sophie_scamps,Mackellar,sophie_scamps,Sophie Scamps,v1_mps.mp_id
Stephen Bates,Brisbane,stephen_bates,Stephen Bates,canonical
Stephen Bates,Brisbane,stephen_bates,Stephen Bates,v1_mps.full_name
stephen_bates,Brisbane,stephen_bates,Stephen Bates,v1_mps.mp_id
Stephen Jones,Whitlam,stephen_jones,Stephen Jones,canonical
Stephen Jones,Whitlam,stephen_jones,Stephen Jones,v1_mps.full_name
Stephen Patrick Jones,Throsby,stephen_jones,Stephen Jones,v1_mps.full_name
stephen_jones,Whitlam,stephen_jones,Stephen Jones,v1_mps.mp_id
stephen_patrick_jones,Throsby,stephen_jones,Stephen Jones,v1_mps.mp_id
Stephen Smith,Perth,stephen_smith,Stephen Smith,canonical
Stephen Smith,Perth,stephen_smith,Stephen Smith,v1_mps.full_name
stephen_smith,Perth,stephen_smith,Stephen Smith,v1_mps.mp_id
Steve Georganas,Adelaide,steve_georganas,Steve Georganas,canonical
Steve Georganas,Adelaide,steve_georganas,Steve Georganas,v1_mps.full_name
steve_georganas,Adelaide,steve_georganas,Steve Georganas,v1_mps.mp_id
Stephen William Gibbons,,steve_gibbons,Steve Gibbons,v1_name_special_cases
Stephen William Gibbons,Bendigo,steve_gibbons,Steve Gibbons,v1_mps.full_name
stephen_william_gibbons,Bendigo,steve_gibbons,Steve Gibbons,v1_mps.mp_id
Steve Gibbons,,steve_gibbons,Steve Gibbons,v1_name_special_cases
Steve Gibbons,Bendigo,steve_gibbons,Steve Gibbons,canonical
Stephen James Irons,Swan,steve_irons,Steve Irons,v1_mps.full_name
stephen_james_irons,Swan,steve_irons,Steve Irons,v1_mps.mp_id
Steve Irons,Swan,steve_irons,Steve Irons,canonical
Steven Ciobo,Moncrieff,steven_ciobo,Steven Ciobo,canonical
Steven Ciobo,Moncrieff,steven_ciobo,Steven Ciobo,v1_mps.full_name
steven_ciobo,Moncrieff,steven_ciobo,Steven Ciobo,v1_mps.mp_id
Robert Stuart,Fadden,stuart_robert,Stuart Robert,v1_mps.full_name
Robert Stuart Rowland,Fadden,stuart_robert,Stuart Robert,v1_mps.full_name
robert_stuart,Fadden,stuart_robert,Stuart Robert,v1_mps.mp_id
robert_stuart_rowland,Fadden,stuart_robert,Stuart Robert,v1_mps.mp_id
Stuart Robert,Fadden,stuart_robert,Stuart Robert,canonical
Stuart Robert,Fadden,stuart_robert,Stuart Robert,v1_mps.full_name
stuart_robert,Fadden,stuart_robert,Stuart Robert,v1_mps.mp_id
Susan Lamb,Longman,susan_lamb,Susan Lamb,canonical
Susan Lamb,Longman,susan_lamb,Susan Lamb,v1_mps.full_name
susan_lamb,Longman,susan_lamb,Susan Lamb,v1_mps.mp_id
Susan Templeman,Macquarie,susan_templeman,Susan Templeman,canonical
Susan Templeman,Macquarie,susan_templeman,Susan Templeman,v1_mps.full_name
susan_templeman,Macquarie,susan_templeman,Susan Templeman,v1_mps.mp_id
Sussan Ley,Farrer,sussan_ley,Sussan Ley,canonical
Sussan Ley,Farrer,sussan_ley,Sussan Ley,v1_mps.full_name
sussan_ley,Farrer,sussan_ley,Sussan Ley,v1_mps.mp_id
Tania Lawrence,Hasluck,tania_lawrence,Tania Lawrence,canonical
Tania Lawrence,Hasluck,tania_lawrence,Tania Lawrence,v1_mps.full_name
tania_lawrence,Hasluck,tania_lawrence,Tania Lawrence,v1_mps.mp_id
Tanya Plibersek,Sydney,tanya_plibersek,Tanya Plibersek,canonical
Tanya Plibersek,Sydney,tanya_plibersek,Tanya Plibersek,v1_mps.full_name
tanya_plibersek,Sydney,tanya_plibersek,Tanya Plibersek,v1_mps.mp_id
Edward Lynam O'Brien,,ted_o_brien,Ted O'Brien,v1_name_special_cases
Ted O'Brien,,ted_o_brien,Ted O'Brien,v1_name_special_cases
Ted O'Brien,Fairfax,ted_o_brien,Ted O'Brien,canonical
Ted O'Brien,Fairfax,ted_o_brien,Ted O'Brien,v1_mps.full_name
ted_o'brien,Fairfax,ted_o_brien,Ted O'Brien,v1_mps.mp_id
Teresa Gambaro,Brisbane,teresa_gambaro,Teresa Gambaro,canonical
Teresa Gambaro,Brisbane,teresa_gambaro,Teresa Gambaro,v1_mps.full_name
teresa_gambaro,Brisbane,teresa_gambaro,Teresa Gambaro,v1_mps.mp_id
Terri Butler,Griffith,terri_butler,Terri Butler,canonical
Terri Butler,Griffith,terri_butler,Terri Butler,v1_mps.full_name
terri_megan_butler,Griffith,terri_butler,Terri Butler,v1_mps.mp_id
Terry Young,Longman,terry_young,Terry Young,canonical
Terry Young,Longman,terry_young,Terry Young,v1_mps.full_name
terry_young,Longman,terry_young,Terry Young,v1_mps.mp_id
Tim Hammond,Perth,tim_hammond,Tim Hammond,canonical
Timothy Jerome Hammond,Perth,tim_hammond,Tim Hammond,v1_mps.full_name
timothy_jerome_hammond,Perth,tim_hammond,Tim Hammond,v1_mps.mp_id
Tim Watts,,tim_watts,Tim Watts,v1_name_special_cases
Tim Watts,Gellibrand,tim_watts,Tim Watts,canonical
Timothy Watts,,tim_watts,Tim Watts,v1_name_special_cases
Timothy Watts,Gellibrand,tim_watts,Tim Watts,v1_mps.full_name
timothy_watts,Gellibrand,tim_watts,Tim Watts,v1_mps.mp_id
Tim Wilson,,tim_wilson,Tim Wilson,v1_name_special_cases
Tim Wilson,Goldstein,tim_wilson,Tim Wilson,canonical
Timothy Wilson,,tim_wilson,Tim Wilson,v1_name_special_cases
Timothy Wilson,Goldstein,tim_wilson,Tim Wilson,v1_mps.full_name
timothy_wilson,Goldstein,tim_wilson,Tim Wilson,v1_mps.mp_id
Thomas French,Moore,tom_french,Tom French,aph_48
Tom French,Moore,tom_french,Tom French,aph_48
Tom Venning,Grey,tom_venning,Tom Venning,aph_48
Tony Abbott,Warringah,tony_abbott,Tony Abbott,canonical
Tony Abbott,Warringah,tony_abbott,Tony Abbott,v1_mps.full_name
tony_abbott,Warringah,tony_abbott,Tony Abbott,v1_mps.mp_id
Tony Burke,Watson,tony_burke,Tony Burke,canonical
Tony Burke,Watson,tony_burke,Tony Burke,v1_mps.full_name
tony_burke,Watson,tony_burke,Tony Burke,v1_mps.mp_id
Anthony John Crook,O'Connor,tony_crook,Tony Crook,v1_mps.full_name
anthony_john_crook,O'Connor,tony_crook,Tony Crook,v1_mps.mp_id
Tony Crook,O'Connor,tony_crook,Tony Crook,canonical
Antony (Tony) Pasin,,tony_pasin,Tony Pasin,v1_name_special_cases
Antony (Tony) Pasin,Barker,tony_pasin,Tony Pasin,v1_mps.full_name
antony_(tony)_pasin,Barker,tony_pasin,Tony Pasin,v1_mps.mp_id
Tony Pasin,,tony_pasin,Tony Pasin,v1_name_special_cases
Tony Pasin,Barker,tony_pasin,Tony Pasin,canonical
Tony Pasin,Barker,tony_pasin,Tony Pasin,v1_mps.full_name
tony_pasin,Barker,tony_pasin,Tony Pasin,v1_mps.mp_id
Anthony David Hawthorn Smith,Casey,tony_smith,Tony Smith,v1_mps.full_name
anthony_david_hawthorn_smith,Casey,tony_smith,Tony Smith,v1_mps.mp_id
Tony Smith,Casey,tony_smith,Tony Smith,canonical
Antony Harold Curties Windsor,New England,tony_windsor,Tony Windsor,v1_mps.full_name
Antony Harold Windsor,,tony_windsor,Tony Windsor,v1_name_special_cases
antony_harold_curties_windsor,New England,tony_windsor,Tony Windsor,v1_mps.mp_id
Tony Windsor,,tony_windsor,Tony Windsor,v1_name_special_cases
Tony Windsor,New England,tony_windsor,Tony Windsor,canonical
Antonio Zappia,,tony_zappia,Tony Zappia,v1_name_special_cases
Antonio Zappia,Makin,tony_zappia,Tony Zappia,v1_mps.full_name
antonio_zappia,Makin,tony_zappia,Tony Zappia,v1_mps.mp_id
Tony Zappia,,tony_zappia,Tony Zappia,v1_name_special_cases
Tony Zappia,Makin,tony_zappia,Tony Zappia,canonical
Tony Zappia,Makin,tony_zappia,Tony Zappia,v1_mps.full_name
tony_zappia,Makin,tony_zappia,Tony Zappia,v1_mps.mp_id
Tracey Roberts,Pearce,tracey_roberts,Tracey Roberts,canonical
Tracey Roberts,Pearce,tracey_roberts,Tracey Roberts,v1_mps.full_name
tracey_roberts,Pearce,tracey_roberts,Tracey Roberts,v1_mps.mp_id
Trent Zimmerman,North Sydney,trent_zimmerman,Trent Zimmerman,canonical
Trent Zimmerman,North Sydney,trent_zimmerman,Trent Zimmerman,v1_mps.full_name
trent_moir_zimmerman,North Sydney,trent_zimmerman,Trent Zimmerman,v1_mps.mp_id
Trevor Evans,Brisbane,trevor_evans,Trevor Evans,canonical
Trevor Evans,Brisbane,trevor_evans,Trevor Evans,v1_mps.full_name
trevor_mark_evans,Brisbane,trevor_evans,Trevor Evans,v1_mps.mp_id
Trish Cook,Bullwinkel,trish_cook,Trish Cook,aph_48
Vince Connelly,Stirling,vince_connelly,Vince Connelly,canonical
Vince Connelly,Stirling,vince_connelly,Vince Connelly,v1_mps.full_name
vince_connelly,Stirling,vince_connelly,Vince Connelly,v1_mps.mp_id
Warren Entsch,LEICHHARDT,warren_entsch,Warren Entsch,v1_mps.full_name
Warren Entsch,Leichhardt,warren_entsch,Warren Entsch,canonical
Warren George Entsch,Leichhardt,warren_entsch,Warren Entsch,v1_mps.full_name
warren_entsch,LEICHHARDT,warren_entsch,Warren Entsch,v1_mps.mp_id
warren_george_entsch,Leichhardt,warren_entsch,Warren Entsch,v1_mps.mp_id
Warren Snowdon,Lingiari,warren_snowdon,Warren Snowdon,canonical
Warren Snowdon,Lingiari,warren_snowdon,Warren Snowdon,v1_mps.full_name
warren_snowdon,Lingiari,warren_snowdon,Warren Snowdon,v1_mps.mp_id
Warren Errol Truss,Wide Bay,warren_truss,Warren Truss,v1_mps.full_name
Warren Truss,Wide Bay,warren_truss,Warren Truss,canonical
warren_errol_truss,Wide Bay,warren_truss,Warren Truss,v1_mps.mp_id
Wayne Maxwell Swan,Lilley,wayne_swan,Wayne Swan,v1_mps.full_name
Wayne Swan,Lilley,wayne_swan,Wayne Swan,canonical
wayne_maxwell_swan,Lilley,wayne_swan,Wayne Swan,v1_mps.mp_id
Wyatt Roy,Longman,wyatt_roy,Wyatt Roy,canonical
Wyatt Roy,Longman,wyatt_roy,Wyatt Roy,v1_mps.full_name
wyatt_beau_roy,Longman,wyatt_roy,Wyatt Roy,v1_mps.mp_id
Yvette D'Ath,Petrie,yvette_d_ath,Yvette D'Ath,canonical
Yvette Maree D'Ath,Petrie,yvette_d_ath,Yvette D'Ath,v1_mps.full_name
yvette_maree_d'ath,Petrie,yvette_d_ath,Yvette D'Ath,v1_mps.mp_id
Zali Steggall,Warringah,zali_steggall,Zali Steggall,canonical
Zali Steggall,Warringah,zali_steggall,Zali Steggall,v1_mps.full_name
zali_steggall,Warringah,zali_steggall,Zali Steggall,v1_mps.mp_id
Zaneta Mascarenhas,Swan,zaneta_mascarenhas,Zaneta Mascarenhas,canonical
Zaneta Mascarenhas,Swan,zaneta_mascarenhas,Zaneta Mascarenhas,v1_mps.full_name
zaneta_mascarenhas,Swan,zaneta_mascarenhas,Zaneta Mascarenhas,v1_mps.mp_id
Zhi Soon,Banks,zhi_soon,Zhi Soon,aph_48
Zoe Daniel,Goldstein,zoe_daniel,Zoe Daniel,canonical
Zoe Daniel,Goldstein,zoe_daniel,Zoe Daniel,v1_mps.full_name
zoe_daniel,Goldstein,zoe_daniel,Zoe Daniel,v1_mps.mp_id
Zoe McKenzie,Flinders,zoe_mckenzie,Zoe McKenzie,canonical
Zoe Mckenzie,Flinders,zoe_mckenzie,Zoe McKenzie,v1_mps.full_name
zoe_mckenzie,Flinders,zoe_mckenzie,Zoe McKenzie,v1_mps.mp_id
