variant,canonical_party
ALP,Australian Labor Party
Australian Greens (GRN),Australian Greens
Australian Labor Party (ALP),Australian Labor Party
CA,Centre Alliance
Centre Alliance,Centre Alliance
Greens,Australian Greens
GRN,Australian Greens
IND,Independent
Independent,Independent
Jacqui Lambie Network,Jacqui Lambie Network
JLN,Jacqui Lambie Network
KAP,Katter's Australian Party
Katter's Australian,Katter's Australian Party
Labor,Australian Labor Party
LIB,Liberal Party of Australia
Liberal,Liberal Party of Australia
Liberal / Independent,Liberal/Independent
Liberal National,Liberal National Party
Liberal National Party of Queensland,Liberal National Party
Liberal Party,Liberal Party of Australia
Liberal Party of Australia (LIB),Liberal Party of Australia
LNP,Liberal National Party
NAT,National Party of Australia
National,National Party of Australia
National Party,National Party of Australia
National Party of Australia (NAT),National Party of Australia
Nationals,National Party of Australia
Nationals WA,National Party of Australia
Nick Xenophon Team,Centre Alliance
NXT,Centre Alliance
One Nation,Pauline Hanson's One Nation
ONP,Pauline Hanson's One Nation
Palmer United,United Australia Party
Palmer United Party,United Australia Party
PHON,Pauline Hanson's One Nation
PUP,United Australia Party
The Greens,Australian Greens
The Nationals,National Party of Australia
UAP,United Australia Party
Xenophon/Centre Alliance,Centre Alliance
