pdf_path,member_id,canonical_full_name,electorate_or_state,source
pdfs/43/abbotta_43p.pdf,tony_abbott,Tony Abbott,Warringah,v1
pdfs/43/adamsd_43p.pdf,dick_adams,Dick Adams,Lyons,v1
pdfs/43/albanesea_43p.pdf,anthony_albanese,Anthony Albanese,Grayndler,v1
pdfs/43/alexanderj_43p.pdf,john_alexander,John Alexander,Bennelong,v1
pdfs/43/andrewsk_43p.pdf,kevin_andrews,Kevin Andrews,Menzies,v1
pdfs/43/andrewskaren_43p.pdf,karen_andrews,Karen Andrews,McPherson,v1
pdfs/43/baldwinb_43p.pdf,bob_baldwin,Bob Baldwin,Paterson,v1
pdfs/43/bandta_43p.pdf,adam_bandt,Adam Bandt,Melbourne,v1
pdfs/43/billsonb_43p.pdf,bruce_billson,Bruce Billson,Dunkley,v1
pdfs/43/birds_43p.pdf,sharon_bird,Sharon Bird,Cunningham,v1
pdfs/43/bishopb_43p.pdf,bronwyn_bishop,Bronwyn Bishop,Mackellar,v1
pdfs/43/bishopj_43p.pdf,julie_bishop,Julie Bishop,Curtin,v1
pdfs/43/bowenc_43p.pdf,chris_bowen,Chris Bowen,McMahon,v1
pdfs/43/bradburyd_43p.pdf,david_bradbury,David Bradbury,Lindsay,v1
pdfs/43/briggsj_43p.pdf,jamie_briggs,Jamie Briggs,Mayo,v1
pdfs/43/broadbentr_43p.pdf,russell_broadbent,Russell Broadbent,Monash,v1
pdfs/43/brodtmanng_43p.pdf,gai_brodtmann,Gai Brodtmann,Canberra,v1
pdfs/43/buchholzs_43p.pdf,scott_buchholz,Scott Buchholz,Wright,v1
pdfs/43/burkea_43p.pdf,anna_burke,Anna Burke,Chisholm,v1
pdfs/43/burket_43p.pdf,tony_burke,Tony Burke,Watson,v1
pdfs/43/butlerm_43p.pdf,mark_butler,Mark Butler,Port Adelaide,v1
pdfs/43/byrnea_43p.pdf,anthony_byrne,Anthony Byrne,Holt,v1
pdfs/43/championn_43p.pdf,nick_champion,Nick Champion,Wakefield,v1
pdfs/43/cheesemand_43p.pdf,darren_cheeseman,Darren Cheeseman,Corangamite,v1
pdfs/43/chesterd_43p.pdf,darren_chester,Darren Chester,Gippsland,v1
pdfs/43/christenseng_43p.pdf,george_christensen,George Christensen,Dawson,v1
pdfs/43/ciobos_43p.pdf,steven_ciobo,Steven Ciobo,Moncrieff,v1
pdfs/43/clarej_43p.pdf,jason_clare,Jason Clare,Blaxland,v1
pdfs/43/cobbj_43p.pdf,john_cobb,John Cobb,Calare,v1
pdfs/43/collinsj_43p.pdf,julie_collins,Julie Collins,Franklin,v1
pdfs/43/combetg_43p.pdf,greg_combet,Greg Combet,Charlton,v1
pdfs/43/coultonm_43p.pdf,mark_coulton,Mark Coulton,Parkes,v1
pdfs/43/creans_43p.pdf,simon_crean,Simon Crean,Hotham,v1
pdfs/43/crookt_43p.pdf,tony_crook,Tony Crook,O'Connor,v1
pdfs/43/danbym_43p.pdf,michael_danby,Michael Danby,Melbourne Ports,v1
pdfs/43/dathy_43p.pdf,yvette_d_ath,Yvette D'Ath,Petrie,v1
pdfs/43/dreyfusm_43p.pdf,mark_dreyfus,Mark Dreyfus,Isaacs,v1
pdfs/43/duttonp_43p.pdf,peter_dutton,Peter Dutton,Dickson,v1
pdfs/43/elliotj_43p.pdf,justine_elliot,Justine Elliot,Richmond,v1
pdfs/43/ellisk_43p.pdf,kate_ellis,Kate Ellis,Adelaide,v1
pdfs/43/emersonc_43p.pdf,craig_emerson,Craig Emerson,Rankin,v1
pdfs/43/entschw_43p.pdf,warren_entsch,Warren Entsch,Leichhardt,v1
pdfs/43/fergusonl_43p.pdf,laurie_ferguson,Laurie Ferguson,Werriwa,v1
pdfs/43/fergusonm_43p.pdf,martin_ferguson,Martin Ferguson,Batman,v1
pdfs/43/fitzgibbonj_43p.pdf,joel_fitzgibbon,Joel Fitzgibbon,Hunter,v1
pdfs/43/fletcherp_43p.pdf,paul_fletcher,Paul Fletcher,Bradfield,v1
pdfs/43/forrestj_43p.pdf,john_forrest,John Forrest,Mallee,v1
pdfs/43/frydenbergj_43p.pdf,josh_frydenberg,Josh Frydenberg,Kooyong,v1
pdfs/43/gambarot_43p.pdf,teresa_gambaro,Teresa Gambaro,Brisbane,v1
pdfs/43/garrettp_43p.pdf,peter_garrett,Peter Garrett,Kingsford Smith,v1
pdfs/43/gashj_43p.pdf,joanna_gash,Joanna Gash,Gilmore,v1
pdfs/43/georganass_43p.pdf,steve_georganas,Steve Georganas,Adelaide,v1
pdfs/43/gibbonss_43p.pdf,steve_gibbons,Steve Gibbons,Bendigo,v1
pdfs/43/gillardj_43p.pdf,julia_gillard,Julia Gillard,Lalor,v1
pdfs/43/grayg_43p.pdf,gary_gray,Gary Gray,Brand,v1
pdfs/43/griersons_43p.pdf,sharon_grierson,Sharon Grierson,Newcastle,v1
pdfs/43/griffina_43p.pdf,alan_griffin,Alan Griffin,Bruce,v1
pdfs/43/griggsn_43p.pdf,natasha_griggs,Natasha Griggs,Solomon,v1
pdfs/43/haaseb_43p.pdf,barry_haase,Barry Haase,Durack,v1
pdfs/43/hallj_43p.pdf,jill_hall,Jill Hall,Shortland,v1
pdfs/43/hartsuykerl_43p.pdf,luke_hartsuyker,Luke Hartsuyker,Cowper,v1
pdfs/43/hawkea_43p.pdf,alex_hawke,Alex Hawke,Mitchell,v1
pdfs/43/hayesc_43p.pdf,chris_hayes,Chris Hayes,Fowler,v1
pdfs/43/hockeyj_43p.pdf,joe_hockey,Joe Hockey,North Sydney,v1
pdfs/43/huntg_43p.pdf,greg_hunt,Greg Hunt,Flinders,v1
pdfs/43/husice_43p.pdf,ed_husic,Ed Husic,Chifley,v1
pdfs/43/ironss_43p.pdf,steve_irons,Steve Irons,Swan,v1
pdfs/43/jenkinsh_43p.pdf,harry_jenkins,Harry Jenkins,Scullin,v1
pdfs/43/jensend_43p.pdf,dennis_jensen,Dennis Jensen,Tangney,v1
pdfs/43/jonese_43p.pdf,ewen_jones,Ewen Jones,Herbert,v1
pdfs/43/joness_43p.pdf,stephen_jones,Stephen Jones,Throsby,v1
pdfs/43/katterb_43p.pdf,bob_katter,Bob Katter,Kennedy,v1
pdfs/43/keenanm_43p.pdf,michael_keenan,Michael Keenan,Stirling,v1
pdfs/43/kellyc_43p.pdf,craig_kelly,Craig Kelly,Hughes,v1
pdfs/43/kellym_43p.pdf,mike_kelly,Mike Kelly,Eden-Monaro,v1
pdfs/43/kingc_43p.pdf,catherine_king,Catherine King,Ballarat,v1
pdfs/43/laminga_43p.pdf,andrew_laming,Andrew Laming,Bowman,v1
pdfs/43/leigha_43p.pdf,andrew_leigh,Andrew Leigh,Fenner,v1
pdfs/43/leys_43p.pdf,sussan_ley,Sussan Ley,Farrer,v1
pdfs/43/livermorek_43p.pdf,kirsten_livermore,Kirsten Livermore,Capricornia,v1
pdfs/43/lyonsg_43p.pdf,geoff_lyons,Geoff Lyons,Bass,v1
pdfs/43/macfarlanei_43p.pdf,ian_macfarlane,Ian Macfarlane,Groom,v1
pdfs/43/macklinj_43p.pdf,jenny_macklin,Jenny Macklin,Jagajaga,v1
pdfs/43/marinon_43p.pdf,nola_marino,Nola Marino,Forrest,v1
pdfs/43/markusl_43p.pdf,louise_markus,Louise Markus,Macquarie,v1
pdfs/43/marlesr_43p.pdf,richard_marles,Richard Marles,Corio,v1
pdfs/43/mathesonr_43p.pdf,russell_matheson,Russell Matheson,Macarthur,v1
pdfs/43/mcclellandr_43p.pdf,robert_mcclelland,Robert McClelland,Barton,v1
pdfs/43/mccormackm_43p.pdf,michael_mccormack,Michael McCormack,Riverina,v1
pdfs/43/melhamd_43p.pdf,daryl_melham,Daryl Melham,Banks,v1
pdfs/43/mirabellas_43p.pdf,sophie_mirabella,Sophie Mirabella,Indi,v1
pdfs/43/mitchellr_43p.pdf,rob_mitchell,Rob Mitchell,McEwen,v1
pdfs/43/morrisons_43p.pdf,scott_morrison,Scott Morrison,Cook,v1
pdfs/43/moylanj_43p.pdf,judi_moylan,Judi Moylan,Pearce,v1
pdfs/43/murphyj_43p.pdf,john_murphy,John Murphy,Reid,v1
pdfs/43/neumanns_43p.pdf,shayne_neumann,Shayne Neumann,Blair,v1
pdfs/43/nevillep_43p.pdf,paul_neville,Paul Neville,Hinkler,v1
pdfs/43/oakeshottr_43p.pdf,rob_oakeshott,Rob Oakeshott,Lyne,v1
pdfs/43/oconnorb_43p.pdf,brendan_o_connor,Brendan O'Connor,Gorton,v1
pdfs/43/odowdk_43p.pdf,ken_o_dowd,Ken O'Dowd,Flynn,v1
pdfs/43/odwyerk_43p.pdf,kelly_o_dwyer,Kelly O'Dwyer,Higgins,v1
pdfs/43/oneilld_43p.pdf,deborah_o_neill,Deborah O'Neill,Robertson,v1
pdfs/43/owensj_43p.pdf,julie_owens,Julie Owens,Parramatta,v1
pdfs/43/parkem_43p.pdf,melissa_parke,Melissa Parke,Fremantle,v1
pdfs/43/perrettg_43p.pdf,graham_perrett,Graham Perrett,Moreton,v1
pdfs/43/plibersekt_43p.pdf,tanya_plibersek,Tanya Plibersek,Sydney,v1
pdfs/43/prenticej_43p.pdf,jane_prentice,Jane Prentice,Ryan,v1
pdfs/43/pynec_43p.pdf,christopher_pyne,Christopher Pyne,Sturt,v1
pdfs/43/ramseyr_43p.pdf,rowan_ramsey,Rowan Ramsey,Grey,v1
pdfs/43/randalld_43p.pdf,don_randall,Don Randall,Canning,v1
pdfs/43/ripollb_43p.pdf,bernie_ripoll,Bernie Ripoll,Oxley,v1
pdfs/43/rishwortha_43p.pdf,amanda_rishworth,Amanda Rishworth,Kingston,v1
pdfs/43/robba_43p.pdf,andrew_robb,Andrew Robb,Goldstein,v1
pdfs/43/roberts_43p.pdf,stuart_robert,Stuart Robert,Fadden,v1
pdfs/43/rowlandm_43p.pdf,michelle_rowland,Michelle Rowland,Greenway,v1
pdfs/43/roxonn_43p.pdf,nicola_roxon,Nicola Roxon,Gellibrand,v1
pdfs/43/royw_43p.pdf,wyatt_roy,Wyatt Roy,Longman,v1
pdfs/43/ruddk_43p.pdf,kevin_rudd,Kevin Rudd,Griffith,v1
pdfs/43/ruddockp_43p.pdf,philip_ruddock,Philip Ruddock,Berowra,v1
pdfs/43/saffinj_43p.pdf,janelle_saffin,Janelle Saffin,Page,v1
pdfs/43/schultza_43p.pdf,alby_schultz,Alby Schultz,Hume,v1
pdfs/43/scottb_43p.pdf,bruce_scott,Bruce Scott,Maranoa,v1
pdfs/43/seckerp_43p.pdf,patrick_secker,Patrick Secker,Barker,v1
pdfs/43/shortenb_43p.pdf,bill_shorten,Bill Shorten,Maribyrnong,v1
pdfs/43/sidebottoms_43p.pdf,sid_sidebottom,Sid Sidebottom,Braddon,v1
pdfs/43/simpkinsl_43p.pdf,luke_simpkins,Luke Simpkins,Cowan,v1
pdfs/43/slipperp_43p.pdf,peter_slipper,Peter Slipper,Fisher,v1
pdfs/43/smiths_43p.pdf,stephen_smith,Stephen Smith,Perth,v1
pdfs/43/smitht_43p.pdf,tony_smith,Tony Smith,Casey,v1
pdfs/43/smythl_43p.pdf,laura_smyth,Laura Smyth,La Trobe,v1
pdfs/43/snowdonw_43p.pdf,warren_snowdon,Warren Snowdon,Lingiari,v1
pdfs/43/somlyaya_43p.pdf,alex_somlyay,Alex Somlyay,Fairfax,v1
pdfs/43/southcotta_43p.pdf,andrew_southcott,Andrew Southcott,Boothby,v1
pdfs/43/stones_43p.pdf,sharman_stone,Sharman Stone,Murray,v1
pdfs/43/swanw_43p.pdf,wayne_swan,Wayne Swan,Lilley,v1
pdfs/43/symonm_43p.pdf,mike_symon,Mike Symon,Deakin,v1
pdfs/43/tehand_43p.pdf,dan_tehan,Dan Tehan,Wannon,v1
pdfs/43/thomsonc_43p.pdf,craig_thomson,Craig Thomson,Dobell,v1
pdfs/43/thomsonk_43p.pdf,kelvin_thomson,Kelvin Thomson,Wills,v1
pdfs/43/trussw_43p.pdf,warren_truss,Warren Truss,Wide Bay,v1
pdfs/43/tudgea_43p.pdf,alan_tudge,Alan Tudge,Aston,v1
pdfs/43/turnbullm_43p.pdf,malcolm_turnbull,Malcolm Turnbull,Wentworth,v1
pdfs/43/vamvakinoum_43p.pdf,maria_vamvakinou,Maria Vamvakinou,Calwell,v1
pdfs/43/vanmanenb_43p.pdf,bert_van_manen,Bert van Manen,Forde,v1
pdfs/43/vastar_43p.pdf,ross_vasta,Ross Vasta,Bonner,v1
pdfs/43/washerm_43p.pdf,mal_washer,Mal Washer,Moore,v1
pdfs/43/wilkiea_43p.pdf,andrew_wilkie,Andrew Wilkie,Denison,v1
pdfs/43/windsort_43p.pdf,tony_windsor,Tony Windsor,New England,v1
pdfs/43/wyattk_43p.pdf,ken_wyatt,Ken Wyatt,Hasluck,v1
pdfs/43/zappiat_43p.pdf,tony_zappia,Tony Zappia,Makin,v1
pdfs/44/abbotta_44p.pdf,tony_abbott,Tony Abbott,Warringah,v1
pdfs/44/albanesea_44p.pdf,anthony_albanese,Anthony Albanese,Grayndler,v1
pdfs/44/alexanderj_44p.pdf,john_alexander,John Alexander,Bennelong,stem
pdfs/44/andrewskaren_44p.pdf,karen_andrews,Karen Andrews,McPherson,v1
pdfs/44/andrewskevin_44p.pdf,kevin_andrews,Kevin Andrews,Menzies,v1
pdfs/44/baldwinr_44p.pdf,bob_baldwin,Bob Baldwin,Paterson,v1
pdfs/44/bandta_44p.pdf,adam_bandt,Adam Bandt,Melbourne,v1
pdfs/44/billsonb_44p.pdf,bruce_billson,Bruce Billson,Dunkley,v1
pdfs/44/birds_44p.pdf,sharon_bird,Sharon Bird,Cunningham,v1
pdfs/44/bishopbronwyn_44p.pdf,bronwyn_bishop,Bronwyn Bishop,Mackellar,v1
pdfs/44/bishopjulie_44p.pdf,julie_bishop,Julie Bishop,Curtin,v1
pdfs/44/bowenc_44p.pdf,chris_bowen,Chris Bowen,McMahon,v1
pdfs/44/briggsj_44p.pdf,jamie_briggs,Jamie Briggs,Mayo,v1
pdfs/44/broada_44p.pdf,andrew_broad,Andrew Broad,Mallee,v1
pdfs/44/broadbentr_44p.pdf,russell_broadbent,Russell Broadbent,McMillan,v1
pdfs/44/brodtmanng_44p.pdf,gai_brodtmann,Gai Brodtmann,Canberra,v1
pdfs/44/broughm_44p.pdf,mal_brough,Mal Brough,Fisher,v1
pdfs/44/buchholzs_44p.pdf,scott_buchholz,Scott Buchholz,Wright,v1
pdfs/44/burkeanna_44p.pdf,anna_burke,Anna Burke,Chisholm,v1
pdfs/44/burketony_44p.pdf,tony_burke,Tony Burke,Watson,v1
pdfs/44/butlerm_44p.pdf,mark_butler,Mark Butler,Port Adelaide,v1
pdfs/44/butlerterri_44p.pdf,terri_butler,Terri Butler,Griffith,v1
pdfs/44/byrnea_44p.pdf,anthony_byrne,Anthony Byrne,Holt,v1
pdfs/44/chalmersj_44p.pdf,jim_chalmers,Jim Chalmers,Rankin,v1
pdfs/44/championn_44p.pdf,nick_champion,Nick Champion,Wakefield,v1
pdfs/44/chesterd_44p.pdf,darren_chester,Darren Chester,Gippsland,v1
pdfs/44/chestersl_44p.pdf,lisa_chesters,Lisa Chesters,Bendigo,v1
pdfs/44/christenseng_44p.pdf,george_christensen,George Christensen,Dawson,v1
pdfs/44/ciobos_44p.pdf,steven_ciobo,Steven Ciobo,Moncrieff,v1
pdfs/44/clarej_44p.pdf,jason_clare,Jason Clare,Blaxland,v1
pdfs/44/claydons_44p.pdf,sharon_claydon,Sharon Claydon,Newcastle,v1
pdfs/44/cobbj_44p.pdf,john_cobb,John Cobb,Calare,v1
pdfs/44/colemand_44p.pdf,david_coleman,David Coleman,Banks,v1
pdfs/44/collinsj_44p.pdf,julie_collins,Julie Collins,Franklin,v1
pdfs/44/conroyp_44p.pdf,pat_conroy,Pat Conroy,Shortland,v1
pdfs/44/coultonm_44p.pdf,mark_coulton,Mark Coulton,Parkes,v1
pdfs/44/danbym_44p.pdf,michael_danby,Michael Danby,Melbourne Ports,v1
pdfs/44/dreyfusm_44p.pdf,mark_dreyfus,Mark Dreyfus,Isaacs,v1
pdfs/44/duttonp_44p.pdf,peter_dutton,Peter Dutton,Dickson,v1
pdfs/44/elliotj_44p.pdf,justine_elliot,Justine Elliot,Richmond,stem
pdfs/44/ellisk_44p.pdf,kate_ellis,Kate Ellis,Adelaide,stem
pdfs/44/entschw_44p.pdf,warren_entsch,Warren Entsch,Leichhardt,stem
pdfs/44/feeneyd_44p.pdf,david_feeney,David Feeney,Batman,stem
pdfs/44/fergusonl_44p.pdf,laurie_ferguson,Laurie Ferguson,Werriwa,stem
pdfs/44/fitzgibbonj_44p.pdf,joel_fitzgibbon,Joel Fitzgibbon,Hunter,v1
pdfs/44/fletcher_44p.pdf,paul_fletcher,Paul Fletcher,Bradfield,v1
pdfs/44/frydenbergj_44p.pdf,josh_frydenberg,Josh Frydenberg,Kooyong,v1
pdfs/44/gambarot_44p.pdf,teresa_gambaro,Teresa Gambaro,Brisbane,v1
pdfs/44/gilesa_44p.pdf,andrew_giles,Andrew Giles,Scullin,v1
pdfs/44/gillespied_44p.pdf,david_gillespie,David Gillespie,Lyne,v1
pdfs/44/goodenoughi_44p.pdf,ian_goodenough,Ian Goodenough,Moore,v1
pdfs/44/grayg_44p.pdf,gary_gray,Gary Gray,Brand,v1
pdfs/44/griffina_44p.pdf,alan_griffin,Alan Griffin,Bruce,v1
pdfs/44/griggsj_44p.pdf,natasha_griggs,Natasha Griggs,Solomon,v1
pdfs/44/hallj_44p.pdf,jill_hall,Jill Hall,Shortland,v1
pdfs/44/hartsuykerl_44p.pdf,luke_hartsuyker,Luke Hartsuyker,Cowper,v1
pdfs/44/hastie_44p.pdf,andrew_hastie,Andrew Hastie,Canning,v1
pdfs/44/hawkea_44p.pdf,alex_hawke,Alex Hawke,Mitchell,v1
pdfs/44/hayesc_44p.pdf,chris_hayes,Chris Hayes,Fowler,v1
pdfs/44/hendersons_44p.pdf,sarah_henderson,Sarah Henderson,Corangamite,v1
pdfs/44/hendyp_44p.pdf,peter_hendy,Peter Hendy,Eden-Monaro,v1
pdfs/44/hockeyj_44p.pdf,joe_hockey,Joe Hockey,North Sydney,v1
pdfs/44/hogank_44p.pdf,kevin_hogan,Kevin Hogan,Page,v1
pdfs/44/howarthl_44p.pdf,luke_howarth,Luke Howarth,Petrie,v1
pdfs/44/huntg_44p.pdf,greg_hunt,Greg Hunt,Flinders,v1
pdfs/44/husice_44p.pdf,ed_husic,Ed Husic,Chifley,v1
pdfs/44/hutchinsone_44p.pdf,eric_hutchinson,Eric Hutchinson,Lyons,v1
pdfs/44/interestsr_44p.pdf,,,,non_member
pdfs/44/ironss_44p.pdf,steve_irons,Steve Irons,Swan,v1
pdfs/44/jensend_44p.pdf,dennis_jensen,Dennis Jensen,Tangney,v1
pdfs/44/jonese_44p.pdf,ewen_jones,Ewen Jones,Herbert,v1
pdfs/44/joness_44p.pdf,stephen_jones,Stephen Jones,Throsby,v1
pdfs/44/joyceb_44p.pdf,barnaby_joyce,Barnaby Joyce,New England,v1
pdfs/44/katterb_44p.pdf,bob_katter,Bob Katter,Kennedy,v1
pdfs/44/keenanm_44p.pdf,michael_keenan,Michael Keenan,Stirling,v1
pdfs/44/kellyc_44p.pdf,craig_kelly,Craig Kelly,Hughes,v1
pdfs/44/kingc_44p.pdf,catherine_king,Catherine King,Ballarat,v1
pdfs/44/laminga_44p.pdf,andrew_laming,Andrew Laming,Bowman,v1
pdfs/44/landrym_44p.pdf,michelle_landry,Michelle Landry,Capricornia,v1
pdfs/44/laundyc_44p.pdf,craig_laundy,Craig Laundy,Reid,v1
pdfs/44/leigha_44p.pdf,andrew_leigh,Andrew Leigh,Fenner,v1
pdfs/44/leys_44p.pdf,sussan_ley,Sussan Ley,Farrer,v1
pdfs/44/macfarlanei_44p.pdf,ian_macfarlane,Ian Macfarlane,Groom,v1
pdfs/44/macklinj_44p.pdf,jenny_macklin,Jenny Macklin,Jagajaga,v1
pdfs/44/mactiernana_44p.pdf,alannah_mactiernan,Alannah MacTiernan,Perth,v1
pdfs/44/marinon_44p.pdf,nola_marino,Nola Marino,Forrest,v1
pdfs/44/markusl_44p.pdf,louise_markus,Louise Markus,Macquarie,v1
pdfs/44/marlesr_44p.pdf,richard_marles,Richard Marles,Corio,v1
pdfs/44/mathesonr_44p.pdf,russell_matheson,Russell Matheson,Macarthur,v1
pdfs/44/mccormackm_44p.pdf,michael_mccormack,Michael McCormack,Riverina,v1
pdfs/44/mcgowanc_44p.pdf,cathy_mcgowan,Cathy McGowan,Indi,v1
pdfs/44/mcnamarak_44p.pdf,karen_mcnamara,Karen McNamara,Dobell,v1
pdfs/44/mitchellr_44p.pdf,rob_mitchell,Rob Mitchell,McEwen,v1
pdfs/44/morrisons_44p.pdf,scott_morrison,Scott Morrison,Cook,v1
pdfs/44/neumanns_44p.pdf,shayne_neumann,Shayne Neumann,Blair,v1
pdfs/44/nikolica_44p.pdf,andrew_nikolic,Andrew Nikolic,Bass,v1
pdfs/44/oconnorb_44p.pdf,brendan_o_connor,Brendan O'Connor,Gorton,v1
pdfs/44/odowdk_44p.pdf,ken_o_dowd,Ken O'Dowd,Flynn,v1
pdfs/44/odwyerk_44p.pdf,kelly_o_dwyer,Kelly O'Dwyer,Higgins,v1
pdfs/44/oneilc44p.pdf,clare_o_neil,Clare O'Neil,Hotham,v1
pdfs/44/owensj_44p.pdf,julie_owens,Julie Owens,Parramatta,v1
pdfs/44/palmerc_44p.pdf,clive_palmer,Clive Palmer,Fairfax,v1
pdfs/44/parkem_44p.pdf,melissa_parke,Melissa Parke,Fremantle,v1
pdfs/44/pasint_44p.pdf,tony_pasin,Tony Pasin,Barker,v1
pdfs/44/perrettg_44p.pdf,graham_perrett,Graham Perrett,Moreton,v1
pdfs/44/pittk_44p.pdf,keith_pitt,Keith Pitt,Hinkler,v1
pdfs/44/plibersekt_44p.pdf,tanya_plibersek,Tanya Plibersek,Sydney,v1
pdfs/44/porterc_44p.pdf,christian_porter,Christian Porter,Pearce,v1
pdfs/44/prenticej_44p.pdf,jane_prentice,Jane Prentice,Ryan,v1
pdfs/44/pricem_44p.pdf,melissa_price,Melissa Price,Durack,v1
pdfs/44/pynec_44p.pdf,christopher_pyne,Christopher Pyne,Sturt,v1
pdfs/44/ramseyr_44p.pdf,rowan_ramsey,Rowan Ramsey,Grey,v1
pdfs/44/randalld_44p.pdf,don_randall,Don Randall,Canning,v1
pdfs/44/ripollb_44p.pdf,bernie_ripoll,Bernie Ripoll,Oxley,v1
pdfs/44/rishwortha_44p.pdf,amanda_rishworth,Amanda Rishworth,Kingston,v1
pdfs/44/robba_44p.pdf,andrew_robb,Andrew Robb,Goldstein,v1
pdfs/44/roberts_44p.pdf,stuart_robert,Stuart Robert,Fadden,v1
pdfs/44/rowlandm_44p.pdf,michelle_rowland,Michelle Rowland,Greenway,v1
pdfs/44/royw_44p.pdf,wyatt_roy,Wyatt Roy,Longman,v1
pdfs/44/ruddockp_44p.pdf,philip_ruddock,Philip Ruddock,Berowra,v1
pdfs/44/ryanj_44p.pdf,joanne_ryan,Joanne Ryan,Lalor,v1
pdfs/44/scottbruce_44p.pdf,bruce_scott,Bruce Scott,Maranoa,v1
pdfs/44/scottfiona_44p.pdf,fiona_scott,Fiona Scott,Lindsay,v1
pdfs/44/shortenb_44p.pdf,bill_shorten,Bill Shorten,Maribyrnong,v1
pdfs/44/simpkinsl_44p.pdf,luke_simpkins,Luke Simpkins,Cowan,v1
pdfs/44/smitht_44p.pdf,tony_smith,Tony Smith,Casey,v1
pdfs/44/snowdonw_44p.pdf,warren_snowdon,Warren Snowdon,Lingiari,v1
pdfs/44/southcotta_44p.pdf,andrew_southcott,Andrew Southcott,Boothby,v1
pdfs/44/stones_44p.pdf,sharman_stone,Sharman Stone,Murray,v1
pdfs/44/sudmalisa_44p.pdf,ann_sudmalis,Ann Sudmalis,Gilmore,v1
pdfs/44/sukkarm_44p.pdf,michael_sukkar,Michael Sukkar,Deakin,v1
pdfs/44/swanw_44p.pdf,wayne_swan,Wayne Swan,Lilley,v1
pdfs/44/taylora_44p.pdf,angus_taylor,Angus Taylor,Hume,v1
pdfs/44/tehand_44p.pdf,dan_tehan,Dan Tehan,Wannon,v1
pdfs/44/thistlethwaitem_44p.pdf,matt_thistlethwaite,Matt Thistlethwaite,Kingsford Smith,v1
pdfs/44/thomsonk_44p.pdf,kelvin_thomson,Kelvin Thomson,Wills,v1
pdfs/44/trussw_44p.pdf,warren_truss,Warren Truss,Wide Bay,v1
pdfs/44/tudgea_44p.pdf,alan_tudge,Alan Tudge,Aston,v1
pdfs/44/turnbullm_44p.pdf,malcolm_turnbull,Malcolm Turnbull,Wentworth,v1
pdfs/44/vamvakinoum_44p.pdf,maria_vamvakinou,Maria Vamvakinou,Calwell,v1
pdfs/44/vanmanenb_44p.pdf,bert_van_manen,Bert van Manen,Forde,v1
pdfs/44/varvarisn_44p.pdf,nickolas_varvaris,Nickolas Varvaris,Barton,v1
pdfs/44/vastar_44p.pdf,ross_vasta,Ross Vasta,Bonner,v1
pdfs/44/wattst_44p.pdf,tim_watts,Tim Watts,Gellibrand,v1
pdfs/44/whiteleyb_44p.pdf,brett_whiteley,Brett Whiteley,Braddon,v1
pdfs/44/wicksl_44p.pdf,lucy_wicks,Lucy Wicks,Robertson,v1
pdfs/44/wilkiea_44p.pdf,andrew_wilkie,Andrew Wilkie,Denison,v1
pdfs/44/williamsm_44p.pdf,matt_williams,Matt Williams,Hindmarsh,v1
pdfs/44/wilsonr_44p.pdf,rick_wilson,Rick Wilson,O'Connor,v1
pdfs/44/woodj_44p.pdf,jason_wood,Jason Wood,La Trobe,v1
pdfs/44/wyattk_44p.pdf,ken_wyatt,Ken Wyatt,Hasluck,v1
pdfs/44/zappiat_44p.pdf,tony_zappia,Tony Zappia,Makin,v1
pdfs/44/zimmermant_44p.pdf,trent_zimmerman,Trent Zimmerman,North Sydney,v1
pdfs/45/abbottt_45p.pdf,tony_abbott,Tony Abbott,Warringah,v1
pdfs/45/albanesea_45p.pdf,anthony_albanese,Anthony Albanese,Grayndler,v1
pdfs/45/alexanderj_45p.pdf,john_alexander,John Alexander,Bennelong,v1
pdfs/45/alexanderj_45p_2.pdf,john_alexander,John Alexander,Bennelong,v1
pdfs/45/alya_45p.pdf,anne_aly,Anne Aly,Cowan,v1
pdfs/45/andrewskaren_45p.pdf,karen_andrews,Karen Andrews,McPherson,v1
pdfs/45/andrewskevin_45p.pdf,kevin_andrews,Kevin Andrews,Menzies,v1
pdfs/45/bandta_45p.pdf,adam_bandt,Adam Bandt,Melbourne,v1
pdfs/45/banksj_45p.pdf,julia_banks,Julia Banks,Chisholm,v1
pdfs/45/birds_45p.pdf,sharon_bird,Sharon Bird,Cunningham,v1
pdfs/45/bishopj_45p.pdf,julie_bishop,Julie Bishop,Curtin,v1
pdfs/45/bowenc_45p.pdf,chris_bowen,Chris Bowen,McMahon,v1
pdfs/45/broada_45p.pdf,andrew_broad,Andrew Broad,Mallee,v1
pdfs/45/broadbentr_45p.pdf,russell_broadbent,Russell Broadbent,Monash,v1
pdfs/45/brodtmanng_45p.pdf,gai_brodtmann,Gai Brodtmann,Canberra,v1
pdfs/45/buchholzs_45p.pdf,scott_buchholz,Scott Buchholz,Wright,v1
pdfs/45/burket_45p.pdf,tony_burke,Tony Burke,Watson,v1
pdfs/45/burneyl_45p.pdf,linda_burney,Linda Burney,Barton,v1
pdfs/45/butlerm_45p.pdf,mark_butler,Mark Butler,Port Adelaide,v1
pdfs/45/butlert_45p.pdf,terri_butler,Terri Butler,Griffith,v1
pdfs/45/byrnea_45p.pdf,anthony_byrne,Anthony Byrne,Holt,v1
pdfs/45/chalmersj_45p.pdf,jim_chalmers,Jim Chalmers,Rankin,v1
pdfs/45/championn_45p.pdf,nick_champion,Nick Champion,Wakefield,v1
pdfs/45/chesterd_45p.pdf,darren_chester,Darren Chester,Gippsland,v1
pdfs/45/chestersl_45p.pdf,lisa_chesters,Lisa Chesters,Bendigo,v1
pdfs/45/christenseng_45p.pdf,george_christensen,George Christensen,Dawson,v1
pdfs/45/ciobos_45p.pdf,steven_ciobo,Steven Ciobo,Moncrieff,v1
pdfs/45/clarej_45p.pdf,jason_clare,Jason Clare,Blaxland,v1
pdfs/45/claydons_45p.pdf,sharon_claydon,Sharon Claydon,Newcastle,v1
pdfs/45/colemand_45p.pdf,david_coleman,David Coleman,Banks,v1
pdfs/45/collinsj_45p.pdf,julie_collins,Julie Collins,Franklin,v1
pdfs/45/conroyp_45p.pdf,pat_conroy,Pat Conroy,Shortland,v1
pdfs/45/coultonm_45p.pdf,mark_coulton,Mark Coulton,Parkes,v1
pdfs/45/crewtherc_45p.pdf,chris_crewther,Chris Crewther,Dunkley,v1
pdfs/45/danbym_45p.pdf,michael_danby,Michael Danby,Melbourne Ports,v1
pdfs/45/dickm_45p.pdf,milton_dick,Milton Dick,Oxley,v1
pdfs/45/dreyfusm_45p.pdf,mark_dreyfus,Mark Dreyfus,Isaacs,v1
pdfs/45/drumd_45p.pdf,damian_drum,Damian Drum,Murray,v1
pdfs/45/duttonp_45p.pdf,peter_dutton,Peter Dutton,Dickson,v1
pdfs/45/elliotj_45p.pdf,justine_elliot,Justine Elliot,Richmond,v1
pdfs/45/ellisk_45p.pdf,kate_ellis,Kate Ellis,Adelaide,v1
pdfs/45/entschw_45p.pdf,warren_entsch,Warren Entsch,Leichhardt,v1
pdfs/45/evanst_45p.pdf,trevor_evans,Trevor Evans,Brisbane,v1
pdfs/45/falinskij_45p.pdf,jason_falinski,Jason Falinski,Mackellar,v1
pdfs/45/feeneyd_45p.pdf,david_feeney,David Feeney,Batman,v1
pdfs/45/fitzgibbonj_45p.pdf,joel_fitzgibbon,Joel Fitzgibbon,Hunter,v1
pdfs/45/fletcherp_45p.pdf,paul_fletcher,Paul Fletcher,Bradfield,v1
pdfs/45/flint_45p.pdf,nicolle_flint,Nicolle Flint,Boothby,v1
pdfs/45/freelanderm_45p.pdf,mike_freelander,Mike Freelander,Macarthur,v1
pdfs/45/frydenbergj_45p.pdf,josh_frydenberg,Josh Frydenberg,Kooyong,v1
pdfs/45/geea_45p.pdf,andrew_gee,Andrew Gee,Calare,v1
pdfs/45/georganass_45p.pdf,steve_georganas,Steve Georganas,Adelaide,v1
pdfs/45/gilesa_45p.pdf,andrew_giles,Andrew Giles,Scullin,v1
pdfs/45/gillespied_45p.pdf,david_gillespie,David Gillespie,Lyne,v1
pdfs/45/goodenoughi_45p.pdf,ian_goodenough,Ian Goodenough,Moore,v1
pdfs/45/gormanp_45p.pdf,patrick_gorman,Patrick Gorman,Perth,v1
pdfs/45/goslingl_45p.pdf,luke_gosling,Luke Gosling,Solomon,v1
pdfs/45/hammondt_45p.pdf,tim_hammond,Tim Hammond,Perth,v1
pdfs/45/hartr_45p.pdf,ross_hart,Ross Hart,Bass,v1
pdfs/45/hartsuykerl_45p.pdf,luke_hartsuyker,Luke Hartsuyker,Cowper,v1
pdfs/45/hastiea_45p.pdf,andrew_hastie,Andrew Hastie,Canning,v1
pdfs/45/hawkea_45p.pdf,alex_hawke,Alex Hawke,Mitchell,v1
pdfs/45/hayesc_45p.pdf,chris_hayes,Chris Hayes,Fowler,v1
pdfs/45/hendersons_45p.pdf,sarah_henderson,Sarah Henderson,Corangamite,v1
pdfs/45/hillj_45p.pdf,julian_hill,Julian Hill,Bruce,v1
pdfs/45/hogank_45p.pdf,kevin_hogan,Kevin Hogan,Page,v1
pdfs/45/howarthl_45p.pdf,luke_howarth,Luke Howarth,Petrie,v1
pdfs/45/huntg_45p.pdf,greg_hunt,Greg Hunt,Flinders,v1
pdfs/45/husare_45p.pdf,emma_husar,Emma Husar,Lindsay,v1
pdfs/45/husice_45p.pdf,ed_husic,Ed Husic,Chifley,v1
pdfs/45/interestsr_45p.pdf,,,,non_member
pdfs/45/ironss_45p.pdf,steve_irons,Steve Irons,Swan,v1
pdfs/45/joness_45p.pdf,stephen_jones,Stephen Jones,Whitlam,v1
pdfs/45/joyceb_45p_2.pdf,barnaby_joyce,Barnaby Joyce,New England,v1
pdfs/45/katterr_45p.pdf,bob_katter,Bob Katter,Kennedy,v1
pdfs/45/kearneyg_45p.pdf,ged_kearney,Ged Kearney,Batman,v1
pdfs/45/keayj_45p.pdf,justine_keay,Justine Keay,Braddon,v1
pdfs/45/keayj_45p_2.pdf,justine_keay,Justine Keay,Braddon,v1
pdfs/45/keenanm_45p.pdf,michael_keenan,Michael Keenan,Stirling,v1
pdfs/45/kellyc_45p.pdf,craig_kelly,Craig Kelly,Hughes,v1
pdfs/45/kellym_45p.pdf,mike_kelly,Mike Kelly,Eden-Monaro,v1
pdfs/45/keoghm_45p.pdf,matt_keogh,Matt Keogh,Burt,v1
pdfs/45/khalilp_45p.pdf,peter_khalil,Peter Khalil,Wills,v1
pdfs/45/kingc_45p.pdf,catherine_king,Catherine King,Ballarat,v1
pdfs/45/kingm_45p.pdf,madeleine_king,Madeleine King,Brand,v1
pdfs/45/lambs_45p.pdf,susan_lamb,Susan Lamb,Longman,v1
pdfs/45/lambs_45p_2.pdf,susan_lamb,Susan Lamb,Longman,v1
pdfs/45/laminga_45p.pdf,andrew_laming,Andrew Laming,Bowman,v1
pdfs/45/landrym_45p.pdf,michelle_landry,Michelle Landry,Capricornia,v1
pdfs/45/laundyc_45p.pdf,craig_laundy,Craig Laundy,Reid,v1
pdfs/45/leeserj_45p.pdf,julian_leeser,Julian Leeser,Berowra,v1
pdfs/45/leigha_45p.pdf,andrew_leigh,Andrew Leigh,Fenner,v1
pdfs/45/leys_45p.pdf,sussan_ley,Sussan Ley,Farrer,v1
pdfs/45/littleproudd_45p.pdf,david_littleproud,David Littleproud,Maranoa,v1
pdfs/45/macklinj_45p.pdf,jenny_macklin,Jenny Macklin,Jagajaga,v1
pdfs/45/marinon_45p.pdf,nola_marino,Nola Marino,Forrest,v1
pdfs/45/marlesr_45p.pdf,richard_marles,Richard Marles,Corio,v1
pdfs/45/mcbridee_45p.pdf,emma_mcbride,Emma McBride,Dobell,v1
pdfs/45/mccormackm_45p.pdf,michael_mccormack,Michael McCormack,Riverina,v1
pdfs/45/mcgowanc_45p.pdf,cathy_mcgowan,Cathy McGowan,Indi,v1
pdfs/45/mcveighj_45p.pdf,john_mcveigh,John McVeigh,Groom,v1
pdfs/45/mitchellb_45p.pdf,brian_mitchell,Brian Mitchell,Lyons,v1
pdfs/45/mitchellr_45p.pdf,rob_mitchell,Rob Mitchell,McEwen,v1
pdfs/45/morrisons_45p.pdf,scott_morrison,Scott Morrison,Cook,v1
pdfs/45/mortonb_45p.pdf,ben_morton,Ben Morton,Tangney,v1
pdfs/45/neumanns_45p.pdf,shayne_neumann,Shayne Neumann,Blair,v1
pdfs/45/obrienl45p.pdf,llew_o_brien,Llew O'Brien,Wide Bay,v1
pdfs/45/obrient45p.pdf,ted_o_brien,Ted O'Brien,Fairfax,v1
pdfs/45/oconnorb45p.pdf,brendan_o_connor,Brendan O'Connor,Gorton,v1
pdfs/45/odowdk45p.pdf,ken_o_dowd,Ken O'Dowd,Flynn,v1
pdfs/45/odwyer45p.pdf,kelly_o_dwyer,Kelly O'Dwyer,Higgins,v1
pdfs/45/oneilc45p.pdf,clare_o_neil,Clare O'Neil,Hotham,v1
pdfs/45/otoolec45p.pdf,cathy_o_toole,Cathy O'Toole,Herbert,v1
pdfs/45/owensj_45p.pdf,julie_owens,Julie Owens,Parramatta,v1
pdfs/45/pasint_45p.pdf,tony_pasin,Tony Pasin,Barker,v1
pdfs/45/perrett_45p.pdf,graham_perrett,Graham Perrett,Moreton,v1
pdfs/45/phelpsk_45p.pdf,kerryn_phelps,Kerryn Phelps,Wentworth,v1
pdfs/45/pittk_45p.pdf,keith_pitt,Keith Pitt,Hinkler,v1
pdfs/45/plibersekt_45p.pdf,tanya_plibersek,Tanya Plibersek,Sydney,v1
pdfs/45/porterc__45p.pdf,christian_porter,Christian Porter,Pearce,v1
pdfs/45/prenticej_45p.pdf,jane_prentice,Jane Prentice,Ryan,v1
pdfs/45/pricem_45p.pdf,melissa_price,Melissa Price,Durack,v1
pdfs/45/pynec_45p.pdf,christopher_pyne,Christopher Pyne,Sturt,v1
pdfs/45/ramseyr_45p.pdf,rowan_ramsey,Rowan Ramsey,Grey,v1
pdfs/45/rishwortha_45p.pdf,amanda_rishworth,Amanda Rishworth,Kingston,v1
pdfs/45/roberts_45p.pdf,stuart_robert,Stuart Robert,Fadden,v1
pdfs/45/rowlandm_45p.pdf,michelle_rowland,Michelle Rowland,Greenway,v1
pdfs/45/ryanj_45p.pdf,joanne_ryan,Joanne Ryan,Lalor,v1
pdfs/45/sharkier_45p.pdf,rebekha_sharkie,Rebekha Sharkie,Mayo,v1
pdfs/45/sharkier_45p_2.pdf,rebekha_sharkie,Rebekha Sharkie,Mayo,v1
pdfs/45/shortenb_45p.pdf,bill_shorten,Bill Shorten,Maribyrnong,v1
pdfs/45/smitht_45p.pdf,tony_smith,Tony Smith,Casey,v1
pdfs/45/snowdon_45p.pdf,warren_snowdon,Warren Snowdon,Lingiari,v1
pdfs/45/stanelya_45p.pdf,anne_stanley,Anne Stanley,Werriwa,v1
pdfs/45/sudmalisa_45p.pdf,ann_sudmalis,Ann Sudmalis,Gilmore,v1
pdfs/45/sukkarm_45p.pdf,michael_sukkar,Michael Sukkar,Deakin,v1
pdfs/45/swansonm_45p.pdf,meryl_swanson,Meryl Swanson,Paterson,v1
pdfs/45/swanw_45p.pdf,wayne_swan,Wayne Swan,Lilley,v1
pdfs/45/taylora_45p.pdf,angus_taylor,Angus Taylor,Hume,v1
pdfs/45/tehand_45p.pdf,dan_tehan,Dan Tehan,Wannon,v1
pdfs/45/templemans_45p.pdf,susan_templeman,Susan Templeman,Macquarie,v1
pdfs/45/thistlethwaitem_45p.pdf,matt_thistlethwaite,Matt Thistlethwaite,Kingsford Smith,v1
pdfs/45/tudgea_45p.pdf,alan_tudge,Alan Tudge,Aston,v1
pdfs/45/turnbullm_45p.pdf,malcolm_turnbull,Malcolm Turnbull,Wentworth,v1
pdfs/45/vamvakinoum_45p.pdf,maria_vamvakinou,Maria Vamvakinou,Calwell,v1
pdfs/45/vanmanena_45p.pdf,bert_van_manen,Bert van Manen,Forde,v1
pdfs/45/vastar_45p.pdf,ross_vasta,Ross Vasta,Bonner,v1
pdfs/45/wallacea_45p.pdf,andrew_wallace,Andrew Wallace,Fisher,v1
pdfs/45/wattst_45p.pdf,tim_watts,Tim Watts,Gellibrand,v1
pdfs/45/wicksl_45p.pdf,lucy_wicks,Lucy Wicks,Robertson,v1
pdfs/45/wilkiea_45p.pdf,andrew_wilkie,Andrew Wilkie,Clark,v1
pdfs/45/wilsonj_45p.pdf,josh_wilson,Josh Wilson,Fremantle,v1
pdfs/45/wilsonj_45p_2.pdf,josh_wilson,Josh Wilson,Fremantle,stem
pdfs/45/wilsonr_45p.pdf,rick_wilson,Rick Wilson,O'Connor,v1
pdfs/45/wilsont_45p.pdf,tim_wilson,Tim Wilson,Goldstein,v1
pdfs/45/woodj_45p.pdf,jason_wood,Jason Wood,La Trobe,v1
pdfs/45/wyattk_45p.pdf,ken_wyatt,Ken Wyatt,Hasluck,v1
pdfs/45/zappiaa_45p.pdf,tony_zappia,Tony Zappia,Makin,v1
pdfs/45/zimmermant_45p.pdf,trent_zimmerman,Trent Zimmerman,North Sydney,v1
pdfs/46/albanese_46p.pdf,anthony_albanese,Anthony Albanese,Grayndler,v1
pdfs/46/alexander_46p.pdf,john_alexander,John Alexander,Bennelong,v1
pdfs/46/allen_46p.pdf,katie_allen,Katie Allen,Higgins,v1
pdfs/46/aly_46p.pdf,anne_aly,Anne Aly,Cowan,v1
pdfs/46/andrewskaren_46p.pdf,karen_andrews,Karen Andrews,McPherson,v1
pdfs/46/andrewskevin_46p.pdf,kevin_andrews,Kevin Andrews,Menzies,v1
pdfs/46/archer_46p.pdf,bridget_archer,Bridget Archer,Bass,v1
pdfs/46/bandt_46p.pdf,adam_bandt,Adam Bandt,Melbourne,v1
pdfs/46/bell_46p.pdf,angie_bell,Angie Bell,Moncrieff,v1
pdfs/46/bird_46p.pdf,sharon_bird,Sharon Bird,Cunningham,v1
pdfs/46/bowen_46p.pdf,chris_bowen,Chris Bowen,McMahon,v1
pdfs/46/broadbent_46p.pdf,russell_broadbent,Russell Broadbent,Monash,v1
pdfs/46/buchholz_46p.pdf,scott_buchholz,Scott Buchholz,Wright,v1
pdfs/46/burke_46p.pdf,tony_burke,Tony Burke,Watson,v1
pdfs/46/burney_46p.pdf,linda_burney,Linda Burney,Barton,v1
pdfs/46/burns_46p.pdf,josh_burns,Josh Burns,Macnamara,v1
pdfs/46/butler_46p.pdf,terri_butler,Terri Butler,Griffith,v1
pdfs/46/butlerm_46p.pdf,mark_butler,Mark Butler,Hindmarsh,v1
pdfs/46/byrne_46p.pdf,anthony_byrne,Anthony Byrne,Holt,v1
pdfs/46/chalmers_46p.pdf,jim_chalmers,Jim Chalmers,Rankin,v1
pdfs/46/champion_46p.pdf,nick_champion,Nick Champion,Spence,v1
pdfs/46/chester_46p.pdf,darren_chester,Darren Chester,Gippsland,v1
pdfs/46/chestersl_46p.pdf,lisa_chesters,Lisa Chesters,Bendigo,v1
pdfs/46/christensen_46p.pdf,george_christensen,George Christensen,Dawson,v1
pdfs/46/clare_46p.pdf,jason_clare,Jason Clare,Blaxland,v1
pdfs/46/claydon_46p.pdf,sharon_claydon,Sharon Claydon,Newcastle,v1
pdfs/46/coker_46p.pdf,libby_coker,Libby Coker,Corangamite,v1
pdfs/46/coleman_46p.pdf,david_coleman,David Coleman,Banks,v1
pdfs/46/collins_46p.pdf,julie_collins,Julie Collins,Franklin,v1
pdfs/46/conaghan_46p.pdf,pat_conaghan,Pat Conaghan,Cowper,v1
pdfs/46/connelly_46p.pdf,vince_connelly,Vince Connelly,Stirling,v1
pdfs/46/conroy_46p.pdf,pat_conroy,Pat Conroy,Shortland,v1
pdfs/46/coulton_46p.pdf,mark_coulton,Mark Coulton,Parkes,v1
pdfs/46/dick_46p.pdf,milton_dick,Milton Dick,Oxley,v1
pdfs/46/dreyfus_46p.pdf,mark_dreyfus,Mark Dreyfus,Isaacs,v1
pdfs/46/drum_46p.pdf,damian_drum,Damian Drum,Nicholls,v1
pdfs/46/dutton_46p.pdf,peter_dutton,Peter Dutton,Dickson,v1
pdfs/46/elliot_46p.pdf,justine_elliot,Justine Elliot,Richmond,v1
pdfs/46/entsch_46p.pdf,warren_entsch,Warren Entsch,Leichhardt,v1
pdfs/46/evans__46p.pdf,trevor_evans,Trevor Evans,Brisbane,v1
pdfs/46/explanatory_notes___booklet_1.pdf,,,,non_member
pdfs/46/falinski_46p.pdf,jason_falinski,Jason Falinski,Mackellar,v1
pdfs/46/fitzgibbon_46p.pdf,joel_fitzgibbon,Joel Fitzgibbon,Hunter,v1
pdfs/46/fletcher_46p.pdf,paul_fletcher,Paul Fletcher,Bradfield,v1
pdfs/46/flint_46p.pdf,nicolle_flint,Nicolle Flint,Boothby,v1
pdfs/46/freelander_46p.pdf,mike_freelander,Mike Freelander,Macarthur,v1
pdfs/46/frydenberg_46p.pdf,josh_frydenberg,Josh Frydenberg,Kooyong,v1
pdfs/46/gee_46p.pdf,andrew_gee,Andrew Gee,Calare,v1
pdfs/46/georganas_46p.pdf,steve_georganas,Steve Georganas,Adelaide,v1
pdfs/46/giles_46p.pdf,andrew_giles,Andrew Giles,Scullin,v1
pdfs/46/gillespie_46p.pdf,david_gillespie,David Gillespie,Lyne,v1
pdfs/46/goodenough_46p.pdf,ian_goodenough,Ian Goodenough,Moore,v1
pdfs/46/gorman_46p.pdf,patrick_gorman,Patrick Gorman,Perth,v1
pdfs/46/gosling_46p.pdf,luke_gosling,Luke Gosling,Solomon,v1
pdfs/46/haines_46p.pdf,helen_haines,Helen Haines,Indi,v1
pdfs/46/hamilton_46p.pdf,garth_hamilton,Garth Hamilton,Groom,v1
pdfs/46/hammond_46p.pdf,celia_hammond,Celia Hammond,Curtin,v1
pdfs/46/hastie_46p.pdf,andrew_hastie,Andrew Hastie,Canning,v1
pdfs/46/hawke_46p.pdf,alex_hawke,Alex Hawke,Mitchell,v1
pdfs/46/hayes_46p.pdf,chris_hayes,Chris Hayes,Fowler,v1
pdfs/46/hill_46p.pdf,julian_hill,Julian Hill,Bruce,v1
pdfs/46/hogan_46p.pdf,kevin_hogan,Kevin Hogan,Page,v1
pdfs/46/howarth_46p.pdf,luke_howarth,Luke Howarth,Petrie,v1
pdfs/46/hunt_46p.pdf,greg_hunt,Greg Hunt,Flinders,v1
pdfs/46/husic_46p.pdf,ed_husic,Ed Husic,Chifley,v1
pdfs/46/interestsr_46p.pdf,,,,non_member
pdfs/46/irons_46p.pdf,steve_irons,Steve Irons,Swan,v1
pdfs/46/jones_46p.pdf,stephen_jones,Stephen Jones,Whitlam,v1
pdfs/46/joyce_46p.pdf,barnaby_joyce,Barnaby Joyce,New England,v1
pdfs/46/katter_46p.pdf,bob_katter,Bob Katter,Kennedy,v1
pdfs/46/kearney_46p.pdf,ged_kearney,Ged Kearney,Cooper,v1
pdfs/46/kellyc_46p.pdf,craig_kelly,Craig Kelly,Hughes,v1
pdfs/46/kellym_46p.pdf,mike_kelly,Mike Kelly,Eden-Monaro,v1
pdfs/46/keogh_46p.pdf,matt_keogh,Matt Keogh,Burt,v1
pdfs/46/khalil_46p.pdf,peter_khalil,Peter Khalil,Wills,v1
pdfs/46/kingc_46p.pdf,catherine_king,Catherine King,Ballarat,v1
pdfs/46/kingm_46p.pdf,madeleine_king,Madeleine King,Brand,v1
pdfs/46/laming_46p.pdf,andrew_laming,Andrew Laming,Bowman,v1
pdfs/46/landry_46p.pdf,michelle_landry,Michelle Landry,Capricornia,v1
pdfs/46/leeser46p.pdf,julian_leeser,Julian Leeser,Berowra,v1
pdfs/46/leigh_46p.pdf,andrew_leigh,Andrew Leigh,Fenner,v1
pdfs/46/ley_46p.pdf,sussan_ley,Sussan Ley,Farrer,v1
pdfs/46/littleproud_46p.pdf,david_littleproud,David Littleproud,Maranoa,v1
pdfs/46/liu_46p.pdf,gladys_liu,Gladys Liu,Chisholm,v1
pdfs/46/marino_46p.pdf,nola_marino,Nola Marino,Forrest,v1
pdfs/46/marles_46p.pdf,richard_marles,Richard Marles,Corio,v1
pdfs/46/martin_46p.pdf,fiona_martin,Fiona Martin,Reid,v1
pdfs/46/mc_bain_46p.pdf,kristy_mcbain,Kristy McBain,Eden-Monaro,v1
pdfs/46/mcbride_46p.pdf,emma_mcbride,Emma McBride,Dobell,v1
pdfs/46/mccormack_46p.pdf,michael_mccormack,Michael McCormack,Riverina,v1
pdfs/46/mcintosh_46p.pdf,melissa_mcintosh,Melissa McIntosh,Lindsay,v1
pdfs/46/mcveigh_46p.pdf,john_mcveigh,John McVeigh,Groom,v1
pdfs/46/mitchellb_46p.pdf,brian_mitchell,Brian Mitchell,Lyons,v1
pdfs/46/mitchellr_46p.pdf,rob_mitchell,Rob Mitchell,McEwen,v1
pdfs/46/morrison_46p.pdf,scott_morrison,Scott Morrison,Cook,v1
pdfs/46/morton_46p.pdf,ben_morton,Ben Morton,Tangney,v1
pdfs/46/mulino_46p.pdf,daniel_mulino,Daniel Mulino,Fraser,v1
pdfs/46/murphy_46p.pdf,peta_murphy,Peta Murphy,Dunkley,v1
pdfs/46/neumann_46p.pdf,shayne_neumann,Shayne Neumann,Blair,v1
pdfs/46/obrienl46p.pdf,llew_o_brien,Llew O'Brien,Wide Bay,v1
pdfs/46/obrient46p.pdf,ted_o_brien,Ted O'Brien,Fairfax,v1
pdfs/46/oconnor_46p.pdf,brendan_o_connor,Brendan O'Connor,Gorton,v1
pdfs/46/odowd_46p.pdf,ken_o_dowd,Ken O'Dowd,Flynn,v1
pdfs/46/oneil_46p.pdf,clare_o_neil,Clare O'Neil,Hotham,v1
pdfs/46/owens_46p.pdf,julie_owens,Julie Owens,Parramatta,v1
pdfs/46/pasin_46p.pdf,tony_pasin,Tony Pasin,Barker,v1
pdfs/46/payne_46p.pdf,alicia_payne,Alicia Payne,Canberra,v1
pdfs/46/pearce_46p.pdf,gavin_pearce,Gavin Pearce,Braddon,v1
pdfs/46/perrett_46p.pdf,graham_perrett,Graham Perrett,Moreton,v1
pdfs/46/phillips_46p.pdf,fiona_phillips,Fiona Phillips,Gilmore,v1
pdfs/46/pitt_46p.pdf,keith_pitt,Keith Pitt,Hinkler,v1
pdfs/46/plibersek_46p.pdf,tanya_plibersek,Tanya Plibersek,Sydney,v1
pdfs/46/porter_46p.pdf,christian_porter,Christian Porter,Pearce,v1
pdfs/46/price_46p.pdf,melissa_price,Melissa Price,Durack,v1
pdfs/46/ramsey_46p.pdf,rowan_ramsey,Rowan Ramsey,Grey,v1
pdfs/46/rishworth_46p.pdf,amanda_rishworth,Amanda Rishworth,Kingston,v1
pdfs/46/robert_46p.pdf,stuart_robert,Stuart Robert,Fadden,v1
pdfs/46/rowland_46p.pdf,michelle_rowland,Michelle Rowland,Greenway,v1
pdfs/46/ryan_46p.pdf,joanne_ryan,Joanne Ryan,Lalor,v1
pdfs/46/sharkie_46p.pdf,rebekha_sharkie,Rebekha Sharkie,Mayo,v1
pdfs/46/sharma_46p.pdf,dave_sharma,Dave Sharma,Wentworth,v1
pdfs/46/shorten_46p.pdf,bill_shorten,Bill Shorten,Maribyrnong,v1
pdfs/46/simmonds_46p.pdf,julian_simmonds,Julian Simmonds,Ryan,v1
pdfs/46/smithd_46pd.pdf,david_smith,David Smith,Bean,v1
pdfs/46/smitht_46p.pdf,tony_smith,Tony Smith,Casey,v1
pdfs/46/snowdon_46p.pdf,warren_snowdon,Warren Snowdon,Lingiari,v1
pdfs/46/stanley_46p.pdf,anne_stanley,Anne Stanley,Werriwa,v1
pdfs/46/steggall_46p.pdf,zali_steggall,Zali Steggall,Warringah,v1
pdfs/46/stevens_46p.pdf,james_stevens,James Stevens,Sturt,v1
pdfs/46/sukkar__46p.pdf,michael_sukkar,Michael Sukkar,Deakin,v1
pdfs/46/swanson_46p.pdf,meryl_swanson,Meryl Swanson,Paterson,v1
pdfs/46/taylor_46p.pdf,angus_taylor,Angus Taylor,Hume,v1
pdfs/46/tehan_46p.pdf,dan_tehan,Dan Tehan,Wannon,v1
pdfs/46/templeman_46p.pdf,susan_templeman,Susan Templeman,Macquarie,v1
pdfs/46/thistlethwaite_46p.pdf,matt_thistlethwaite,Matt Thistlethwaite,Kingsford Smith,v1
pdfs/46/thompson_46p.pdf,phillip_thompson,Phillip Thompson,Herbert,v1
pdfs/46/thwaites_46p.pdf,kate_thwaites,Kate Thwaites,Jagajaga,v1
pdfs/46/tudge_46p.pdf,alan_tudge,Alan Tudge,Aston,v1
pdfs/46/vamvakinou_46p.pdf,maria_vamvakinou,Maria Vamvakinou,Calwell,v1
pdfs/46/van_manen_46p.pdf,bert_van_manen,Bert van Manen,Forde,v1
pdfs/46/vasta_46p.pdf,ross_vasta,Ross Vasta,Bonner,v1
pdfs/46/wallace_46p.pdf,andrew_wallace,Andrew Wallace,Fisher,v1
pdfs/46/watts_46p.pdf,tim_watts,Tim Watts,Gellibrand,v1
pdfs/46/webster_46p.pdf,anne_webster,Anne Webster,Mallee,v1
pdfs/46/wells_46p.pdf,anika_wells,Anika Wells,Lilley,stem
pdfs/46/wicks_46ppdf.pdf,lucy_wicks,Lucy Wicks,Robertson,v1
pdfs/46/wilkie_46p.pdf,andrew_wilkie,Andrew Wilkie,Clark,v1
pdfs/46/wilsonj_46p.pdf,josh_wilson,Josh Wilson,Fremantle,v1
pdfs/46/wilsonr_46p.pdf,rick_wilson,Rick Wilson,O'Connor,v1
pdfs/46/wilsont_46p.pdf,tim_wilson,Tim Wilson,Goldstein,v1
pdfs/46/wood_46p.pdf,jason_wood,Jason Wood,La Trobe,v1
pdfs/46/wyatt_46p.pdf,ken_wyatt,Ken Wyatt,Hasluck,v1
pdfs/46/young_46p.pdf,terry_young,Terry Young,Longman,v1
pdfs/46/zappia_46p.pdf,tony_zappia,Tony Zappia,Makin,v1
pdfs/46/zimmerman_46p.pdf,trent_zimmerman,Trent Zimmerman,North Sydney,v1
pdfs/47/albanese_47p.pdf,anthony_albanese,Anthony Albanese,Grayndler,v1
pdfs/47/aly_47p.pdf,anne_aly,Anne Aly,Cowan,v1
pdfs/47/ananda-rajah_47p.pdf,michelle_ananda_rajah,Michelle Ananda-Rajah,Higgins,v1
pdfs/47/andrews_47p.pdf,karen_andrews,Karen Andrews,McPherson,v1
pdfs/47/archer_47p.pdf,bridget_archer,Bridget Archer,Bass,v1
pdfs/47/bandt_47p.pdf,adam_bandt,Adam Bandt,Melbourne,v1
pdfs/47/bates_47p.pdf,stephen_bates,Stephen Bates,Brisbane,v1
pdfs/47/bell_47p.pdf,angie_bell,Angie Bell,Moncrieff,v1
pdfs/47/belyea_47p.pdf,jodie_belyea,Jodie Belyea,Dunkley,v1
pdfs/47/birrell_47p.pdf,sam_birrell,Sam Birrell,Nicholls,v1
pdfs/47/bowen_47p.pdf,chris_bowen,Chris Bowen,McMahon,v1
pdfs/47/boyce_47p.pdf,colin_boyce,Colin Boyce,Flynn,v1
pdfs/47/broadbent_47p.pdf,russell_broadbent,Russell Broadbent,Monash,v1
pdfs/47/buchholz_47p.pdf,scott_buchholz,Scott Buchholz,Wright,v1
pdfs/47/burke_47p.pdf,tony_burke,Tony Burke,Watson,v1
pdfs/47/burnell_47p.pdf,matt_burnell,Matt Burnell,Spence,v1
pdfs/47/burney_47p.pdf,linda_burney,Linda Burney,Barton,v1
pdfs/47/burns_47p.pdf,josh_burns,Josh Burns,Macnamara,v1
pdfs/47/butler_47p.pdf,mark_butler,Mark Butler,Hindmarsh,v1
pdfs/47/byrnes_47p.pdf,alison_byrnes,Alison Byrnes,Cunningham,v1
pdfs/47/caldwell_47p.pdf,cameron_caldwell,Cameron Caldwell,Fadden,v1
pdfs/47/chalmers_47p.pdf,jim_chalmers,Jim Chalmers,Rankin,v1
pdfs/47/chandler-mather_47p.pdf,max_chandler_mather,Max Chandler-Mather,Griffith,v1
pdfs/47/chaney_47p.pdf,kate_chaney,Kate Chaney,Curtin,v1
pdfs/47/charlton_47p.pdf,andrew_charlton,Andrew Charlton,Parramatta,v1
pdfs/47/chester_47p.pdf,darren_chester,Darren Chester,Gippsland,v1
pdfs/47/chesters_47p.pdf,lisa_chesters,Lisa Chesters,Bendigo,v1
pdfs/47/clare_47p.pdf,jason_clare,Jason Clare,Blaxland,v1
pdfs/47/claydon_47p.pdf,sharon_claydon,Sharon Claydon,Newcastle,v1
pdfs/47/coker_47p.pdf,libby_coker,Libby Coker,Corangamite,v1
pdfs/47/coleman_47p.pdf,david_coleman,David Coleman,Banks,v1
pdfs/47/collins_47p.pdf,julie_collins,Julie Collins,Franklin,v1
pdfs/47/conaghan_47p.pdf,pat_conaghan,Pat Conaghan,Cowper,v1
pdfs/47/conroy_47p.pdf,pat_conroy,Pat Conroy,Shortland,v1
pdfs/47/coulton_47p.pdf,mark_coulton,Mark Coulton,Parkes,v1
pdfs/47/daniel_47p.pdf,zoe_daniel,Zoe Daniel,Goldstein,v1
pdfs/47/dick_47p.pdf,milton_dick,Milton Dick,Oxley,v1
pdfs/47/doyle_47p.pdf,mary_doyle,Mary Doyle,Aston,v1
pdfs/47/dreyfus_47p.pdf,mark_dreyfus,Mark Dreyfus,Isaacs,v1
pdfs/47/dutton_47p.pdf,peter_dutton,Peter Dutton,Dickson,v1
pdfs/47/elliot_47p.pdf,justine_elliot,Justine Elliot,Richmond,v1
pdfs/47/entsch_47p.pdf,warren_entsch,Warren Entsch,Leichhardt,v1
pdfs/47/explanatory_notes___booklet_1.pdf,,,,non_member
pdfs/47/fernando_47p.pdf,cassandra_fernando,Cassandra Fernando,Holt,v1
pdfs/47/fletcher_47p.pdf,paul_fletcher,Paul Fletcher,Bradfield,v1
pdfs/47/freelander_47p.pdf,mike_freelander,Mike Freelander,Macarthur,v1
pdfs/47/garland_47p.pdf,carina_garland,Carina Garland,Chisholm,v1
pdfs/47/gee_47p.pdf,andrew_gee,Andrew Gee,Calare,v1
pdfs/47/georganas_47p.pdf,steve_georganas,Steve Georganas,Adelaide,v1
pdfs/47/giles_47p.pdf,andrew_giles,Andrew Giles,Scullin,v1
pdfs/47/gillespie_47p.pdf,david_gillespie,David Gillespie,Lyne,v1
pdfs/47/goodenough_47p.pdf,ian_goodenough,Ian Goodenough,Moore,v1
pdfs/47/gorman_47p.pdf,patrick_gorman,Patrick Gorman,Perth,v1
pdfs/47/gosling_47p.pdf,luke_gosling,Luke Gosling,Solomon,v1
pdfs/47/haines_47p.pdf,helen_haines,Helen Haines,Indi,v1
pdfs/47/hamilton_47p.pdf,garth_hamilton,Garth Hamilton,Groom,v1
pdfs/47/hastie_47p.pdf,andrew_hastie,Andrew Hastie,Canning,v1
pdfs/47/hawke_47p.pdf,alex_hawke,Alex Hawke,Mitchell,v1
pdfs/47/hill_47p.pdf,julian_hill,Julian Hill,Bruce,v1
pdfs/47/hogan_47p.pdf,kevin_hogan,Kevin Hogan,Page,v1
pdfs/47/howarth_47p.pdf,luke_howarth,Luke Howarth,Petrie,v1
pdfs/47/husic_47p.pdf,ed_husic,Ed Husic,Chifley,v1
pdfs/47/interestsr_47p.pdf,,,,non_member
pdfs/47/jones_47p.pdf,stephen_jones,Stephen Jones,Whitlam,v1
pdfs/47/joyce_47p.pdf,barnaby_joyce,Barnaby Joyce,New England,v1
pdfs/47/katter_47p.pdf,bob_katter,Bob Katter,Kennedy,v1
pdfs/47/kearney_47p.pdf,ged_kearney,Ged Kearney,Cooper,v1
pdfs/47/kennedy_47p.pdf,simon_kennedy,Simon Kennedy,Cook,v1
pdfs/47/keogh_47p.pdf,matt_keogh,Matt Keogh,Burt,v1
pdfs/47/khalil_47p.pdf,peter_khalil,Peter Khalil,Wills,v1
pdfs/47/kingc_47p.pdf,catherine_king,Catherine King,Ballarat,v1
pdfs/47/kingm_47p.pdf,madeleine_king,Madeleine King,Brand,v1
pdfs/47/landry_47p.pdf,michelle_landry,Michelle Landry,Capricornia,v1
pdfs/47/lawrence_47p.pdf,tania_lawrence,Tania Lawrence,Hasluck,v1
pdfs/47/laxale_47p.pdf,jerome_laxale,Jerome Laxale,Bennelong,v1
pdfs/47/le_47p.pdf,dai_le,Dai Le,Fowler,v1
pdfs/47/leeser_47p.pdf,julian_leeser,Julian Leeser,Berowra,v1
pdfs/47/leigh_47p.pdf,andrew_leigh,Andrew Leigh,Fenner,v1
pdfs/47/ley_47p.pdf,sussan_ley,Sussan Ley,Farrer,v1
pdfs/47/lim_47p.pdf,sam_lim,Sam Lim,Tangney,v1
pdfs/47/littleproud_47p.pdf,david_littleproud,David Littleproud,Maranoa,v1
pdfs/47/marino_47p.pdf,nola_marino,Nola Marino,Forrest,v1
pdfs/47/marles_47p.pdf,richard_marles,Richard Marles,Corio,v1
pdfs/47/mascarenhas_47p.pdf,zaneta_mascarenhas,Zaneta Mascarenhas,Swan,v1
pdfs/47/mcbain_47p.pdf,kristy_mcbain,Kristy McBain,Eden-Monaro,v1
pdfs/47/mcbride_47p.pdf,emma_mcbride,Emma McBride,Dobell,v1
pdfs/47/mccormack_47p.pdf,michael_mccormack,Michael McCormack,Riverina,v1
pdfs/47/mcintosh_47p.pdf,melissa_mcintosh,Melissa McIntosh,Lindsay,v1
pdfs/47/mckenzie_47p.pdf,zoe_mckenzie,Zoe McKenzie,Flinders,v1
pdfs/47/miller-frost_47p.pdf,louise_miller_frost,Louise Miller-Frost,Boothby,v1
pdfs/47/mitchellb_47p.pdf,brian_mitchell,Brian Mitchell,Lyons,v1
pdfs/47/mitchellr_47p.pdf,rob_mitchell,Rob Mitchell,McEwen,v1
pdfs/47/morrison_47p.pdf,scott_morrison,Scott Morrison,Cook,v1
pdfs/47/mulino_47p.pdf,daniel_mulino,Daniel Mulino,Fraser,v1
pdfs/47/murphy_47p.pdf,peta_murphy,Peta Murphy,Dunkley,v1
pdfs/47/neumann_47p.pdf,shayne_neumann,Shayne Neumann,Blair,v1
pdfs/47/obrienl_47p.pdf,llew_o_brien,Llew O'Brien,Wide Bay,v1
pdfs/47/obrient_47p.pdf,ted_o_brien,Ted O'Brien,Fairfax,v1
pdfs/47/oconnor_47p.pdf,brendan_o_connor,Brendan O'Connor,Gorton,v1
pdfs/47/oneil_47p.pdf,clare_o_neil,Clare O'Neil,Hotham,v1
pdfs/47/pasin_47p.pdf,tony_pasin,Tony Pasin,Barker,v1
pdfs/47/payne_47p.pdf,alicia_payne,Alicia Payne,Canberra,v1
pdfs/47/pearce_47p.pdf,gavin_pearce,Gavin Pearce,Braddon,v1
pdfs/47/perrett_47p.pdf,graham_perrett,Graham Perrett,Moreton,v1
pdfs/47/phillips_47p.pdf,fiona_phillips,Fiona Phillips,Gilmore,v1
pdfs/47/pike_47p.pdf,henry_pike,Henry Pike,Bowman,v1
pdfs/47/pitt_47p.pdf,keith_pitt,Keith Pitt,Hinkler,v1
pdfs/47/plibersek_47p.pdf,tanya_plibersek,Tanya Plibersek,Sydney,v1
pdfs/47/price_47p.pdf,melissa_price,Melissa Price,Durack,v1
pdfs/47/rae_47p.pdf,sam_rae,Sam Rae,Hawke,v1
pdfs/47/ramsey_47p.pdf,rowan_ramsey,Rowan Ramsey,Grey,v1
pdfs/47/reid_47p.pdf,gordon_reid,Gordon Reid,Robertson,v1
pdfs/47/repacholi_47p.pdf,daniel_repacholi,Daniel Repacholi,Hunter,v1
pdfs/47/rishworth_47p.pdf,amanda_rishworth,Amanda Rishworth,Kingston,v1
pdfs/47/robert_47p.pdf,stuart_robert,Stuart Robert,Fadden,v1
pdfs/47/roberts_47p.pdf,tracey_roberts,Tracey Roberts,Pearce,v1
pdfs/47/rowland_47p.pdf,michelle_rowland,Michelle Rowland,Greenway,v1
pdfs/47/ryanj_47p.pdf,joanne_ryan,Joanne Ryan,Lalor,v1
pdfs/47/ryanm_47p.pdf,monique_ryan,Monique Ryan,Kooyong,v1
pdfs/47/scamps_47p.pdf,sophie_scamps,Sophie Scamps,Mackellar,v1
pdfs/47/scrymgour_47p.pdf,marion_scrymgour,Marion Scrymgour,Lingiari,v1
pdfs/47/sharkie_47p.pdf,rebekha_sharkie,Rebekha Sharkie,Mayo,v1
pdfs/47/shorten_47p.pdf,bill_shorten,Bill Shorten,Maribyrnong,v1
pdfs/47/sitou_47p.pdf,sally_sitou,Sally Sitou,Reid,v1
pdfs/47/smith_47p.pdf,david_smith,David Smith,Bean,v1
pdfs/47/spender_47p.pdf,allegra_spender,Allegra Spender,Wentworth,v1
pdfs/47/stanley_47p.pdf,anne_stanley,Anne Stanley,Werriwa,v1
pdfs/47/steggall_47p.pdf,zali_steggall,Zali Steggall,Warringah,v1
pdfs/47/stevens_47p.pdf,james_stevens,James Stevens,Sturt,v1
pdfs/47/sukkar_47p.pdf,michael_sukkar,Michael Sukkar,Deakin,v1
pdfs/47/swanson_47p.pdf,meryl_swanson,Meryl Swanson,Paterson,v1
pdfs/47/taylor_47p.pdf,angus_taylor,Angus Taylor,Hume,v1
pdfs/47/tehan_47p.pdf,dan_tehan,Dan Tehan,Wannon,v1
pdfs/47/templeman_47p.pdf,susan_templeman,Susan Templeman,Macquarie,v1
pdfs/47/thistlethwaite_47p.pdf,matt_thistlethwaite,Matt Thistlethwaite,Kingsford Smith,v1
pdfs/47/thompson_47p.pdf,phillip_thompson,Phillip Thompson,Herbert,v1
pdfs/47/thwaites_47p.pdf,kate_thwaites,Kate Thwaites,Jagajaga,stem
pdfs/47/tink_47p.pdf,kylea_tink,Kylea Tink,North Sydney,v1
pdfs/47/tudge_47p.pdf,alan_tudge,Alan Tudge,Aston,v1
pdfs/47/vamvakinou_47p.pdf,maria_vamvakinou,Maria Vamvakinou,Calwell,v1
pdfs/47/van_manen_47p.pdf,bert_van_manen,Bert van Manen,Forde,v1
pdfs/47/vasta_47p.pdf,ross_vasta,Ross Vasta,Bonner,v1
pdfs/47/violi_47p.pdf,aaron_violi,Aaron Violi,Casey,v1
pdfs/47/wallace_47p.pdf,andrew_wallace,Andrew Wallace,Fisher,v1
pdfs/47/ware_47p.pdf,jenny_ware,Jenny Ware,Hughes,v1
pdfs/47/watson-brown_47p.pdf,elizabeth_watson_brown,Elizabeth Watson-Brown,Ryan,v1
pdfs/47/watts_47p.pdf,tim_watts,Tim Watts,Gellibrand,v1
pdfs/47/webster_47p.pdf,anne_webster,Anne Webster,Mallee,v1
pdfs/47/wells_47p.pdf,anika_wells,Anika Wells,Lilley,v1
pdfs/47/wilkie_47p.pdf,andrew_wilkie,Andrew Wilkie,Clark,v1
pdfs/47/willcox_47p.pdf,andrew_willcox,Andrew Willcox,Dawson,v1
pdfs/47/wilsonj_47p.pdf,josh_wilson,Josh Wilson,Fremantle,v1
pdfs/47/wilsonr_47p.pdf,rick_wilson,Rick Wilson,O'Connor,v1
pdfs/47/wolahan_47p.pdf,keith_wolahan,Keith Wolahan,Menzies,v1
pdfs/47/wood_47p.pdf,jason_wood,Jason Wood,La Trobe,v1
pdfs/47/young_47p.pdf,terry_young,Terry Young,Longman,v1
pdfs/47/zappia_47p.pdf,tony_zappia,Tony Zappia,Makin,v1
pdfs/48/abdob_48p.pdf,basem_abdo,Basem Abdo,Calwell,aph_48
pdfs/48/albanesea_48p.pdf,anthony_albanese,Anthony Albanese,Grayndler,aph_48
pdfs/48/aldredm_48p.pdf,mary_aldred,Mary Aldred,Monash,aph_48
pdfs/48/alya_48p.pdf,anne_aly,Anne Aly,Cowan,aph_48
pdfs/48/ambihaipahara_48p.pdf,ash_ambihaipahar,Ash Ambihaipahar,Barton,aph_48
pdfs/48/battd_48p.pdf,david_batt,David Batt,Hinkler,aph_48
pdfs/48/bella_48p.pdf,angie_bell,Angie Bell,Moncrieff,aph_48
pdfs/48/belyeaj_48p.pdf,jodie_belyea,Jodie Belyea,Dunkley,aph_48
pdfs/48/berryc_48p.pdf,carol_berry,Carol Berry,Whitlam,aph_48
pdfs/48/birrells_48p.pdf,sam_birrell,Sam Birrell,Nicholls,aph_48
pdfs/48/boelen_48p.pdf,nicolette_boele,Nicolette Boele,Bradfield,aph_48
pdfs/48/bowenc_48p.pdf,chris_bowen,Chris Bowen,McMahon,aph_48
pdfs/48/boycec_48p.pdf,colin_boyce,Colin Boyce,Flynn,aph_48
pdfs/48/briskeyj_48p.pdf,jo_briskey,Jo Briskey,Maribyrnong,aph_48
pdfs/48/buchholzs_48p.pdf,scott_buchholz,Scott Buchholz,Wright,aph_48
pdfs/48/burket_48p.pdf,tony_burke,Tony Burke,Watson,aph_48
pdfs/48/burnellm_48p.pdf,matt_burnell,Matt Burnell,Spence,aph_48
pdfs/48/burnsj_48p.pdf,josh_burns,Josh Burns,Macnamara,aph_48
pdfs/48/butlerm_48p.pdf,mark_butler,Mark Butler,Hindmarsh,aph_48
pdfs/48/byrnesa_48p.pdf,alison_byrnes,Alison Byrnes,Cunningham,aph_48
pdfs/48/caldwellc_48p.pdf,cameron_caldwell,Cameron Caldwell,Fadden,aph_48
pdfs/48/campbellj_48p.pdf,julie_ann_campbell,Julie-Ann Campbell,Moreton,aph_48
pdfs/48/chaffeyj_48p.pdf,jamie_chaffey,Jamie Chaffey,Parkes,aph_48
pdfs/48/chalmersj_48p.pdf,jim_chalmers,Jim Chalmers,Rankin,aph_48
pdfs/48/chaneyk_48p.pdf,kate_chaney,Kate Chaney,Curtin,aph_48
pdfs/48/charltona_48p.pdf,andrew_charlton,Andrew Charlton,Parramatta,aph_48
pdfs/48/chesterd_48p.pdf,darren_chester,Darren Chester,Gippsland,aph_48
pdfs/48/chestersl_48p.pdf,lisa_chesters,Lisa Chesters,Bendigo,aph_48
pdfs/48/clarej_48p.pdf,jason_clare,Jason Clare,Blaxland,aph_48
pdfs/48/claydons_48p.pdf,sharon_claydon,Sharon Claydon,Newcastle,aph_48
pdfs/48/clutterhamc_48p.pdf,claire_clutterham,Claire Clutterham,Sturt,aph_48
pdfs/48/coffeyr_48p.pdf,renee_coffey,Renee Coffey,Griffith,aph_48
pdfs/48/cokerl_48p.pdf,libby_coker,Libby Coker,Corangamite,aph_48
pdfs/48/collinsj_48p.pdf,julie_collins,Julie Collins,Franklin,aph_48
pdfs/48/comere_48p.pdf,emma_comer,Emma Comer,Petrie,aph_48
pdfs/48/conaghanp_48p.pdf,pat_conaghan,Pat Conaghan,Cowper,aph_48
pdfs/48/conroyp_48p.pdf,pat_conroy,Pat Conroy,Shortland,aph_48
pdfs/48/cookk_48p.pdf,kara_cook,Kara Cook,Bonner,aph_48
pdfs/48/cookt_48p.pdf,trish_cook,Trish Cook,Bullwinkel,aph_48
pdfs/48/dickm_48p.pdf,milton_dick,Milton Dick,Oxley,aph_48
pdfs/48/doylem_48p.pdf,mary_doyle,Mary Doyle,Aston,aph_48
pdfs/48/dreyfusm_48p.pdf,mark_dreyfus,Mark Dreyfus,Isaacs,aph_48
pdfs/48/elliotj_48p.pdf,justine_elliot,Justine Elliot,Richmond,aph_48
pdfs/48/farleyd_48p.pdf,david_farley,David Farley,Farrer,aph_48
pdfs/48/fernandoc_48p.pdf,cassandra_fernando,Cassandra Fernando,Holt,aph_48
pdfs/48/francea_48p.pdf,ali_france,Ali France,Dickson,aph_48
pdfs/48/freelanderm_48p.pdf,mike_freelander,Mike Freelander,Macarthur,aph_48
pdfs/48/frencht_48p.pdf,tom_french,Tom French,Moore,aph_48
pdfs/48/garlandc_48p.pdf,carina_garland,Carina Garland,Chisholm,aph_48
pdfs/48/geea_48p.pdf,andrew_gee,Andrew Gee,Calare,aph_48
pdfs/48/georganass_48p.pdf,steve_georganas,Steve Georganas,Adelaide,aph_48
pdfs/48/gilesa_48p.pdf,andrew_giles,Andrew Giles,Scullin,aph_48
pdfs/48/gormanp_48p.pdf,patrick_gorman,Patrick Gorman,Perth,aph_48
pdfs/48/goslingl_48p.pdf,luke_gosling,Luke Gosling,Solomon,aph_48
pdfs/48/greggm_48p.pdf,matt_gregg,Matt Gregg,Deakin,aph_48
pdfs/48/hainesh_48p.pdf,helen_haines,Helen Haines,Indi,aph_48
pdfs/48/hamiltong_48p.pdf,garth_hamilton,Garth Hamilton,Groom,aph_48
pdfs/48/hastiea_48p.pdf,andrew_hastie,Andrew Hastie,Canning,aph_48
pdfs/48/hawkea_48p.pdf,alex_hawke,Alex Hawke,Mitchell,aph_48
pdfs/48/hillj_48p.pdf,julian_hill,Julian Hill,Bruce,aph_48
pdfs/48/hogank_48p.pdf,kevin_hogan,Kevin Hogan,Page,aph_48
pdfs/48/holzbergerr_48p.pdf,rowan_holzberger,Rowan Holzberger,Forde,aph_48
pdfs/48/husice_48p.pdf,ed_husic,Ed Husic,Chifley,aph_48
pdfs/48/jarrettm_48p.pdf,madonna_jarrett,Madonna Jarrett,Brisbane,aph_48
pdfs/48/jordanbairda_48p.pdf,alice_jordan_baird,Alice Jordan-Baird,Gorton,aph_48
pdfs/48/joyceb_48p.pdf,barnaby_joyce,Barnaby Joyce,New England,aph_48
pdfs/48/katterr_48p.pdf,bob_katter,Bob Katter,Kennedy,aph_48
pdfs/48/kearneyg_48p.pdf,ged_kearney,Ged Kearney,Cooper,aph_48
pdfs/48/kennedys_48p.pdf,simon_kennedy,Simon Kennedy,Cook,aph_48
pdfs/48/keoghm_48p.pdf,matt_keogh,Matt Keogh,Burt,aph_48
pdfs/48/khalilp_48p.pdf,peter_khalil,Peter Khalil,Wills,aph_48
pdfs/48/kingc_48p.pdf,catherine_king,Catherine King,Ballarat,aph_48
pdfs/48/kingm_48p.pdf,madeleine_king,Madeleine King,Brand,aph_48
pdfs/48/landrym_48p.pdf,michelle_landry,Michelle Landry,Capricornia,aph_48
pdfs/48/lawrencet_48p.pdf,tania_lawrence,Tania Lawrence,Hasluck,aph_48
pdfs/48/laxalej_48p.pdf,jerome_laxale,Jerome Laxale,Bennelong,aph_48
pdfs/48/led_48p.pdf,dai_le,Dai Le,Fowler,aph_48
pdfs/48/leeserj_48p.pdf,julian_leeser,Julian Leeser,Berowra,aph_48
pdfs/48/leigha_48p.pdf,andrew_leigh,Andrew Leigh,Fenner,aph_48
pdfs/48/leys_48p.pdf,sussan_ley,Sussan Ley,Farrer,aph_48
pdfs/48/lims_48p.pdf,sam_lim,Sam Lim,Tangney,aph_48
pdfs/48/littleproudd_48p.pdf,david_littleproud,David Littleproud,Maranoa,aph_48
pdfs/48/marlesr_48p.pdf,richard_marles,Richard Marles,Corio,aph_48
pdfs/48/mascarenhasz_48p.pdf,zaneta_mascarenhas,Zaneta Mascarenhas,Swan,aph_48
pdfs/48/mcbaink_48p.pdf,kristy_mcbain,Kristy McBain,Eden-Monaro,aph_48
pdfs/48/mcbridee_48p.pdf,emma_mcbride,Emma McBride,Dobell,aph_48
pdfs/48/mccormackm_48p.pdf,michael_mccormack,Michael McCormack,Riverina,aph_48
pdfs/48/mcintoshm_48p.pdf,melissa_mcintosh,Melissa McIntosh,Lindsay,aph_48
pdfs/48/mckenziez_48p.pdf,zoe_mckenzie,Zoe McKenzie,Flinders,aph_48
pdfs/48/millerfrostl_48p.pdf,louise_miller_frost,Louise Miller-Frost,Boothby,aph_48
pdfs/48/mitchellr_48p.pdf,rob_mitchell,Rob Mitchell,McEwen,aph_48
pdfs/48/moncrieffd_48p.pdf,david_moncrieff,David Moncrieff,Hughes,aph_48
pdfs/48/mulinod_48p.pdf,daniel_mulino,Daniel Mulino,Fraser,aph_48
pdfs/48/neumanns_48p.pdf,shayne_neumann,Shayne Neumann,Blair,aph_48
pdfs/48/ngg_48p.pdf,gabriel_ng,Gabriel Ng,Menzies,aph_48
pdfs/48/obrienl_48p.pdf,llew_o_brien,Llew O'Brien,Wide Bay,aph_48
pdfs/48/obrient_48p.pdf,ted_o_brien,Ted O'Brien,Fairfax,aph_48
pdfs/48/oneilc_48p.pdf,clare_o_neil,Clare O'Neil,Hotham,aph_48
pdfs/48/pasint_48p.pdf,tony_pasin,Tony Pasin,Barker,aph_48
pdfs/48/paynea_48p.pdf,alicia_payne,Alicia Payne,Canberra,aph_48
pdfs/48/penfolda_48p.pdf,alison_penfold,Alison Penfold,Lyne,aph_48
pdfs/48/phillipsf_48p.pdf,fiona_phillips,Fiona Phillips,Gilmore,aph_48
pdfs/48/pikeh_48p.pdf,henry_pike,Henry Pike,Bowman,aph_48
pdfs/48/plibersekt_48p.pdf,tanya_plibersek,Tanya Plibersek,Sydney,aph_48
pdfs/48/pricem_48p.pdf,melissa_price,Melissa Price,Durack,aph_48
pdfs/48/raes_48p.pdf,sam_rae,Sam Rae,Hawke,aph_48
pdfs/48/rebellol_48p.pdf,leon_rebello,Leon Rebello,McPherson,aph_48
pdfs/48/reidg_48p.pdf,gordon_reid,Gordon Reid,Robertson,aph_48
pdfs/48/repacholid_48p.pdf,daniel_repacholi,Daniel Repacholi,Hunter,aph_48
pdfs/48/rishwortha_48p.pdf,amanda_rishworth,Amanda Rishworth,Kingston,aph_48
pdfs/48/robertst_48p.pdf,tracey_roberts,Tracey Roberts,Pearce,aph_48
pdfs/48/rowlandm_48p.pdf,michelle_rowland,Michelle Rowland,Greenway,aph_48
pdfs/48/ryanj_48p.pdf,joanne_ryan,Joanne Ryan,Lalor,aph_48
pdfs/48/ryanm_48p.pdf,monique_ryan,Monique Ryan,Kooyong,aph_48
pdfs/48/scampss_48p.pdf,sophie_scamps,Sophie Scamps,Mackellar,aph_48
pdfs/48/scrymgourm_48p.pdf,marion_scrymgour,Marion Scrymgour,Lingiari,aph_48
pdfs/48/sharkier_48p.pdf,rebekha_sharkie,Rebekha Sharkie,Mayo,aph_48
pdfs/48/sitous_48p.pdf,sally_sitou,Sally Sitou,Reid,aph_48
pdfs/48/smallb_48p.pdf,ben_small,Ben Small,Forrest,aph_48
pdfs/48/smithd_48p.pdf,david_smith,David Smith,Bean,aph_48
pdfs/48/smithm_48p.pdf,matt_smith,Matt Smith,Leichhardt,aph_48
pdfs/48/soonz_48p.pdf,zhi_soon,Zhi Soon,Banks,aph_48
pdfs/48/spendera_48p.pdf,allegra_spender,Allegra Spender,Wentworth,aph_48
pdfs/48/stanleya_48p.pdf,anne_stanley,Anne Stanley,Werriwa,aph_48
pdfs/48/steggallz_48p.pdf,zali_steggall,Zali Steggall,Warringah,aph_48
pdfs/48/swansonm_48p.pdf,meryl_swanson,Meryl Swanson,Paterson,aph_48
pdfs/48/taylora_48p.pdf,angus_taylor,Angus Taylor,Hume,aph_48
pdfs/48/teesdalej_48p.pdf,jess_teesdale,Jess Teesdale,Bass,aph_48
pdfs/48/tehand_48p.pdf,dan_tehan,Dan Tehan,Wannon,aph_48
pdfs/48/templemans_48p.pdf,susan_templeman,Susan Templeman,Macquarie,aph_48
pdfs/48/thistlethwaitem_48p.pdf,matt_thistlethwaite,Matt Thistlethwaite,Kingsford Smith,aph_48
pdfs/48/thompsonp_48p.pdf,phillip_thompson,Phillip Thompson,Herbert,aph_48
pdfs/48/thwaitesk_48p.pdf,kate_thwaites,Kate Thwaites,Jagajaga,aph_48
pdfs/48/urquharta_48p.pdf,anne_urquhart,Anne Urquhart,Braddon,aph_48
pdfs/48/venningt_48p.pdf,tom_venning,Tom Venning,Grey,aph_48
pdfs/48/violia_48p.pdf,aaron_violi,Aaron Violi,Casey,aph_48
pdfs/48/wallacea_48p.pdf,andrew_wallace,Andrew Wallace,Fisher,aph_48
pdfs/48/watsonbrowne_48p.pdf,elizabeth_watson_brown,Elizabeth Watson-Brown,Ryan,aph_48
pdfs/48/wattst_48p.pdf,tim_watts,Tim Watts,Gellibrand,aph_48
pdfs/48/webstera_48p.pdf,anne_webster,Anne Webster,Mallee,aph_48
pdfs/48/wellsa_48p.pdf,anika_wells,Anika Wells,Lilley,aph_48
pdfs/48/whiter_48p.pdf,rebecca_white,Rebecca White,Lyons,aph_48
pdfs/48/wilkiea_48p.pdf,andrew_wilkie,Andrew Wilkie,Clark,aph_48
pdfs/48/willcoxa_48p.pdf,andrew_willcox,Andrew Willcox,Dawson,aph_48
pdfs/48/wilsonj_48p.pdf,josh_wilson,Josh Wilson,Fremantle,aph_48
pdfs/48/wilsonr_48p.pdf,rick_wilson,Rick Wilson,O'Connor,aph_48
pdfs/48/wilsont_48p.pdf,tim_wilson,Tim Wilson,Goldstein,aph_48
pdfs/48/wittys_48p.pdf,sarah_witty,Sarah Witty,Melbourne,aph_48
pdfs/48/woodj_48p.pdf,jason_wood,Jason Wood,La Trobe,aph_48
pdfs/48/youngt_48p.pdf,terry_young,Terry Young,Longman,aph_48
pdfs/48/zappiat_48p.pdf,tony_zappia,Tony Zappia,Makin,aph_48
pdfs/senate/48/allmanpaynep_48s.json,penny_allman_payne,Penny Allman-Payne,Queensland,aph_senate_48
pdfs/senate/48/anandarajahm_48s.json,michelle_ananda_rajah,Michelle Ananda-Rajah,Victoria,aph_senate_48
pdfs/senate/48/antica_48s.json,alex_antic,Alex Antic,South Australia,aph_senate_48
pdfs/senate/48/ayrest_48s.json,tim_ayres,Tim Ayres,New South Wales,aph_senate_48
pdfs/senate/48/babetr_48s.json,ralph_babet,Ralph Babet,Victoria,aph_senate_48
pdfs/senate/48/bells_48s.json,sean_bell,Sean Bell,New South Wales,aph_senate_48
pdfs/senate/48/bleyerv_48s.json,vanessa_bleyer,Vanessa Bleyer,Tasmania,aph_senate_48
pdfs/senate/48/blythl_48s.json,leah_blyth,Leah Blyth,South Australia,aph_senate_48
pdfs/senate/48/bragga_48s.json,andrew_bragg,Andrew Bragg,New South Wales,aph_senate_48
pdfs/senate/48/brockmans_48s.json,slade_brockman,Slade Brockman,Western Australia,aph_senate_48
pdfs/senate/48/brownc_48s.json,carol_brown,Carol Brown,Tasmania,aph_senate_48
pdfs/senate/48/cadellr_48s.json,ross_cadell,Ross Cadell,New South Wales,aph_senate_48
pdfs/senate/48/canavanm_48s.json,matthew_canavan,Matthew Canavan,Queensland,aph_senate_48
pdfs/senate/48/cashm_48s.json,michaelia_cash,Michaelia Cash,Western Australia,aph_senate_48
pdfs/senate/48/chandlerc_48s.json,claire_chandler,Claire Chandler,Tasmania,aph_senate_48
pdfs/senate/48/chisholma_48s.json,anthony_chisholm,Anthony Chisholm,Queensland,aph_senate_48
pdfs/senate/48/cicconer_48s.json,raff_ciccone,Raff Ciccone,Victoria,aph_senate_48
pdfs/senate/48/colbeckr_48s.json,richard_colbeck,Richard Colbeck,Tasmania,aph_senate_48
pdfs/senate/48/collinsj_48s.json,jessica_collins,Jessica Collins,New South Wales,aph_senate_48
pdfs/senate/48/coxd_48s.json,dorinda_cox,Dorinda Cox,Western Australia,aph_senate_48
pdfs/senate/48/darmaninl_48s.json,lisa_darmanin,Lisa Darmanin,Victoria,aph_senate_48
pdfs/senate/48/dolegaj_48s.json,josh_dolega,Josh Dolega,Tasmania,aph_senate_48
pdfs/senate/48/dowlingr_48s.json,richard_dowling,Richard Dowling,Tasmania,aph_senate_48
pdfs/senate/48/duniamj_48s.json,jonathon_duniam,Jonathon Duniam,Tasmania,aph_senate_48
pdfs/senate/48/farrelld_48s.json,don_farrell,Don Farrell,South Australia,aph_senate_48
pdfs/senate/48/faruqim_48s.json,mehreen_faruqi,Mehreen Faruqi,New South Wales,aph_senate_48
pdfs/senate/48/gallagherk_48s.json,katy_gallagher,Katy Gallagher,Australian Capital Territory,aph_senate_48
pdfs/senate/48/gatenbyc_48s.json,chris_gatenby,Chris Gatenby,Tasmania,aph_senate_48
pdfs/senate/48/ghoshv_48s.json,varun_ghosh,Varun Ghosh,Western Australia,aph_senate_48
pdfs/senate/48/greenn_48s.json,nita_green,Nita Green,Queensland,aph_senate_48
pdfs/senate/48/grogank_48s.json,karen_grogan,Karen Grogan,South Australia,aph_senate_48
pdfs/senate/48/hansonp_48s.json,pauline_hanson,Pauline Hanson,Queensland,aph_senate_48
pdfs/senate/48/hansonyoungs_48s.json,sarah_hanson_young,Sarah Hanson-Young,South Australia,aph_senate_48
pdfs/senate/48/hendersons_48s.json,sarah_henderson,Sarah Henderson,Victoria,aph_senate_48
pdfs/senate/48/hodginsmays_48s.json,steph_hodgins_may,Steph Hodgins-May,Victoria,aph_senate_48
pdfs/senate/48/humej_48s.json,jane_hume,Jane Hume,Victoria,aph_senate_48
pdfs/senate/48/kovacicm_48s.json,maria_kovacic,Maria Kovacic,New South Wales,aph_senate_48
pdfs/senate/48/lambiej_48s.json,jacqui_lambie,Jacqui Lambie,Tasmania,aph_senate_48
pdfs/senate/48/liddlek_48s.json,kerrynne_liddle,Kerrynne Liddle,South Australia,aph_senate_48
pdfs/senate/48/liness_48s.json,sue_lines,Sue Lines,Western Australia,aph_senate_48
pdfs/senate/48/mcallisterj_48s.json,jenny_mcallister,Jenny McAllister,New South Wales,aph_senate_48
pdfs/senate/48/mccarthym_48s.json,malarndirri_mccarthy,Malarndirri McCarthy,Northern Territory,aph_senate_48
pdfs/senate/48/mcdonalds_48s.json,susan_mcdonald,Susan McDonald,Queensland,aph_senate_48
pdfs/senate/48/mcgrathj_48s.json,james_mcgrath,James McGrath,Queensland,aph_senate_48
pdfs/senate/48/mckenzieb_48s.json,bridget_mckenzie,Bridget McKenzie,Victoria,aph_senate_48
pdfs/senate/48/mckimn_48s.json,nick_mckim,Nick McKim,Tasmania,aph_senate_48
pdfs/senate/48/mclachlana_48s.json,andrew_mclachlan,Andrew McLachlan,South Australia,aph_senate_48
pdfs/senate/48/mulhollandc_48s.json,corinne_mulholland,Corinne Mulholland,Queensland,aph_senate_48
pdfs/senate/48/nampijinpapricej_48s.json,jacinta_nampijinpa_price,Jacinta Nampijinpa Price,Northern Territory,aph_senate_48
pdfs/senate/48/oneilld_48s.json,deborah_o_neill,Deborah O'Neill,New South Wales,aph_senate_48
pdfs/senate/48/osullivanm_48s.json,matt_o_sullivan,Matt O'Sullivan,Western Australia,aph_senate_48
pdfs/senate/48/patersonj_48s.json,james_paterson,James Paterson,Victoria,aph_senate_48
pdfs/senate/48/paymanf_48s.json,fatima_payman,Fatima Payman,Western Australia,aph_senate_48
pdfs/senate/48/pocockb_48s.json,barbara_pocock,Barbara Pocock,South Australia,aph_senate_48
pdfs/senate/48/pocockd_48s.json,david_pocock,David Pocock,Australian Capital Territory,aph_senate_48
pdfs/senate/48/polleyh_48s.json,helen_polley,Helen Polley,Tasmania,aph_senate_48
pdfs/senate/48/robertsm_48s.json,malcolm_roberts,Malcolm Roberts,Queensland,aph_senate_48
pdfs/senate/48/rustona_48s.json,anne_ruston,Anne Ruston,South Australia,aph_senate_48
pdfs/senate/48/scarrp_48s.json,paul_scarr,Paul Scarr,Queensland,aph_senate_48
pdfs/senate/48/sharmad_48s.json,dave_sharma,Dave Sharma,New South Wales,aph_senate_48
pdfs/senate/48/sheldont_48s.json,tony_sheldon,Tony Sheldon,New South Wales,aph_senate_48
pdfs/senate/48/shoebridged_48s.json,david_shoebridge,David Shoebridge,New South Wales,aph_senate_48
pdfs/senate/48/smithd_48s.json,dean_smith,Dean Smith,Western Australia,aph_senate_48
pdfs/senate/48/smithm_48s.json,marielle_smith,Marielle Smith,South Australia,aph_senate_48
pdfs/senate/48/steelejohnj_48s.json,jordon_steele_john,Jordon Steele-John,Western Australia,aph_senate_48
pdfs/senate/48/sterleg_48s.json,glenn_sterle,Glenn Sterle,Western Australia,aph_senate_48
pdfs/senate/48/stewartj_48s.json,jana_stewart,Jana Stewart,Victoria,aph_senate_48
pdfs/senate/48/thorpel_48s.json,lidia_thorpe,Lidia Thorpe,Victoria,aph_senate_48
pdfs/senate/48/tyrrellt_48s.json,tammy_tyrrell,Tammy Tyrrell,Tasmania,aph_senate_48
pdfs/senate/48/walkerc_48s.json,charlotte_walker,Charlotte Walker,South Australia,aph_senate_48
pdfs/senate/48/walshj_48s.json,jess_walsh,Jess Walsh,Victoria,aph_senate_48
pdfs/senate/48/watersl_48s.json,larissa_waters,Larissa Waters,Queensland,aph_senate_48
pdfs/senate/48/wattm_48s.json,murray_watt,Murray Watt,Queensland,aph_senate_48
pdfs/senate/48/whiteakere_48s.json,ellie_whiteaker,Ellie Whiteaker,Western Australia,aph_senate_48
pdfs/senate/48/whittent_48s.json,tyron_whitten,Tyron Whitten,Western Australia,aph_senate_48
pdfs/senate/48/wongp_48s.json,penny_wong,Penny Wong,South Australia,aph_senate_48
