member_id,full_name,aph_id,wikidata,how
aaron_violi,Aaron Violi,300147,Q112114544,"wikidata P10020, name match"
adam_bandt,Adam Bandt,M3C,Q4678672,"wikidata P10020, name match"
alan_griffin,Alan Griffin,VU5,Q4706771,"wikidata P10020, name match"
alan_tudge,Alan Tudge,M2Y,Q4707935,"wikidata P10020, name match"
alannah_mactiernan,Alannah MacTiernan,L6P,Q4708273,"wikidata P10020, name match"
alby_schultz,Alby Schultz,83Q,Q4712886,"wikidata P10020, name match"
alex_antic,Alex Antic,269375,Q63520981,"wikidata P10020, name match"
alex_hawke,Alex Hawke,HWO,Q4717151,"wikidata P10020, name match"
alex_somlyay,Alex Somlyay,ZT4,Q4717825,"wikidata P10020, name match"
ali_france,Ali France,270198,Q134309102,"wikidata P10020, name match"
alice_jordan_baird,Alice Jordan-Baird,316021,Q134311969,"wikidata P10020, name match"
alicia_payne,Alicia Payne,144732,Q64223413,"wikidata P10020, name match"
alison_byrnes,Alison Byrnes,299145,Q111772495,"wikidata P10020, name match"
alison_penfold,Alison Penfold,248895,Q134311984,"wikidata P10020, name match"
allegra_spender,Allegra Spender,286042,Q109652019,"wikidata P10020, name match"
amanda_rishworth,Amanda Rishworth,HWA,Q4739745,"wikidata P10020, name match"
andrew_bragg,Andrew Bragg,256063,Q64152252,"wikidata P10020, name match"
andrew_broad,Andrew Broad,30379,Q16215193,"wikidata P10020, name match"
andrew_charlton,Andrew Charlton,I8M,Q112567447,"wikidata P10020, name match"
andrew_gee,Andrew Gee,261393,Q4757071,"wikidata P10020, name match"
andrew_giles,Andrew Giles,243609,Q16214422,"wikidata P10020, name match"
andrew_hastie,Andrew Hastie,260805,Q21066082,"wikidata P10020, name match"
andrew_laming,Andrew Laming,E0H,Q4757684,"wikidata P10020, name match"
andrew_leigh,Andrew Leigh,BU8,Q4757734,"wikidata P10020, name match"
andrew_mclachlan,Andrew McLachlan,287062,Q16732352,"wikidata P10020, name match"
andrew_nikolic,Andrew Nikolic,137174,Q4758125,"wikidata P10020, name match"
andrew_robb,Andrew Robb,FU4,Q4758396,"wikidata P10020, name match"
andrew_southcott,Andrew Southcott,TK6,Q4758616,"wikidata P10020, name match"
andrew_wallace,Andrew Wallace,265967,Q25756194,"wikidata P10020, name match"
andrew_wilkie,Andrew Wilkie,C2T,Q4758919,"wikidata P10020, name match"
andrew_willcox,Andrew Willcox,286535,Q112114763,"wikidata P10020, name match"
angie_bell,Angie Bell,282981,Q64226046,"wikidata P10020, name match"
angus_taylor,Angus Taylor,231027,Q16196728,"wikidata P10020, name match"
anika_wells,Anika Wells,264121,Q64205577,"wikidata P10020, name match"
ann_sudmalis,Ann Sudmalis,241586,Q16186916,"wikidata P10020, name match"
anna_burke,Anna Burke,83S,Q4766888,"wikidata P10020, name match"
anne_aly,Anne Aly,13050,Q20631311,"wikidata P10020, name match"
anne_ruston,Anne Ruston,243273,Q4768766,"wikidata P10020, name match"
anne_stanley,Anne Stanley,265990,Q25768264,"wikidata P10020, name match"
anne_urquhart,Anne Urquhart,231199,Q4768857,"wikidata P10020, name match"
anne_webster,Anne Webster,281688,Q64216519,"wikidata P10020, name match"
anthony_albanese,Anthony Albanese,R36,Q335697,"wikidata P10020, name match"
anthony_byrne,Anthony Byrne,008K0,Q4772190,"wikidata P10020, name match"
anthony_chisholm,Anthony Chisholm,39801,Q18719336,"wikidata P10020, name match"
ash_ambihaipahar,Ash Ambihaipahar,315618,Q134310421,"wikidata P10020, name match"
barbara_pocock,Barbara Pocock,BFQ,Q63405944,"wikidata P10020, name match"
barnaby_joyce,Barnaby Joyce,E5D,Q4861362,"wikidata P10020, name match"
barry_haase,Barry Haase,84T,Q4864285,"wikidata P10020, name match"
basem_abdo,Basem Abdo,316915,Q134311976,"wikidata P10020, name match"
ben_morton,Ben Morton,265931,Q25352543,"wikidata P10020, name match"
ben_small,Ben Small,291406,Q101244911,"wikidata P10020, name match"
bernie_ripoll,Bernie Ripoll,83E,Q4894478,"wikidata P10020, name match"
bert_van_manen,Bert van Manen,188315,Q4895353,"wikidata P10020, name match"
bill_shorten,Bill Shorten,00ATG,Q4910865,"wikidata P10020, name match"
bob_baldwin,Bob Baldwin,LL6,Q4931731,"wikidata P10020, name match"
bob_katter,Bob Katter,HX4,Q4932983,"wikidata P10020, name match"
brendan_o_connor,Brendan O'Connor,00AN3,Q4961047,"wikidata P10020, name match"
brett_whiteley,Brett Whiteley,207800,Q4962429,"wikidata P10020, name match"
brian_mitchell,Brian Mitchell,129164,Q26695681,"wikidata P10020, name match"
bridget_archer,Bridget Archer,282237,Q64225996,"wikidata P10020, name match"
bridget_mckenzie,Bridget McKenzie,207825,Q4966734,"wikidata P10020, name match"
bronwyn_bishop,Bronwyn Bishop,SE4,Q4974135,"wikidata P10020, name match"
bruce_billson,Bruce Billson,1K6,Q4977155,"wikidata P10020, name match"
bruce_scott,Bruce Scott,YT4,Q4978267,"wikidata P10020, name match"
cameron_caldwell,Cameron Caldwell,306489,Q120680613,"wikidata P10020, name match"
carina_garland,Carina Garland,295588,Q112108318,"wikidata P10020, name match"
carol_berry,Carol Berry,23497,Q134311965,"wikidata P10020, name match"
carol_brown,Carol Brown,F49,Q5044273,"wikidata P10020, name match"
cassandra_fernando,Cassandra Fernando,299964,Q111782973,"wikidata P10020, name match"
catherine_king,Catherine King,00AMR,Q5052776,"wikidata P10020, name match"
cathy_mcgowan,Cathy McGowan,123674,Q16185462,"wikidata P10020, name match"
cathy_o_toole,Cathy O'Toole,249908,Q26703057,"wikidata P10020, name match"
celia_hammond,Celia Hammond,80072,Q64205969,"wikidata P10020, name match"
charlotte_walker,Charlotte Walker,316818,Q134590436,"wikidata P10020, name match"
chris_bowen,Chris Bowen,DZS,Q1077015,"wikidata P10020, name match"
chris_crewther,Chris Crewther,248969,Q25756186,"wikidata P10020, name match"
chris_gatenby,Chris Gatenby,324140,Q141106276,"wikidata P10020, name match"
chris_hayes,Chris Hayes,ECV,Q5106836,"wikidata P10020, name match"
christian_porter,Christian Porter,208884,Q5110039,"wikidata P10020, name match"
christopher_pyne,Christopher Pyne,9V5,Q978276,"wikidata P10020, name match"
claire_chandler,Claire Chandler,264449,Q64740291,"wikidata P10020, name match"
claire_clutterham,Claire Clutterham,316101,Q134309397,"wikidata P10020, name match"
clare_o_neil,Clare O'Neil,140590,Q5126228,"wikidata P10020, name match"
clive_palmer,Clive Palmer,LQR,Q550879,"wikidata P10020, name match"
colin_boyce,Colin Boyce,299498,Q43724669,"wikidata P10020, name match"
corinne_mulholland,Corinne Mulholland,277110,Q134612339,"wikidata P10020, name match"
craig_emerson,Craig Emerson,83V,Q5180933,"wikidata P10020, name match"
craig_kelly,Craig Kelly,99931,Q5181115,"wikidata P10020, name match"
craig_laundy,Craig Laundy,247130,Q16213600,"wikidata P10020, name match"
craig_thomson,Craig Thomson,HVZ,Q3696471,"wikidata P10020, name match"
dai_le,Dai Le,295676,Q111909058,"wikidata P10020, name match"
damian_drum,Damian Drum,56430,Q5212240,"wikidata P10020, name match"
dan_tehan,Dan Tehan,210911,Q5214486,"wikidata P10020, name match"
daniel_mulino,Daniel Mulino,132880,Q19518195,"wikidata P10020, name match"
daniel_repacholi,Daniel Repacholi,298840,Q5218565,"wikidata P10020, name match"
darren_cheeseman,Darren Cheeseman,HW7,Q5224837,"wikidata P10020, name match"
darren_chester,Darren Chester,IPZ,Q5224839,"wikidata P10020, name match"
daryl_melham,Daryl Melham,4T4,Q5226210,"wikidata P10020, name match"
dave_sharma,Dave Sharma,274506,Q15999973,"wikidata P10020, name match"
david_batt,David Batt,315478,Q43724678,"wikidata P10020, name match"
david_bradbury,David Bradbury,HVW,Q5231642,"wikidata P10020, name match"
david_coleman,David Coleman,241067,Q16214788,"wikidata P10020, name match"
david_farley,David Farley,62329,Q139718547,"manual: APH parliamentarian search, not on Wikidata P10020"
david_feeney,David Feeney,I0O,Q16213376,"wikidata P10020, name match"
david_gillespie,David Gillespie,72184,Q16189272,"wikidata P10020, name match"
david_littleproud,David Littleproud,265585,Q25756209,"wikidata P10020, name match"
david_moncrieff,David Moncrieff,316540,Q134370438,"wikidata P10020, name match"
david_pocock,David Pocock,256136,Q2777809,"wikidata P10020, name match"
david_shoebridge,David Shoebridge,169119,Q5239754,"wikidata P10020, name match"
david_smith,David Smith,276714,Q53960880,"wikidata P10020, name match"
dean_smith,Dean Smith,241710,Q5246470,"wikidata P10020, name match"
deborah_o_neill,Deborah O'Neill,140651,Q5248341,"wikidata P10020, name match"
dennis_jensen,Dennis Jensen,DYN,Q5258570,"wikidata P10020, name match"
dick_adams,Dick Adams,BV5,Q5272614,"wikidata P10020, name match"
don_farrell,Don Farrell,I0N,Q5292594,"wikidata P10020, name match"
don_randall,Don Randall,PK6,Q5293376,"wikidata P10020, name match"
dorinda_cox,Dorinda Cox,296215,Q108441696,"wikidata P10020, name match"
ed_husic,Ed Husic,91219,Q5334974,"wikidata P10020, name match"
elizabeth_watson_brown,Elizabeth Watson-Brown,300127,Q18813613,"wikidata P10020, name match"
ellie_whiteaker,Ellie Whiteaker,316555,Q119727042,"wikidata P10020, name match"
emma_comer,Emma Comer,316551,Q134312215,"wikidata P10020, name match"
emma_husar,Emma Husar,263328,Q25753138,"wikidata P10020, name match"
emma_mcbride,Emma McBride,248353,Q25844494,"wikidata P10020, name match"
eric_hutchinson,Eric Hutchinson,212585,Q16730000,"wikidata P10020, name match"
ewen_jones,Ewen Jones,96430,Q5418982,"wikidata P10020, name match"
fatima_payman,Fatima Payman,300707,Q112152550,"wikidata P10020, name match"
fiona_martin,Fiona Martin,282982,Q63964026,"wikidata P10020, name match"
fiona_phillips,Fiona Phillips,147140,Q64038637,"wikidata P10020, name match"
fiona_scott,Fiona Scott,165476,Q16216756,"wikidata P10020, name match"
gabriel_ng,Gabriel Ng,316052,Q134312228,"wikidata P10020, name match"
gai_brodtmann,Gai Brodtmann,30540,Q5516953,"wikidata P10020, name match"
garth_hamilton,Garth Hamilton,291387,Q102420453,"wikidata P10020, name match"
gary_gray,Gary Gray,8W5,Q5525157,"wikidata P10020, name match"
gavin_pearce,Gavin Pearce,282306,Q64222282,"wikidata P10020, name match"
ged_kearney,Ged Kearney,LTU,Q14954679,"wikidata P10020, name match"
geoff_lyons,Geoff Lyons,M38,Q5534212,"wikidata P10020, name match"
george_christensen,George Christensen,230485,Q5537893,"wikidata P10020, name match"
gladys_liu,Gladys Liu,282918,Q63979376,"wikidata P10020, name match"
glenn_sterle,Glenn Sterle,E68,Q5569124,"wikidata P10020, name match"
gordon_reid,Gordon Reid,300126,Q112252168,"wikidata P10020, name match"
graham_perrett,Graham Perrett,HVP,Q5593142,"wikidata P10020, name match"
greg_combet,Greg Combet,YW6,Q11701393,"wikidata P10020, name match"
greg_hunt,Greg Hunt,00AMV,Q5605742,"wikidata P10020, name match"
harry_jenkins,Harry Jenkins,HH4,,"manual: born 1952, member for Scullin 1986-2013"
helen_haines,Helen Haines,282335,Q41662205,"wikidata P10020, name match"
helen_polley,Helen Polley,E5X,Q16189453,"wikidata P10020, name match"
henry_pike,Henry Pike,300120,Q112134180,"wikidata P10020, name match"
ian_goodenough,Ian Goodenough,74046,Q16215281,"wikidata P10020, name match"
ian_macfarlane,Ian Macfarlane,WN6,Q5982149,"wikidata P10020, name match"
jacinta_nampijinpa_price,Jacinta Nampijinpa Price,263528,Q106869875,"wikidata P10020, name match"
jacqui_lambie,Jacqui Lambie,250026,Q16731201,"wikidata P10020, name match"
james_mcgrath,James McGrath,217241,Q16732314,"wikidata P10020, name match"
james_paterson,James Paterson,144138,Q23016290,"wikidata P10020, name match"
james_stevens,James Stevens,176304,Q63509173,"wikidata P10020, name match"
jamie_briggs,Jamie Briggs,IYU,Q6146653,"wikidata P10020, name match"
jamie_chaffey,Jamie Chaffey,316312,Q134311983,"wikidata P10020, name match"
jana_stewart,Jana Stewart,299352,Q111513180,"wikidata P10020, name match"
jane_hume,Jane Hume,266499,Q26703243,"wikidata P10020, name match"
jane_prentice,Jane Prentice,217266,Q6152639,"wikidata P10020, name match"
janelle_saffin,Janelle Saffin,HVY,Q6153070,"wikidata P10020, name match"
jason_clare,Jason Clare,HWL,Q6162219,"wikidata P10020, name match"
jason_falinski,Jason Falinski,G86,Q23939864,"wikidata P10020, name match"
jason_wood,Jason Wood,E0F,Q6163809,"wikidata P10020, name match"
jenny_macklin,Jenny Macklin,PG6,Q434649,"wikidata P10020, name match"
jenny_mcallister,Jenny McAllister,121628,Q16732210,"wikidata P10020, name match"
jenny_ware,Jenny Ware,300123,Q112127622,"wikidata P10020, name match"
jerome_laxale,Jerome Laxale,299174,Q112116312,"wikidata P10020, name match"
jess_teesdale,Jess Teesdale,314526,Q134349427,"wikidata P10020, name match"
jess_walsh,Jess Walsh,252157,Q64711059,"wikidata P10020, name match"
jessica_collins,Jessica Collins,297964,Q134660140,"wikidata P10020, name match"
jill_hall,Jill Hall,83N,Q6192858,"wikidata P10020, name match"
jim_chalmers,Jim Chalmers,37998,Q16217223,"wikidata P10020, name match"
jo_briskey,Jo Briskey,263427,Q134312684,"wikidata P10020, name match"
joanna_gash,Joanna Gash,AK6,Q6205834,"wikidata P10020, name match"
joanne_ryan,Joanne Ryan,249224,Q16194303,"wikidata P10020, name match"
jodie_belyea,Jodie Belyea,309484,Q124714701,"wikidata P10020, name match"
joe_hockey,Joe Hockey,DK6,Q6210353,"wikidata P10020, name match"
joel_fitzgibbon,Joel Fitzgibbon,8K6,Q3180236,"wikidata P10020, name match"
john_alexander,John Alexander,M3M,Q1281683,"wikidata P10020, name match"
john_cobb,John Cobb,00AN1,Q6226446,"wikidata P10020, name match"
john_forrest,John Forrest,NV5,,"manual: born 1949, member for Mallee 1993-2013"
john_mcveigh,John McVeigh,125865,Q6248320,"wikidata P10020, name match"
john_murphy,John Murphy,83D,Q6249871,"wikidata P10020, name match"
jonathon_duniam,Jonathon Duniam,263418,Q25268390,"wikidata P10020, name match"
jordon_steele_john,Jordon Steele-John,250156,Q33139188,"wikidata P10020, name match"
josh_burns,Josh Burns,278522,Q63987238,"wikidata P10020, name match"
josh_dolega,Josh Dolega,316935,Q134563137,"wikidata P10020, name match"
josh_frydenberg,Josh Frydenberg,FKL,Q6288876,"wikidata P10020, name match"
josh_wilson,Josh Wilson,265970,Q27435061,"wikidata P10020, name match"
judi_moylan,Judi Moylan,4V5,Q6302822,"wikidata P10020, name match"
julia_banks,Julia Banks,18661,Q25753048,"wikidata P10020, name match"
julia_gillard,Julia Gillard,83L,Q41563,"wikidata P10020, name match"
julian_hill,Julian Hill,86256,Q27435059,"wikidata P10020, name match"
julian_leeser,Julian Leeser,109556,Q24191457,"wikidata P10020, name match"
julian_simmonds,Julian Simmonds,282983,Q64226194,"wikidata P10020, name match"
julie_ann_campbell,Julie-Ann Campbell,312823,Q56715711,"wikidata P10020, name match"
julie_bishop,Julie Bishop,83P,Q434858,"wikidata P10020, name match"
julie_collins,Julie Collins,HWM,Q6308091,"wikidata P10020, name match"
julie_owens,Julie Owens,E09,Q6308446,"wikidata P10020, name match"
justine_elliot,Justine Elliot,DZW,Q6318352,"wikidata P10020, name match"
justine_keay,Justine Keay,262273,Q25350560,"wikidata P10020, name match"
kara_cook,Kara Cook,316537,Q134309505,"wikidata P10020, name match"
karen_andrews,Karen Andrews,230886,Q6369482,"wikidata P10020, name match"
karen_grogan,Karen Grogan,296331,Q108617920,"wikidata P10020, name match"
karen_mcnamara,Karen McNamara,241589,Q16195680,"wikidata P10020, name match"
kate_chaney,Kate Chaney,300006,Q112103422,"wikidata P10020, name match"
kate_ellis,Kate Ellis,DZU,Q4354268,"wikidata P10020, name match"
kate_thwaites,Kate Thwaites,282212,Q64225759,"wikidata P10020, name match"
katie_allen,Katie Allen,282986,Q38589865,"wikidata P10020, name match"
katy_gallagher,Katy Gallagher,ING,Q463507,"wikidata P10020, name match"
keith_pitt,Keith Pitt,148150,Q16206609,"wikidata P10020, name match"
keith_wolahan,Keith Wolahan,235654,Q111536427,"wikidata P10020, name match"
kelly_o_dwyer,Kelly O'Dwyer,LKU,Q6386229,"wikidata P10020, name match"
kelvin_thomson,Kelvin Thomson,UK6,Q18907740,"wikidata P10020, name match"
ken_o_dowd,Ken O'Dowd,139441,Q6388253,"wikidata P10020, name match"
ken_wyatt,Ken Wyatt,M3A,Q3195101,"wikidata P10020, name match"
kerryn_phelps,Kerryn Phelps,008Z0,Q6394699,"wikidata P10020, name match"
kerrynne_liddle,Kerrynne Liddle,300644,Q112581963,"wikidata P10020, name match"
kevin_andrews,Kevin Andrews,HK5,Q6395733,"wikidata P10020, name match"
kevin_hogan,Kevin Hogan,218019,Q16195119,"wikidata P10020, name match"
kevin_rudd,Kevin Rudd,83T,Q43135,"wikidata P10020, name match"
kirsten_livermore,Kirsten Livermore,83A,Q6416095,"wikidata P10020, name match"
kristy_mcbain,Kristy McBain,281988,Q96970848,"wikidata P10020, name match"
kylea_tink,Kylea Tink,300124,Q110932312,"wikidata P10020, name match"
larissa_waters,Larissa Waters,192970,Q6489515,"wikidata P10020, name match"
laura_smyth,Laura Smyth,172770,Q16216096,"wikidata P10020, name match"
laurie_ferguson,Laurie Ferguson,8T4,Q6501571,"wikidata P10020, name match"
leah_blyth,Leah Blyth,315170,Q132132649,"wikidata P10020, name match"
leon_rebello,Leon Rebello,316547,Q134355836,"wikidata P10020, name match"
libby_coker,Libby Coker,263547,Q63993260,"wikidata P10020, name match"
lidia_thorpe,Lidia Thorpe,280304,Q43285578,"wikidata P10020, name match"
linda_burney,Linda Burney,8GH,Q6551428,"wikidata P10020, name match"
lisa_chesters,Lisa Chesters,249710,Q16727986,"wikidata P10020, name match"
lisa_darmanin,Lisa Darmanin,301128,Q125854047,"wikidata P10020, name match"
llew_o_brien,Llew O'Brien,265991,Q25756234,"wikidata P10020, name match"
louise_markus,Louise Markus,E07,Q6688848,"wikidata P10020, name match"
louise_miller_frost,Louise Miller-Frost,296272,Q112112804,"wikidata P10020, name match"
lucy_wicks,Lucy Wicks,241590,Q16751614,"wikidata P10020, name match"
luke_gosling,Luke Gosling,245392,Q25288450,"wikidata P10020, name match"
luke_hartsuyker,Luke Hartsuyker,00AMM,Q6702024,"wikidata P10020, name match"
luke_howarth,Luke Howarth,247742,Q16729935,"wikidata P10020, name match"
luke_simpkins,Luke Simpkins,HWE,Q6702345,"wikidata P10020, name match"
madeleine_king,Madeleine King,102376,Q25756137,"wikidata P10020, name match"
madonna_jarrett,Madonna Jarrett,298574,Q134312729,"wikidata P10020, name match"
mal_brough,Mal Brough,2K6,Q6740586,"wikidata P10020, name match"
mal_washer,Mal Washer,84F,Q6740653,"wikidata P10020, name match"
malarndirri_mccarthy,Malarndirri McCarthy,122087,Q6741359,"wikidata P10020, name match"
malcolm_roberts,Malcolm Roberts,266524,Q26848575,"wikidata P10020, name match"
malcolm_turnbull,Malcolm Turnbull,885,Q927550,"wikidata P10020, name match"
maria_kovacic,Maria Kovacic,306168,Q118750056,"wikidata P10020, name match"
maria_vamvakinou,Maria Vamvakinou,00AMT,Q6761645,"wikidata P10020, name match"
marielle_smith,Marielle Smith,281603,Q63531157,"wikidata P10020, name match"
marion_scrymgour,Marion Scrymgour,F2S,Q1899245,"wikidata P10020, name match"
mark_butler,Mark Butler,HWK,Q6766947,"wikidata P10020, name match"
mark_coulton,Mark Coulton,HWN,Q6767168,"wikidata P10020, name match"
mark_dreyfus,Mark Dreyfus,HWG,Q6767411,"wikidata P10020, name match"
martin_ferguson,Martin Ferguson,LS4,Q466245,"wikidata P10020, name match"
mary_aldred,Mary Aldred,11788,Q134481795,"wikidata P10020, name match"
mary_doyle,Mary Doyle,299962,Q117356133,"wikidata P10020, name match"
matt_burnell,Matt Burnell,300129,Q112114193,"wikidata P10020, name match"
matt_gregg,Matt Gregg,315154,Q134349879,"wikidata P10020, name match"
matt_keogh,Matt Keogh,249147,Q25752522,"wikidata P10020, name match"
matt_o_sullivan,Matt O'Sullivan,283585,Q64730374,"wikidata P10020, name match"
matt_smith,Matt Smith,312393,Q134386290,"wikidata P10020, name match"
matt_thistlethwaite,Matt Thistlethwaite,182468,Q6789423,"wikidata P10020, name match"
matt_williams,Matt Williams,249758,Q16214685,"wikidata P10020, name match"
matthew_canavan,Matthew Canavan,245212,Q16202391,"wikidata P10020, name match"
max_chandler_mather,Max Chandler-Mather,300121,Q112106832,"wikidata P10020, name match"
mehreen_faruqi,Mehreen Faruqi,250362,Q16728926,"wikidata P10020, name match"
melissa_mcintosh,Melissa McIntosh,281513,Q64038211,"wikidata P10020, name match"
melissa_parke,Melissa Parke,HWR,Q16196641,"wikidata P10020, name match"
melissa_price,Melissa Price,249308,Q16195275,"wikidata P10020, name match"
meryl_swanson,Meryl Swanson,264170,Q25350223,"wikidata P10020, name match"
michael_danby,Michael Danby,WF6,Q6829697,"wikidata P10020, name match"
michael_keenan,Michael Keenan,E0J,Q6831813,"wikidata P10020, name match"
michael_mccormack,Michael McCormack,219646,Q6832641,"wikidata P10020, name match"
michael_sukkar,Michael Sukkar,242515,Q16221628,"wikidata P10020, name match"
michaelia_cash,Michaelia Cash,I0M,Q572783,"wikidata P10020, name match"
michelle_ananda_rajah,Michelle Ananda-Rajah,290544,Q90398588,"wikidata P10020, name match"
michelle_landry,Michelle Landry,249764,Q16194644,"wikidata P10020, name match"
michelle_rowland,Michelle Rowland,159771,Q6837228,"wikidata P10020, name match"
mike_freelander,Mike Freelander,265979,Q25753357,"wikidata P10020, name match"
mike_kelly,Mike Kelly,HRI,Q3857414,"wikidata P10020, name match"
mike_symon,Mike Symon,HW8,Q16191323,"wikidata P10020, name match"
milton_dick,Milton Dick,53517,Q20983429,"wikidata P10020, name match"
monique_ryan,Monique Ryan,297660,Q42696287,"wikidata P10020, name match"
murray_watt,Murray Watt,245759,Q6939517,"wikidata P10020, name match"
natasha_griggs,Natasha Griggs,220370,Q16207753,"wikidata P10020, name match"
nick_champion,Nick Champion,HW9,Q7026894,"wikidata P10020, name match"
nick_mckim,Nick McKim,JKM,Q14201517,"wikidata P10020, name match"
nickolas_varvaris,Nickolas Varvaris,250077,Q16198166,"wikidata P10020, name match"
nicola_roxon,Nicola Roxon,83K,Q518856,"wikidata P10020, name match"
nicolette_boele,Nicolette Boele,26417,Q133500279,"wikidata P10020, name match"
nicolle_flint,Nicolle Flint,245550,Q25756083,"wikidata P10020, name match"
nita_green,Nita Green,259819,Q64151668,"wikidata P10020, name match"
nola_marino,Nola Marino,HWP,Q7048144,"wikidata P10020, name match"
pat_conaghan,Pat Conaghan,279991,Q63993700,"wikidata P10020, name match"
pat_conroy,Pat Conroy,249127,Q16218414,"wikidata P10020, name match"
patrick_gorman,Patrick Gorman,74519,Q55807656,"wikidata P10020, name match"
patrick_secker,Patrick Secker,848,Q16187305,"wikidata P10020, name match"
paul_fletcher,Paul Fletcher,L6B,Q7150671,"wikidata P10020, name match"
paul_neville,Paul Neville,KV5,Q7152703,"wikidata P10020, name match"
paul_scarr,Paul Scarr,282997,Q64152232,"wikidata P10020, name match"
pauline_hanson,Pauline Hanson,BK6,Q466220,"wikidata P10020, name match"
penny_allman_payne,Penny Allman-Payne,298839,Q112149315,"wikidata P10020, name match"
penny_wong,Penny Wong,00AOU,Q456759,"wikidata P10020, name match"
peta_murphy,Peta Murphy,133646,Q64205879,"wikidata P10020, name match"
peter_dutton,Peter Dutton,00AKI,Q7173778,"wikidata P10020, name match"
peter_garrett,Peter Garrett,HV4,Q528907,"wikidata P10020, name match"
peter_hendy,Peter Hendy,00BCM,Q7177723,"wikidata P10020, name match"
peter_khalil,Peter Khalil,101351,Q25756187,"wikidata P10020, name match"
peter_slipper,Peter Slipper,0V5,Q7176978,"wikidata P10020, name match"
philip_ruddock,Philip Ruddock,0J4,Q3379071,"wikidata P10020, name match"
phillip_thompson,Phillip Thompson,281826,Q64009045,"wikidata P10020, name match"
raff_ciccone,Raff Ciccone,281503,Q61983642,"wikidata P10020, name match"
ralph_babet,Ralph Babet,300706,Q112642694,"wikidata P10020, name match"
rebecca_white,Rebecca White,224102,Q7301966,"wikidata P10020, name match"
rebekha_sharkie,Rebekha Sharkie,265980,Q25324881,"wikidata P10020, name match"
renee_coffey,Renee Coffey,312323,Q134312718,"wikidata P10020, name match"
richard_colbeck,Richard Colbeck,00AOL,Q7324825,"wikidata P10020, name match"
richard_dowling,Richard Dowling,55842,Q134380001,"wikidata P10020, name match"
richard_marles,Richard Marles,HWQ,Q7327642,"wikidata P10020, name match"
rick_wilson,Rick Wilson,198084,Q16196773,"wikidata P10020, name match"
rob_mitchell,Rob Mitchell,M3E,Q7340383,"wikidata P10020, name match"
rob_oakeshott,Rob Oakeshott,IYS,Q7340432,"wikidata P10020, name match"
robert_mcclelland,Robert McClelland,JK6,Q5981237,"wikidata P10020, name match"
ross_cadell,Ross Cadell,300134,Q111830257,"wikidata P10020, name match"
ross_hart,Ross Hart,263070,Q25352606,"wikidata P10020, name match"
ross_vasta,Ross Vasta,E0D,Q7369690,"wikidata P10020, name match"
rowan_holzberger,Rowan Holzberger,88411,Q134310433,"wikidata P10020, name match"
rowan_ramsey,Rowan Ramsey,HWS,Q7371808,"wikidata P10020, name match"
russell_broadbent,Russell Broadbent,MT4,Q7381382,"wikidata P10020, name match"
russell_matheson,Russell Matheson,M2V,Q7381673,"wikidata P10020, name match"
sally_sitou,Sally Sitou,298121,Q112108474,"wikidata P10020, name match"
sam_birrell,Sam Birrell,288713,Q112131083,"wikidata P10020, name match"
sam_lim,Sam Lim,300130,Q112108124,"wikidata P10020, name match"
sam_rae,Sam Rae,300122,Q112131017,"wikidata P10020, name match"
sarah_hanson_young,Sarah Hanson-Young,I0U,Q2224379,"wikidata P10020, name match"
sarah_henderson,Sarah Henderson,ZN4,Q7422387,"wikidata P10020, name match"
sarah_witty,Sarah Witty,316660,Q134384419,"wikidata P10020, name match"
scott_buchholz,Scott Buchholz,230531,Q7436060,"wikidata P10020, name match"
scott_morrison,Scott Morrison,E3L,Q7436908,"wikidata P10020, name match"
sean_bell,Sean Bell,319142,Q136307277,"wikidata P10020, name match"
sharman_stone,Sharman Stone,EM6,Q7489916,"wikidata P10020, name match"
sharon_bird,Sharon Bird,DZP,Q7489994,"wikidata P10020, name match"
sharon_claydon,Sharon Claydon,248181,Q16195468,"wikidata P10020, name match"
sharon_grierson,Sharon Grierson,00AMP,Q7490078,"wikidata P10020, name match"
shayne_neumann,Shayne Neumann,HVO,Q7491712,"wikidata P10020, name match"
sid_sidebottom,Sid Sidebottom,849,Q7507904,"wikidata P10020, name match"
simon_crean,Simon Crean,DT4,Q1400580,"wikidata P10020, name match"
simon_kennedy,Simon Kennedy,267506,Q125465629,"wikidata P10020, name match"
slade_brockman,Slade Brockman,30484,Q36913535,"wikidata P10020, name match"
sophie_mirabella,Sophie Mirabella,00AMU,Q7563039,"wikidata P10020, name match"
sophie_scamps,Sophie Scamps,299623,Q112110660,"wikidata P10020, name match"
steph_hodgins_may,Steph Hodgins-May,310860,Q110084949,"wikidata P10020, name match"
stephen_bates,Stephen Bates,300246,Q112150148,"wikidata P10020, name match"
stephen_jones,Stephen Jones,A9B,Q7609616,"wikidata P10020, name match"
stephen_smith,Stephen Smith,5V5,Q1376420,"wikidata P10020, name match"
steve_georganas,Steve Georganas,DZY,Q7612638,"wikidata P10020, name match"
steve_gibbons,Steve Gibbons,83X,Q7612647,"wikidata P10020, name match"
steve_irons,Steve Irons,HYM,Q16192767,"wikidata P10020, name match"
steven_ciobo,Steven Ciobo,00AN0,Q7614564,"wikidata P10020, name match"
stuart_robert,Stuart Robert,HWT,Q7627022,"wikidata P10020, name match"
sue_lines,Sue Lines,112096,Q16185446,"wikidata P10020, name match"
susan_lamb,Susan Lamb,265975,Q25324887,"wikidata P10020, name match"
susan_mcdonald,Susan McDonald,123072,Q64152202,"wikidata P10020, name match"
susan_templeman,Susan Templeman,181810,Q25753992,"wikidata P10020, name match"
sussan_ley,Sussan Ley,00AMN,Q7649377,"wikidata P10020, name match"
tammy_tyrrell,Tammy Tyrrell,300639,Q112129143,"wikidata P10020, name match"
tania_lawrence,Tania Lawrence,299150,Q112108342,"wikidata P10020, name match"
tanya_plibersek,Tanya Plibersek,83M,Q7684036,"wikidata P10020, name match"
ted_o_brien,Ted O'Brien,138932,Q27435056,"wikidata P10020, name match"
teresa_gambaro,Teresa Gambaro,9K6,Q7702141,"wikidata P10020, name match"
terri_butler,Terri Butler,248006,Q16216498,"wikidata P10020, name match"
terry_young,Terry Young,201906,Q64216512,"wikidata P10020, name match"
tim_ayres,Tim Ayres,16913,Q64152293,"wikidata P10020, name match"
tim_hammond,Tim Hammond,80109,Q25856253,"wikidata P10020, name match"
tim_watts,Tim Watts,193430,Q16222127,"wikidata P10020, name match"
tim_wilson,Tim Wilson,IMW,Q16205919,"wikidata P10020, name match"
tom_french,Tom French,316550,Q134349318,"wikidata P10020, name match"
tom_venning,Tom Venning,315434,Q134310411,"wikidata P10020, name match"
tony_abbott,Tony Abbott,EZ5,Q348577,"wikidata P10020, name match"
tony_burke,Tony Burke,DYW,Q1449483,"wikidata P10020, name match"
tony_crook,Tony Crook,M3K,Q7822135,"wikidata P10020, name match"
tony_pasin,Tony Pasin,240756,Q16216713,"wikidata P10020, name match"
tony_sheldon,Tony Sheldon,168275,Q7823395,"wikidata P10020, name match"
tony_smith,Tony Smith,00APG,,"manual: born 1967, member for Casey 2001-2022"
tony_windsor,Tony Windsor,009LP,Q7823688,"wikidata P10020, name match"
tony_zappia,Tony Zappia,HWB,Q7823721,"wikidata P10020, name match"
tracey_roberts,Tracey Roberts,157125,Q109850050,"wikidata P10020, name match"
trent_zimmerman,Trent Zimmerman,203092,Q21680762,"wikidata P10020, name match"
trevor_evans,Trevor Evans,61378,Q27435052,"wikidata P10020, name match"
trish_cook,Trish Cook,312871,Q131459904,"wikidata P10020, name match"
tyron_whitten,Tyron Whitten,317026,Q134612355,"wikidata P10020, name match"
vanessa_bleyer,Vanessa Bleyer,25813,Q140467157,"wikidata P10020, name match"
varun_ghosh,Varun Ghosh,257613,Q124172491,"wikidata P10020, name match"
vince_connelly,Vince Connelly,282984,Q64585316,"wikidata P10020, name match"
warren_entsch,Warren Entsch,7K6,Q7970178,"wikidata P10020, name match"
warren_snowdon,Warren Snowdon,IJ4,Q7970485,"wikidata P10020, name match"
warren_truss,Warren Truss,GT4,Q591604,"wikidata P10020, name match"
wayne_swan,Wayne Swan,2V5,Q1236571,"wikidata P10020, name match"
wyatt_roy,Wyatt Roy,M2X,Q8039514,"wikidata P10020, name match"
yvette_d_ath,Yvette D'Ath,HVN,Q8062364,"wikidata P10020, name match"
zali_steggall,Zali Steggall,175696,Q145103,"wikidata P10020, name match"
zaneta_mascarenhas,Zaneta Mascarenhas,298800,Q112106576,"wikidata P10020, name match"
zhi_soon,Zhi Soon,298618,Q134309521,"wikidata P10020, name match"
zoe_daniel,Zoe Daniel,008CH,Q65628647,"wikidata P10020, name match"
zoe_mckenzie,Zoe McKenzie,124514,Q112114762,"wikidata P10020, name match"
