rank,alias,item_count,sections,sample_spellings,asx_code,asx_name,variant_count,variants
1,qantas,1362,1 8 9 11 12 13 14,Qantas (1171) | QANTAS (190) | qantas (1),,,33,qantas chairmans lounge (75) | qantas airways (71) [QAN] | qantas club (26) | qantas airlines (18) | qantas and virgin (9) | qantas and virgin australia (5) | qantas australia (5) | qantas chairmans club (5) | qantas emirates (5) | qantas virgin (5) | qantas credit union (4) | qantas frequent flyer (4) | qantas money (4) | qantas club chairmans lounge (3) | emirates qantas (2) | qantas australia airlines (2) | qantas chairmans club lounge (2) | qantas chiarmans lounge (2) | qantas oneworld (2) | qantas staff credit union (2) | qantas vip club (2) | qantas virgin airlines (2) | quantas (2) | chairmans lounge qantas (1) | channel 9 and qantas (1) | qantas and emirates (1) | qantas ceo (1) | qantas defence (1) | qantas frequent flyer service (1) | qantas frequent flyers (1) | qantas group (1) | qantas platinum one club (1) | qantas virgin beyond (1)
2,westpac,772,1 6 7 8 9 10 11 12,Westpac (616) | WESTPAC (150) | westpac (5),,,19,westpac bank (78) | westpac banking (62) [WBC] | westpac group (11) | wespac (4) | bt owned by westpac (2) | westpac bankers trust (2) | westpac bundaberg (2) | westpace (2) | nrl westpac (1) | parramatta leagues club and westpac (1) | westpac banking group (1) | westpac business one account (1) | westpac group government affairs team (1) | westpac mastercard (1) | westpac telstra and national press clubb (1) | westpac term deposit (1) | westpac visa (1) | westpac wctpa (1) | westpack (1)
3,nab,607,1 3 6 7 8 9 10 11 12,NAB (588) | Nab (18) | NAB Limited (1),NAB,NATIONAL AUSTRALIA BANK LIMITED,10,nab homeside (5) | homeside nab (4) | nab caboolture (4) | ubank nab (4) | afg nab (2) | nab equity lending (2) | anz and nab (1) | nab bank (1) | nab yachad scholarship fund (1) | national bank nab (1)
4,commonwealth bank,595,1 2 6 7 8 9 11,Commonwealth Bank (508) | COMMONWEALTH BANK (69) | Commonwealth bank (15),,,14,commonwealth bank of australia (191) [CBA] | commonwealth (69) | commonwealth bank panania (5) | commonwealth bank superannuation fund (3) | commonwealth parliamentary association world bank institute (3) | commonwealth bank of australia cba (2) | commonwealth private bank (2) | commonwealth bank aust (1) | commonwealth bank australia (1) | commonwealth bank of austral (1) | commonwealth bank of australia colonial first state (1) | commonwealth savings bank (1) | commsec commonwealth bank (1) | comonwealth bank (1)
5,anz,577,1 6 7 8 9 11 12,ANZ (571) | ANZ LTD (2) | ANZ. (2),ANZ,ANZ GROUP HOLDINGS LIMITED,20,anz bank (191) | anz banking group (13) | australian and new zealand banking group limited anz (11) | australia and new zealand banking group limited anz (8) | anz banking grp (7) | anz investments p l (4) | anz stadium (4) | anz visa (4) | anz 50 (2) | anz super (2) | australia and new zealand banking group anz (2) | adelaide bank anz (1) | anz and nab (1) | anz banking (1) | anz championship (1) | anz retirement service (1) | anz smart choice super (1) | aust and nz banking group anz (1) | etrade anz (1) | klook anz (1)
6,cba,540,1 3 6 7 8 9 12,CBA (531) | C.B.A (4) | CBA. (4),CBA,COMMONWEALTH BANK OF AUSTRALIA.,5,commonwealth bank of australia cba (2) | cba staff super (1) | cba staff superannuation (1) | cba staff surperannuation (1) | cricket australia cba (1)
7,virgin,446,1 6 9 11 12 13 14,Virgin (411) | VIRGIN (35),,,48,virgin australia (395) | virgin airlines (51) | virgin club (36) | virgin velocity (26) | virgin australia airlines (15) | virgin australia club (14) | virgin lounge (14) | virgin australia the club (12) | virgin blue (11) | qantas and virgin (9) | virgin club lounge (7) | virgin the club (7) | virgin velocity club (6) | qantas and virgin australia (5) | qantas virgin (5) | virgin money uk (5) | club virgin australia (4) | virgin beyond lounge (4) | virgin captains club (4) | virgin airline (3) | virgin airways (3) | virgin captains lounge (3) | virgin vip club (3) | club virgin (2) | qantas virgin airlines (2) | tennis australia and virgin australia (2) | velocity virgin australia (2) | virgin aust (2) | virgin australia airways (2) | virgin australia holdings (2) [VGN] | virgin australias the club (2) | virgin beyond (2) | virgin blue holdings (2) | australian american leadership dialogue and virgin australia (1) | qantas virgin beyond (1) | virgin aust holdings (1) | virgin australia airline (1) | virgin australia airlines ptyltd (1) | virgin australia beyond program (1) | virgin australia velocity frequent flyer (1) | virgin blue airlines (1) | virgin blue club (1) | virgin business (1) | virgin club longe (1) | virgin international (1) | virgin money (1) | virgin money london marathon (1) | virgin velocity frequent flyer (1)
8,virgin australia,395,11 12 13,Virgin Australia (378) | VIRGIN AUSTRALIA (15) | VIRGIN Australia (2),,,15,virgin (446) | virgin australia airlines (15) | virgin australia club (14) | virgin australia the club (12) | qantas and virgin australia (5) | club virgin australia (4) | tennis australia and virgin australia (2) | velocity virgin australia (2) | virgin australia airways (2) | virgin australia holdings (2) [VGN] | australian american leadership dialogue and virgin australia (1) | virgin australia airline (1) | virgin australia airlines ptyltd (1) | virgin australia beyond program (1) | virgin australia velocity frequent flyer (1)
9,national australia bank,346,1 6 7 8 9 12,National Australia Bank (293) | NATIONAL AUSTRALIA BANK (26) | National Australia Bank Ltd (18),NAB,NATIONAL AUSTRALIA BANK LIMITED,9,bank australia (40) | national bank (7) | afsh nominees p l member of the national australia bank group (4) | bank australia 50 (4) | national bank australia (3) | national australian bank (2) | australia bank (1) | national (1) | national australia bank homeside (1)
10,telstra,254,1 2 7 9 10 11 12,Telstra (159) | TELSTRA (33) | Telstra Corporation (19),,,9,telstra country wide (4) | telstra and first state super (2) | telstra superannuation account (2) | foxtel telstra (1) | telstra australia (1) | telstra consumer country wide (1) | telstra shop wodonga (1) | telstra superannuation scheme (1) | westpac telstra and national press clubb (1)
11,foxtel,204,11 12 13 14,Foxtel (190) | FOXTEL (14),,,9,astra foxtel (9) | foxtel cable television (4) | foxtell (3) | australian subscription television assoc foxtel (2) | asta foxtel (1) | foxtel and austar (1) | foxtel australia (1) | foxtel telstra (1) | news corp australia and foxtel (1)
12,anz bank,191,1 3 6 7 8,ANZ Bank (135) | ANZ BANK (41) | ANZ bank (12),,,2,anz (577) [ANZ] | adelaide bank anz (1)
13,commonwealth bank of australia,191,1 6 7 8 11,Commonwealth Bank of Australia (167) | COMMONWEALTH BANK OF AUSTRALIA (22) | Commonwealth Bank of Australia Limited (2),CBA,COMMONWEALTH BANK OF AUSTRALIA.,10,commonwealth bank (595) | commonwealth (69) | bank australia (40) | bank australia 50 (4) | commonwealth bank of australia cba (2) | australia bank (1) | commonwealth bank australia (1) | commonwealth bank of austral (1) | commonwealth bank of australia colonial first state (1) | commonwealth banking of australia (1)
14,ing,174,1 6 7 8 9 12,ING (173) | ING. (1),,,7,ing direct (54) | ing bank (23) | ing integra superannuation fund (4) | ing living super (4) | ing life (3) | president tsai ing wen (1) | tsai ing wen (1)
15,australian super,168,1 7 8 9 10 14,Australian Super (150) | AUSTRALIAN SUPER (18),,,8,australiansuper (19) | australian super fund (9) | australian super account (3) | australia super (1) | australian (1) | australian super public service fund (1) | australian super qld advisory board (1) | australian super superannuation fund (1)
16,st george bank,164,1 6 7 8 10 11 12,St George Bank (117) | ST GEORGE BANK (30) | St George bank (6),,,4,st george (84) | bank of melbourne st george bank (3) | st george bank and goodwin chivas (1) | st george bank bank of melbourne (1)
17,afl,157,11 12 13,AFL (157),,,19,afl commission (11) | afl events (3) | afl western bulldogs (2) | greater western sydney gws afl team (2) | toyota afl (2) | afl and cure for motor neuron disease foundation (1) | afl medallion club (1) | afl north east border (1) | afl sportsready (1) | australian football league afl (1) | brisbane lions afl (1) | essendon afl club (1) | greater western sydney giants afl football club (1) | gws giants afl club (1) | melbourne football club afl (1) | parliamentary friends of the afl (1) | st george afl club (1) | west coast eagles afl club (1) | woolmark and official afl fibre of football (1)
18,amp,153,1 2 6 7 8 9 11 12,AMP (136) | AMP Limited (10) | AMP LTD (4),AMP,AMP LIMITED,17,amp bank (13) | amp capital (4) | amp capital structured high yield fund (3) | amp superannuation fund (3) | amp growth fund (2) | amp life (2) | amp society (2) | amp superannuation (2) | amp wholesale property fund (2) | amp capital core infrastructure class a managed fund (1) | amp capital core infrastructure fund class a units (1) | amp capital corporate bond fd class a (1) | amp capital enhanced yield fund cl a (1) | amp capl core infrastructure class a (1) | amp services (1) | amp super (1) | amp super fund (1)
19,macquarie bank,147,1 2 6 8 9 11 12,Macquarie Bank (114) | Macquarie Bank Limited (21) | MACQUARIE BANK (5),MBL,MACQUARIE BANK LIMITED,7,macquarie (62) | maquarie bank (3) | first macquarie bank (2) | macquarie bank finance (2) | essanda macquarie bank (1) | macquarie private bank (1) | mquarie bank (1)
20,astra,140,11 12 13 14,ASTRA (123) | Astra (17),,,12,australian subscription television and radio association astra (21) | astra enterprises qld (9) | astra foxtel (9) | astra subscription media australia (6) | astra subscription television australia (5) | astra subscriptions (2) | astra australian subscription television and radio association (1) | astra enterprises qld p l (1) | astra qld (1) | astra subscription television and radio association (1) | astra television (1) | hawk trust with astra enterprises qld pty ltd as trustee (1)
21,bendigo bank,136,1 6 8 9 11 14,Bendigo Bank (117) | BENDIGO BANK (17) | Bendigo bank (2),,,11,bendigo (25) | bendigo adelaide bank (19) | bendigo and adelaide bank (15) [BEN] | bendigo bayswater community bank (6) | bendigo bank bayswater community bank (3) | canungra bendigo community bank (3) | adelaide bendigo bank (2) | bendigo bank nowra (1) | benigo bank (1) | cunungra bendigo community bank (1) | national mortgage markets corporation subsidary of the bendigo and adelaide bank (1)
22,suncorp,134,1 6 7 8 9 10 11 12,Suncorp (118) | SUNCORP (15) | Suncorp Ltd (1),,,8,suncorp metway (18) | suncorp bank (15) | suncorp group (8) [SUN] | suncorp and iag (2) | suncorp emirates lion diageo and cgu (2) | suncorp grp (2) | suncorp and aru (1) | suncorp insurance (1)
23,nrl,127,10 11 12,NRL (127),,,19,nrl wa (5) | nrl and arl (3) | parramatta eels nrl club (3) | canterbury bulldogs nrl (2) | cowboys nrl (2) | dolphins nrl (2) | national rugby league nrl (2) | nrl canterbury bulldogs club (2) | arl and nrl (1) | arlc and nrl (1) | brisbane broncos nrl (1) | dragons nrl club (1) | grace julia league of nation live and carbon media nrl (1) | melbourne storm nrl (1) | national rugby league nrl and australian rugby league arl (1) | nrl bulldogs (1) | nrl commission (1) | nrl westpac (1) | qld nrl (1)
24,tennis australia,119,11 12,Tennis Australia (119),,,8,tennis australia and optus (2) | tennis australia and tennis west (2) | tennis australia and virgin australia (2) | australian parliamentary sports association and or tennis australia (1) | emirates and tennis australia (1) | tennis australia and cricket australia (1) | tennis australia and emirates (1) | tennis australia australian open (1)
25,bhp,99,1 10 11 12,BHP (95) | BHP Ltd (2) | B.H.P. (1),BHP,BHP GROUP LIMITED,5,bhp billiton (61) | bhp group (5) [BHP] | bhp rifle club (4) | bhp biliton (2) | bhp billion (2)
26,bankwest,98,6 8,Bankwest (62) | BANKWEST (22) | BankWest (14),,,1,bank west (28)
27,cricket australia,96,11 12 13,Cricket Australia (95) | CRICKET AUSTRALIA (1),,,16,crusaders cricket australia (3) | cricket australia and cricket queensland (2) | cricket australia and cricket victoria (2) | cricket australia and new zealand cricket (2) | melbourne cricket club mcc and cricket australia (2) | western australia cricket association (2) | cricket australia and herald sun (1) | cricket australia and queensland cricket (1) | cricket australia and scg trust (1) | cricket australia and the australian cricketers association (1) | cricket australia and the scg trust (1) | cricket australia and venues nsw (1) | cricket australia cba (1) | cricket australia premium experiences (1) | queensland cricket and cricket australia (1) | tennis australia and cricket australia (1)
28,st george,84,6 8,St George (57) | ST GEORGE (22) | St. George (5),,,23,st george bank (164) | st george football association (6) | st george leagues club (5) | st george district cricket club (4) | bank of melbourne st george bank (3) | leanne st george (3) | bendigo and st george (2) | st george australian football club (2) | st george district rugby league football club (2) | st george finance (2) | asgard st george (1) | st george afl club (1) | st george bank and goodwin chivas (1) | st george bank bank of melbourne (1) | st george commercial finance (1) | st george district rugby league (1) | st george dragons rugby league club (1) | st george football assc (1) | st george illawarra dragons (1) | st george motor boat club (1) | st george rc (1) | st george rlc (1) | vanessa barry st george foundation (1)
29,australian labor party,79,12 13,Australian Labor Party (68) | AUSTRALIAN LABOR PARTY (10) | THE AUSTRALIAN LABOR PARTY (1),,,16,australian labor party wa branch (15) | australian labor party nsw branch (14) | australian labor party qld (10) | australian labor party alp (8) | alp australian labor party (2) | australian labor party qld branch (2) | australian labor party sa (2) | australian labor party sa branch (2) | australian labor party vic division (2) | australian (1) | australian labor party cardiff branch (1) | australian labor party national secretariat (1) | australian labor party new south wales branch (1) | australian labor party nsw (1) | australian labor party victorian branch (1) | shop distributive and allied employees association australian labor party (1)
30,me bank,79,6 8,ME Bank (64) | ME BANK (11) | Me Bank (3),,,1,me (3)
31,mlc,79,1 7 8 9 10,MLC (72) | MLC LIMITED (3) | M.L.C (2),,,5,mlc wholesale australian share index fund (2) | mlc wholesale inflation plus moderate portfolio (2) | mlc international global share fund (1) | mlc lifetime company (1) | mlc master key (1)
32,westpac bank,78,1 3 6 7 8 12,Westpac Bank (58) | WESTPAC BANK (14) | Westpac bank (6),,,1,westpac (772)
33,national press club,76,11 12 13,National Press Club (68) | NATIONAL PRESS CLUB (6) | National press club (1),,,7,national press club of australia (42) | national press club canberra (4) | club (1) | national (1) | national press club canberra act (1) | national press club parliamentary membership (1) | press club (1)
34,bank of queensland,75,1 6 8 11,Bank of Queensland (70) | BANK OF QUEENSLAND (2) | Bank Of Queensland (2),BOQ,BANK OF QUEENSLAND LIMITED.,2,bank of queensland visa (4) | bank of queenslnd (1)
35,qantas chairmans lounge,75,11 12 13 14,Qantas Chairman's Lounge (33) | Qantas Chairmans Lounge (17) | QANTAS CHAIRMANS LOUNGE (7),,,6,qantas (1362) | chairmans lounge (7) | qantas club chairmans lounge (3) | qantas chairmans club lounge (2) | qantas chiarmans lounge (2) | chairmans lounge qantas (1)
36,tabcorp,75,1 11 12,Tabcorp (65) | TABCORP (5) | TabCorp (4),,,9,tabcorp holdings (7) [TAH] | tabcorp and lion (3) | kennedy pavilion tabcorp pavilion and newscorp pavilion (2) | seven west media and tabcorp (2) | tabcorp and network ten (2) | lion and tabcorp (1) | tabcorp and emirates (1) | tabcorp and lion nathan (1) | victoria racing club lion and tabcorp (1)
37,qantas airways,71,1 2 11 12,Qantas Airways (50) | Qantas Airways Limited (8) | Qantas Airways Ltd (6),QAN,QANTAS AIRWAYS LIMITED,1,qantas (1362)
38,commonwealth,69,6 8 10 14,Commonwealth (60) | commonwealth (5) | COMMONWEALTH (4),,,28,commonwealth bank (595) | commonwealth bank of australia (191) [CBA] | commonwealth parliamentary association (6) | commonwealth bank panania (5) | commonwealth super (4) | australian commonwealth games association (3) | commonwealth bank superannuation fund (3) | commonwealth games australia (3) | commonwealth parliamentary association world bank institute (3) | commonwealth property (3) | commonwealth superannuation (3) | commonwealth bank of australia cba (2) | commonwealth private bank (2) | commonwealth rollover fund (2) | government of the united kingdom through the foreign and commonwealth office fco (2) | australian national university re commonwealth parliamentary internship program (1) | commonwealth and foreign office (1) | commonwealth bank aust (1) | commonwealth bank australia (1) | commonwealth bank of austral (1) | commonwealth bank of australia colonial first state (1) | commonwealth banking of australia (1) | commonwealth club (1) | commonwealth savings bank (1) | commonwealth securities (1) | commonwealth super select (1) | commonwealth womens parliamentary association (1) | commsec commonwealth bank (1)
39,emirates,69,11 12,Emirates (69),,,26,emirates airlines (24) | qantas emirates (5) | emirates airline (3) | government of the united arab emirates (3) | emirates airline group (2) | emirates and lion (2) | emirates qantas (2) | emirates vrc (2) | foreign minister of the united arab emirates (2) | suncorp emirates lion diageo and cgu (2) | victoria racing club emirates and cgu insurance (2) | deputy pm and foreign minister of the united arab emirates (1) | embassy of the united arab emirates (1) | embassy of united arab emirates (1) | emirates airways (1) | emirates and tennis australia (1) | government of the united arab emirates and government of dubai (1) | ministry of economy united arab emirates (1) | ministry of foreign affairs and international cooperation of the united arab emirates (1) | qantas and emirates (1) | tabcorp and emirates (1) | tennis australia and emirates (1) | united arab emirates (1) | united arab emirates government (1) | victoria racing club and emirates (1) | victoria racing club emirates and crown resorts (1)
40,santos,64,1 10 11 12 14,Santos (37) | Santos Ltd (12) | SANTOS (10),STO,SANTOS LIMITED,3,santos finance (2) | santos and orica green edge (1) | santos p l (1)
41,optus,63,11 12,Optus (54) | OPTUS (8) | Optus Limited (1),,,3,shell and optus (2) | tennis australia and optus (2) | optus stadium wa (1)
42,macquarie,62,1 6 7 8 9,Macquarie (56) | MACQUARIE (6),,,28,macquarie bank (147) [MBL] | macquarie group (41) [MQG] | macquarie cash management trust (10) | port macquarie gastroenterology (7) | macquarie cash management account (5) | macquarie atlas roads group (4) | macquarie hedged index global real estate securities fund (4) | macquarie small companies growth trust (4) | first macquarie (2) | first macquarie bank (2) | lake macquarie city council (2) | macquarie bank finance (2) | macquarie cma (2) | macquarie group capital notes (2) | macquarie leasing (2) | macquarie park rotary (2) | macquarie super manager (2) | macquarie university (2) | port macquarie neighbourhood centre (2) | essanda macquarie bank (1) | lake macquarie landcare network (1) | lake macquarie landcare network public fund management committee (1) | macquarie mortgages (1) | macquarie private bank (1) | macquarie super (1) | macquarie true index linked australian shares fund (1) | oz design port macquarie (1) | port macquarie ironman (1)
43,westpac banking,62,1 2 6 7 8 9 12,Westpac Banking Corporation (43) | Westpac Banking Corp (5) | Westpac Banking Corp. (5),WBC,WESTPAC BANKING CORPORATION,2,westpac (772) | westpac banking group (1)
44,bhp billiton,61,1 2 7 9 12,BHP Billiton (24) | BHP Billiton Limited (14) | BHP Billiton Ltd (8),,,3,bhp (99) [BHP] | bhp biliton (2) | bhp billion (2)
45,geelong football club,61,11 12 13,Geelong Football Club (60) | GEELONG FOOTBALL CLUB (1),,,8,glenelg football club (3) | geelong cats football club (2) | club (1) | geelong amateurs football and netball club (1) | geelong amateurs football club (1) | geelong football club past players (1) | gmhba geelong football club (1) | scotchmans hill and the geelong football club (1)
46,opera australia,58,11 12,Opera Australia (58),,,2,opera australia esso australia (2) | opera foundation australia (2)
47,wesfarmers,56,1 7 9,Wesfarmers (23) | WESFARMERS (13) | Wesfarmers Ltd (11),WES,WESFARMERS LIMITED,4,westfarmers (5) | wesfarmer (1) | wesfarmers arts commission (1) | wesframers (1)
48,ing direct,54,6 8 9,ING Direct (48) | ING DIRECT (4) | ING direct (1),,,1,ing (174)
49,bank sa,53,6 7 8,Bank SA (33) | BANK SA (20),,,1,banksa (1)
50,virgin airlines,51,11 12,Virgin Airlines (51),,,6,virgin (446) | virgin australia airlines (15) | virgin airline (3) | qantas virgin airlines (2) | virgin australia airlines ptyltd (1) | virgin blue airlines (1)
51,woolworths,49,1 7 9 11 12,Woolworths (26) | WOOLWORTHS (9) | Woolworths Limited (9),,,3,woolworths group (5) [WOW] | woolworths grp (2) | woolworths limited wow (1)
52,netball australia,48,11 12 13,Netball Australia (48),,,0,
53,bank of melbourne,46,6 8,Bank of Melbourne (37) | BANK OF MELBOURNE (9),,,2,bank of melbourne st george bank (3) | st george bank bank of melbourne (1)
54,lion,45,11 12,Lion (32) | Lion Co (7) | Lion Co. (3),,,18,lion nathan (17) | coeur de lion investments (3) | lion corporate (3) | tabcorp and lion (3) | coeur de lion holdings (2) | emirates and lion (2) | lion 1818 launch function (2) | lion australia (2) | lion brewing (2) | lion selection group (2) [LSX] | suncorp emirates lion diageo and cgu (2) | lion and tabcorp (1) | lion beer (1) | lion beer australia (1) | lion nathan national foods (1) | lion town resources (1) | tabcorp and lion nathan (1) | victoria racing club lion and tabcorp (1)
55,rio tinto,45,1 7 9 11 12,Rio Tinto (23) | Rio Tinto Ltd (13) | RIO TINTO (3),RIO,RIO TINTO LIMITED,1,rio (10) [RIO]
56,alp,44,12 13,ALP (44),,,17,alp nsw branch (10) | australian labor party alp (8) | alp national secretariat (3) | ararat alp branch (3) | alp australian labor party (2) | victorian alp (2) | alp cardiff branch (1) | alp footscray branch vic (1) | alp holdings (1) | alp launceston branch hotel grand chancellor (1) | alp nsw bch (1) | alp qld (1) | alp springwood qld branch (1) | alp wendouree branch (1) | alp western australian branch (1) | alp williamstown branch vic (1) | nsw branch of the alp (1)
57,commbank,44,1 6 8,Commbank (23) | COMMBANK (16) | CommBank (5),,,1,combank (1)
58,members equity,44,6 8,Members Equity (36) | MEMBERS EQUITY (8),,,4,members equity bank (26) | members equity me (2) | member equity (1) | members equity credit union (1)
59,national press club of australia,42,11 12 13,National Press Club of Australia (38) | The National Press Club of Australia (2) | NATIONAL PRESS CLUB OF AUSTRALIA (1),,,5,national press club (76) | australia club (1) | club (1) | national (1) | press club (1)
60,andrews and andrews consulting,41,1 4 6 10,Andrews and Andrews Consulting Pty Ltd (36) | Andrews and Andrews Consulting Pty Limited (4) | Andrews & Andrews Consulting Pty Ltd (1),,,0,
61,macquarie group,41,1 2 7 11 12,Macquarie Group Limited (14) | Macquarie Group (11) | Macquarie Group Ltd (10),MQG,MACQUARIE GROUP LIMITED,3,macquarie (62) | macquarie atlas roads group (4) | macquarie group capital notes (2)
62,bank australia,40,6 8,Bank Australia (40),,,12,national australia bank (346) [NAB] | commonwealth bank of australia (191) [CBA] | afsh nominees p l member of the national australia bank group (4) | bank australia 50 (4) | regional australia bank (4) | national bank australia (3) | commonwealth bank of australia cba (2) | arab bank australia (1) | australia bank (1) | commonwealth bank australia (1) | commonwealth bank of australia colonial first state (1) | national australia bank homeside (1)
63,richmond football club,40,11 12 13,Richmond Football Club (40),,,3,mcc richmond football club (2) | richmond club (2) | club (1)
64,iag,38,1 10 12,IAG (36) | IAG PTY LTD (1) | IAG Pty LTD (1),IAG,INSURANCE AUSTRALIA GROUP LIMITED,3,insurance australia group iag (2) | suncorp and iag (2) | iag formerly nrma (1)
65,woodside,38,1 11 12,Woodside (35) | WOODSIDE (3),,,5,woodside petroleum (23) | woodside energy (8) | woodside energy group (3) [WDS] | woodside petroleum limited wpl (1) | woodside petroleum wpl (1)
66,australian services union,37,4 13,Australian Services Union (33) | AUSTRALIAN SERVICES UNION (4),,,7,australian services union asu (5) | australian services union nsw (3) | australian services union wa (2) | australian (1) | australian health services union (1) | australian service union (1) | australian services union private sector branch (1)
67,csl,37,1 7 11 12,CSL (16) | CSL Limited (13) | CSL Ltd (7),CSL,CSL LIMITED,0,
68,screen australia,37,11 12,Screen Australia (36) | SCREEN AUSTRALIA (1),,,1,screen producers australia (3)
69,virgin club,36,11 12 13 14,Virgin Club (34) | VIRGIN CLUB (2),,,14,virgin (446) | virgin australia club (14) | virgin australia the club (12) | virgin club lounge (7) | virgin the club (7) | virgin velocity club (6) | club virgin australia (4) | virgin captains club (4) | virgin vip club (3) | club virgin (2) | virgin australias the club (2) | club (1) | virgin blue club (1) | virgin club longe (1)
70,melbourne cricket club,35,11 12 13,Melbourne Cricket Club (34) | MELBOURNE CRICKET CLUB (1),,,4,melbourne cricket club committee (2) | melbourne cricket club mcc and cricket australia (2) | club (1) | melbourne club (1)
71,national rugby league,35,11 12,National Rugby League (25) | National Rugby League Ltd (8) | National Rugby League Limited (2),,,6,national rugby league and queensland rugby league (3) | national rugby league and the arl indigenous council (2) | national rugby league nrl (2) | national (1) | national rugby league and the board of new south wales rugby league (1) | national rugby league nrl and australian rugby league arl (1)
72,australian ballet,34,11 12,Australian Ballet (20) | The Australian Ballet (14),,,4,west australian ballet (3) | australian ballet company (2) | australian (1) | ballet australia (1)
73,citibank,33,6 8,Citibank (25) | CITIBANK (8),,,0,
74,unisuper,33,9 10 12,UniSuper (17) | UNISUPER (8) | Unisuper (8),,,0,
75,australian workers union,32,10 11 12 13,Australian Workers Union (12) | Australian Workers' Union (8) | AUSTRALIAN WORKERS UNION (7),,,10,australian workers union awu (3) | australian workers union of employees qld (3) | australian manufacturing workers union (2) | australian workers union wa (2) | amwu australian manufacturing workers union (1) | australian (1) | australian manufacturers workers union (1) | australian workers union qld (1) | australian workers union wa branch (1) | australian workers union west australian branch (1)
76,fifa,32,11 12 14,FIFA (32),,,7,2014 fifa socceroos world cup squad (1) | ffa fifa (1) | fifa and football australia (1) | fifa ffa (1) | fifa womens world cup australia and new zealand (1) | fifa womens world cup australia and new zealand 2023 (1) | sepp blatter president of fifa (1)
77,liberal party of australia,32,11 12 13,Liberal Party of Australia (32),,,13,liberal party of australia nsw division (32) | liberal party of australia victorian division (16) | liberal party (13) | liberal party of australia sa division (11) | liberal party of australia wa division (5) | liberal party of australia new south wales division (4) | liberal party of wa (4) | liberal party of australia sa divison (2) | liberal party of australia wa (2) | liberal party of australia western australia division (2) | liberal party of western australia (2) | liberal party of australia wa division northam branch (1) | millennium forum liberal party of australia nsw division (1)
78,liberal party of australia nsw division,32,12 13,"Liberal Party of Australia, NSW Division (22) | LIBERAL PARTY OF AUSTRALIA (NSW DIVISION) (5) | Liberal Party of Australia (NSW Division) (4)",,,12,liberal party of australia (32) | liberal party of australia victorian division (16) | liberal party (13) | liberal party of australia sa division (11) | liberal party of australia wa division (5) | liberal party of australia new south wales division (4) | liberal party of wa (4) | liberal party of australia sa divison (2) | liberal party of australia wa (2) | liberal party of australia western australia division (2) | liberal party of australia wa division northam branch (1) | millennium forum liberal party of australia nsw division (1)
79,medibank private,32,1 9 12 13,Medibank Private (18) | Medibank Private Limited (8) | Medibank Private Ltd (3),MPL,MEDIBANK PRIVATE LIMITED,1,medibank (10)
80,pss,32,8 9 10,PSS (32),,,5,pss agest (2) | aria pss public sector super (1) | pss fund (1) | pss superannuation (1) | pss superanuation (1)
81,american express,31,6,American Express (23) | AMERICAN EXPRESS (8),,,1,american express banking group (1)
82,perth airport,31,11 12 14,Perth Airport (23) | Perth Airport Corporation (3) | Perth Airport pty ltd (2),,,1,perth domestic airport (2)
83,vanguard,31,1 7 8,Vanguard (30) | VANGUARD (1),,,53,vanguard msci index international shares etf (7) | vanguard index international shares fund (6) | vanguard index property securities fund (6) | vanguard australian shares index etf (5) | vanguard index australian property securities fund (5) | vanguard investor index funds (5) | vanguard ftse emerging markets shares etf (4) | vanguard msci index international shares hedged etf (4) | vanguard australian shares high yield exchange traded fund (3) | vanguard australian shares index fund (3) | vanguard emerging markets share index fund (3) | vanguard international small companies index fund (3) | vanguard investment unit holdings (3) | vanguard investments (3) | vanguard investments australia (3) | vanguard short term fixed interest fund (3) | vanguard australia high yield etf (2) | vanguard australia shares etf (2) | vanguard australian corporate fixed interest index fund (2) | vanguard cash plus fund (2) | vanguard global infrastructure index fund (2) | vanguard government bond fund (2) | vanguard health care exchange traded fund (2) | vanguard index international fund (2) | vanguard information technology exchange traded fund (2) | vanguard international shares index fund hedged (2) | vanguard life strategy growth fund (2) | vanguard property securities index fund (2) | vanguard s and p 500 fund (2) | vanguard active global growth fund (1) | vanguard all world ex us shares index etf (1) | vanguard all world ex us shares index exchange traded fund (1) | vanguard aust property sec index fund (1) | vanguard australia (1) | vanguard australia corporate fixed interest fund (1) | vanguard australia property index fund (1) | vanguard australian inflation linked bond index fund (1) | vanguard australian property securities index fund (1) | vanguard australian share index (1) | vanguard australian shares etf (1) | vanguard australian shares high yield etf (1) | vanguard australian shares index etf exchange trad (1) | vanguard emerging markets equities index fund (1) | vanguard ethically conscious international shares index etf vesg (1) | vanguard ftse europe shares etf (1) | vanguard global infrastructure index (1) | vanguard government bond index fund (1) | vanguard investment unit holdings by self managed super fund (1) | vanguard msci australian small companies index exchange traded fund (1) | vanguard msci index international shares etf excha (1) | vanguard msci international small companies index etf (1) | vanguard us total market index (1) | vanguard wsale australian property securities index fund (1)
84,colonial first state,30,1 7 8 9,Colonial First State (25) | COLONIAL FIRST STATE (5),,,7,first state (7) | colonial (6) | colonial first state investments (6) | colonial first state managed funds (4) | colonial first state superannuation (2) | colonial first (1) | commonwealth bank of australia colonial first state (1)
85,emilys list,29,12 13 14,Emily's List (20) | EMILY's List (3) | EMILY'S LIST (2),,,2,emilys list australia (11) | first nations emilys list australia fnela (1)
86,bank west,28,6 8,Bank West (25) | BANK WEST (3),,,1,bankwest (98)
87,seven west media,27,1 11 12,Seven West Media (21) | Seven West Media Limited (5) | Seven West Media Ltd (1),,,6,media (3) | seven west media and anthony de ceglie editor in chief (3) | seven (2) | seven west media and tabcorp (2) | sevenwest media (2) | seven west (1)
88,amex,26,6,AMEX (14) | Amex (12),,,1,enova systems ewa amex (1)
89,city of swan,26,11,City of Swan (26),,,3,city of swan delegation (1) | city of swan wa (1) | swan city (1)
90,members equity bank,26,6 8,Members Equity Bank (22) | MEMBERS EQUITY BANK (4),,,2,members equity (44) | members equity me (2)
91,qantas club,26,11 12 13 14,Qantas Club (17) | QANTAS CLUB (8) | QANTAS Club (1),,,7,qantas (1362) | qantas chairmans club (5) | qantas club chairmans lounge (3) | qantas chairmans club lounge (2) | qantas vip club (2) | club (1) | qantas platinum one club (1)
92,taipei economic and cultural office in australia,26,11 12,Taipei Economic and Cultural Office in Australia (17) | Taipei Economic and Cultural office in Australia (4) | Taipei Economic & Cultural Office in Australia (3),,,5,taipei economic and cultural office (23) | taipei economic and cultural office of australia (2) | ms katharine siao yue chang taipei economic and cultural office in australia (1) | republic of china taiwan taipei economic and cultural office in australia (1) | taipei economic cultural office (1)
93,virgin velocity,26,11 12 13 14,Virgin Velocity (20) | VIRGIN VELOCITY (4) | VIRGIN/VELOCITY (1),,,6,virgin (446) | virgin velocity club (6) | velocity (5) | velocity virgin australia (2) | virgin australia velocity frequent flyer (1) | virgin velocity frequent flyer (1)
94,australian american leadership dialogue,25,11 12,Australian American Leadership Dialogue (19) | Australian-American Leadership Dialogue (3) | THE AUSTRALIAN AMERICAN LEADERSHIP DIALOGUE (2),,,9,australian american leadership dialogue aald (11) | australian american young leadership dialogue (5) | australia america leadership dialogue (3) | aald australian american leadership dialogue (1) | australian (1) | australian americal leadership dialouge (1) | australian american leadership dialogue and virgin australia (1) | australian american leadership youth dialogue (1) | australian leadership dialogue aald (1)
95,bendigo,25,6 8,BENDIGO (15) | Bendigo (10),,,26,bendigo bank (136) | bendigo adelaide bank (19) | bendigo and adelaide bank (15) [BEN] | bendigo bayswater community bank (6) | bendigo art gallery (5) | bendigo bank bayswater community bank (3) | bendigo chinese association (3) | canungra bendigo community bank (3) | zonta club bendigo (3) | adelaide bendigo (2) | adelaide bendigo bank (2) | bendigo and st george (2) | bendigo business council (2) | bendigo community health (2) | bendigo historical society (2) | bendigo sustainability group (2) | city of greater bendigo (2) | zonta club of bendigo (2) | arnold dallas mcpherson lawyers bendigo (1) | bendigo bank nowra (1) | bendigo super plan (1) | cunungra bendigo community bank (1) | discovery centre bendigo (1) | friends of bendigo botanic gardens (1) | friends of the bendigo botanic gardens (1) | national mortgage markets corporation subsidary of the bendigo and adelaide bank (1)
96,carlton football club,25,12 13,Carlton Football Club (23) | Carlton Football club (2),,,1,club (1)
97,credit union sa,25,1 6 8 13,Credit Union SA (8) | Credit union SA (5) | credit union SA (5),,,2,waw credit union (5) | sge credit union (3)
98,minerals council of australia,25,11 12,Minerals Council of Australia (25),,,7,chamber of minerals and energy wa cme minerals council of australia mca and the australian petroleum production and exploration association appea (9) | law council of australia (3) | australian minerals council (2) | minerals council (2) | chamber of minerals and energy wa and the minerals council of australia (1) | chamber of minerals and energy wa mce minerals council of australia mca and the australian petroleum production and exploration association appea (1) | minterals council of australia (1)
99,qbe,25,1 9,QBE (19) | QBE Ltd (6),QBE,QBE INSURANCE GROUP LIMITED,3,qbe insurance group (11) [QBE] | qbe insurance (3) | qbe insurance gro (1)
100,toyota finance,25,6 9,Toyota Finance (18) | TOYOTA FINANCE (7),,,2,toyota (4) | powertorque finance toyota finance (1)
101,treasury wine estates,25,1 11 12,Treasury Wine Estates (18) | TREASURY WINE ESTATES (3) | Treasury Wine Estates Limited (3),TWE,TREASURY WINE ESTATES LIMITED,3,treasury wine estate (2) | treasury wines estate (2) | twe treasury wine estates (1)
102,amnesty international,24,13 14,Amnesty International (24),,,2,amnesty international australia (1) | amnesty international townsville (1)
103,australian property trust,24,1 2 3 10,Australian Property Trust (24),,,4,state street australian listed property index trust (4) | jm national property pty ltd atf australian property trust (2) | australian (1) | australian unity healthcare property trust (1)
104,chifley research centre,24,12,Chifley Research Centre (24),,,2,anu chifley research centre (2) | centre (1)
105,emirates airlines,24,11 12,Emirates Airlines (23) | EMIRATES AIRLINES (1),,,3,emirates (69) | emirates airline (3) | emirate airlines (2)
106,platinum international fund,24,1 7 9,Platinum International Fund (24),,,3,platinum international brands fund (6) | platinum international (3) | platinum international exchange traded fund (2)
107,australian institute of company directors,23,11 12 13 14,Australian Institute of Company Directors (22) | AUSTRALIAN INSTITUTE OF COMPANY DIRECTORS (1),,,4,australian institute of company directors aicd (5) | australian (1) | australian company of institute directors (1) | australian institute of company directors nsw division (1)
108,ing bank,23,6 8,ING Bank (19) | ING bank (2) | I.N.G BANK (1),,,1,ing (174)
109,sydney credit union,23,6 8 11,Sydney Credit Union (17) | SYDNEY CREDIT UNION (6),,,0,
110,taipei economic and cultural office,23,11 12,Taipei Economic and Cultural Office (21) | TAIPEI ECONOMIC AND CULTURAL OFFICE (1) | Taipei Economic & Cultural Office (1),,,7,taipei economic and cultural office in australia (26) | taipei economic and cultural office of australia (2) | ms katharine siao yue chang taipei economic and cultural office in australia (1) | republic of china taiwan taipei economic and cultural office in australia (1) | taipai economic and cultural office (1) | taipei economic cultural office (1) | taiwanese economic and cultural office (1)
111,uni super,23,7 8 9,Uni Super (20) | UNI SUPER (2) | UNI Super (1),,,2,uni super superannuation fund (2) | uni super fund (1)
112,woodside petroleum,23,1 2,Woodside Petroleum (16) | Woodside Petroleum Ltd (3) | WOODSIDE PETROLEUM (2),,,3,woodside (38) | woodside petroleum limited wpl (1) | woodside petroleum wpl (1)
113,zenas,23,1 4 10,Zenas Pty Ltd (15) | ZENAS PTY LTD (8),,,2,zenas pty ltd as trustee for shayne neumann family trust (5) | zenas pty ltd as trustee for the shayne neumann family trust (4)
114,asgard,22,1 8 9 10,Asgard (16) | ASGARD (6),,,5,asgard superannuation (2) | asgard superannuation account (2) | asgard investment account (1) | asgard st george (1) | asguard (1)
115,australian subscription television and radio association,22,11 14,Australian Subscription Television and Radio Association (21) | Australian Subscription Television & Radio Association (1),,,7,australian subscription television and radio association astra (21) | australian bar association (3) | astra australian subscription television and radio association (1) | astra subscription television and radio association (1) | australian (1) | australian subscription television association (1) | australian subscription tv and radio association (1)
116,bank of qld,22,1 6 8 12,Bank of Qld (10) | Bank of QLD (6) | BANK OF QLD (5),,,2,ddh graham bank of qld (7) | bank qld (1)
117,boq,22,1 6 8,BOQ (22),BOQ,BANK OF QUEENSLAND LIMITED.,2,boq specialist (3) | boq bribie island (2)
118,brisbane broncos,22,11 12 13,Brisbane Broncos (22),,,5,brisbane broncos leadership group (2) | brisbane broncos leagues club (2) | brisbane broncos rugby league club (2) | broncos (2) | brisbane broncos nrl (1)
119,gold coast turf club,22,11 12 13,Gold Coast Turf Club (22),,,2,club (1) | gold (1)
120,kimlie pty ltd atf the kimlie trust,22,2 3 4 10,Kimlie Pty Ltd ATF The Kimlie Trust (22),,,2,kimlie (18) | kimlie trust (9)
121,save the children australia,22,11 12,Save the Children Australia (16) | SAVE THE CHILDREN AUSTRALIA (2) | Save The Children Australia (2),,,3,save the children (20) | gates foundation save the children australia (1) | save the children australia and the gates foundation (1)
122,tennis queensland,22,11 12,Tennis Queensland (22),,,2,tenants queensland (4) | queensland tennis (2)
123,wbc,22,1 7 8,WBC (22),WBC,WESTPAC BANKING CORPORATION,0,
124,australian subscription television and radio association astra,21,11 12,Australian Subscription Television and Radio Association (ASTRA) (19) | AUSTRALIAN SUBSCRIPTION TELEVISION & RADIO ASSOCIATION (ASTRA) (1) | Australian Subscription Television & Radio Association (ASTRA) (1),,,9,astra (140) | australian subscription television and radio association (22) | australian bar association (3) | astra australian subscription television and radio association (1) | astra subscription television and radio association (1) | astra television (1) | australian (1) | australian subscription television association (1) | australian subscription tv and radio association (1)
125,institute of public affairs,21,11 13,Institute of Public Affairs (20) | INSTITUTE OF PUBLIC AFFAIRS (1),,,0,
126,mystate financial,21,1 6 8,MYSTATE FINANCIAL (14) | MyState Financial (7),,,1,mystate (19) [MYS]
127,news,21,1 9 10 11 12 14,News Limited (7) | News Corporation (6) | News Corp (3),NWS,NEWS CORPORATION..,12,sky news (8) | casterton news (2) | sky news australia (2) | australian news channel (1) | business news (1) | fox sports news (1) | news corp australia (1) | news corp australia and foxtel (1) | news corporation inc preferred (1) | nine news (1) | northern territory news (1) | nt news (1)
128,pericles unit trust elysium,21,2,Pericles Unit Trust/Elysium Pty Ltd (21),,,1,elysium (20)
129,south32,21,1,South32 Ltd (9) | South32 (8) | SOUTH32 LIMITED (2),S32,SOUTH32 LIMITED,0,
130,victoria racing club,21,11 12 13,Victoria Racing Club (20) | VICTORIA RACING CLUB (1),,,8,victorian racing club (5) | victoria racing club emirates and cgu insurance (2) | club (1) | racing victoria (1) | victoria racing (1) | victoria racing club and emirates (1) | victoria racing club emirates and crown resorts (1) | victoria racing club lion and tabcorp (1)
131,amcor,20,1 7,Amcor Ltd (10) | Amcor Limited (5) | AMCOR (2),AMC,AMCOR PLC,0,
132,australia israel and jewish affairs council,20,11 12,Australia/Israel & Jewish Affairs Council (7) | Australia/Israel and Jewish Affairs Council (6) | Australia / Israel & Jewish Affairs Council (3),,,10,australia israel and jewish affairs council aijac (8) | australia israel jewish affairs council aijac (7) | australian israel and jewish affairs council aijac (5) | australia israel jewish affairs council (4) | australian israel and jewish affairs council (4) | aijac australia israel and jewish affairs council (1) | aijac australian israel and jewish affairs council (1) | australia israel and jewish affairs council rambam israel fellowship program (1) | australian israel jewish affairs council (1) | australian israel jewish affairs council aijac (1)
133,australian republican movement,20,13 14,Australian Republican Movement (18) | AUSTRALIAN REPUBLICAN MOVEMENT (2),,,3,australian republic movement (3) | arm australian republican movement (1) | australian (1)
134,cpsu,20,13,CPSU (20),,,3,community and public sector union cpsu (5) | cpsu csa (1) | cpsu union (1)
135,devizes investments,20,1 4 7 10,Devizes Investments Pty Ltd (18) | Devizes Investments (2),,,0,
136,elysium,20,1 4,Elysium Pty Ltd (20),,,1,pericles unit trust elysium (21)
137,first state super,20,7 8 9,First State Super (18) | FIRST STATE SUPER (2),,,5,first state (7) | telstra and first state super (2) | first state personal super (1) | nsw first state super (1) | state super (1)
138,greater bank,20,6 8,Greater Bank (17) | Greater Bank Limited (3),,,0,
139,intercontinental hotel sydney,20,12,"Intercontinental Hotel, Sydney (17) | Intercontinental Hotel Sydney (3)",,,1,intercontinental hotel (4)
140,kenley dale,20,1 2 4,Kenley Dale Pty Ltd (20),,,1,dreyfus superannuation fund kenley dale (2)
141,mineral resources,20,1 11 12,Mineral Resources (7) | Mineral Resources Limited (4) | Mineral Resources Ltd (4),MIN,MINERAL RESOURCES LIMITED,0,
142,save the children,20,12 13,Save the Children (15) | Save The Children (5),,,8,save the children australia (22) | save the children fund (6) | save the children foundation (3) | gates foundation save the children australia (1) | save the children and the bill and melinda gates foundation (1) | save the children australia and the gates foundation (1) | save the children gates foundation (1) | save the children the global fund and gavi (1)
143,sbs,20,11 12,SBS (18) | SBS Corporation (2),,,3,sbs television (2) | sbs television australia (1) | sbs tv (1)
144,south 32,20,1,South 32 (15) | SOUTH 32 (2) | South 32 Limited (2),,,0,
145,zappacosta jewels,20,1 4 7 10,Zappacosta Jewels Pty Ltd (14) | Zappacosta Jewels (5) | Zappacosta Jewels Pty Limited (1),,,0,
146,arnold bloch leibler,19,11 12 14,Arnold Bloch Leibler (19),,,4,arnold bloch leibler lawyers (6) | arnold bloch liebler (2) | arnold bloch leibler lawyers and mr r a finkelstein ao qc (1) | arnold bloch leibler mr david bennett ac qc (1)
147,australia and new zealand banking group,19,1 6 7,Australia and New Zealand Banking Group Limited (7) | Australia & New Zealand Banking Group Limited (5) | Australia and New Zealand Banking Group Ltd (4),AN3,AUSTRALIA AND NEW ZEALAND BANKING GROUP LIMITED.,3,australian and new zealand banking group (10) | australia and new zealand banking group limited anz (8) | australia and new zealand banking group anz (2)
148,australiansuper,19,8 9 10,AustralianSuper (19),,,2,australian super (168) | australia super (1)
149,beef australia,19,11 12,Beef Australia (18) | Beef Australia Ltd (1),,,0,
150,bendigo adelaide bank,19,1 6 8,Bendigo/Adelaide Bank (10) | Bendigo/ Adelaide Bank (4) | Bendigo/Adelaide bank (2),,,7,bendigo bank (136) | bendigo (25) | bendigo and adelaide bank (15) [BEN] | adelaide bank (13) | adelaide bendigo (2) | adelaide bendigo bank (2) | national mortgage markets corporation subsidary of the bendigo and adelaide bank (1)
151,community and public sector union,19,13,Community and Public Sector Union (11) | Community & Public Sector Union (8),,,2,community and public sector union cpsu (5) | community public sector union (1)
152,david and charlotte gillespie family trust,19,2,DAVID & CHARLOTTE GILLESPIE FAMILY TRUST (9) | David & Charlotte Gillespie Family Trust (5) | DAVID AND CHARLOTTE GILLESPIE FAMILY TRUST (3),,,4,david a gillespie (11) | david and charlotte gillespie (4) | family (2) | david charlotte gillespie family trust (1)
153,mystate,19,1 8,MyState (12) | MYSTATE (7),MYS,MYSTATE LIMITED,4,mystate financial (21) | my state (13) | mystate bank (5) | mystate credit union (2)
154,nrma,19,1 11 12 13,NRMA (19),,,4,nrma insurance (2) | iag formerly nrma (1) | manly sea eagles nrma (1) | nrma motoring and services (1)
155,sonic healthcare,19,1 7 9,Sonic Healthcare (8) | Sonic Healthcare Ltd (7) | Sonic Healthcare Limited (4),SHL,SONIC HEALTHCARE LIMITED,0,
156,taiwanese government,19,11 12,Taiwanese Government (17) | TAIWANESE GOVERNMENT (2),,,1,taiwan government (2)
157,templemore investments,19,1 2 4,TEMPLEMORE INVESTMENTS (8) | TEMPLEMORE INVESTMENTS PTY LTD (8) | Templemore Investments Pty Ltd (2),,,2,templemore investments pty ltd atf gillespie family trust (1) | templemore investments ptyltd (1)
158,wallace family trust,19,2 10,Wallace Family Trust (13) | WALLACE FAMILY TRUST (6),,,1,family (2)
159,abc,18,1 10 11 12,ABC (18),,,6,friends of the abc (6) | abc bullion (1) | abc friends sa nt (1) | australian broadcasting commission abc (1) | friends of the abc sa (1) | president of abc (1)
160,agl,18,1,AGL (12) | AGL Ltd (6),AGL,AGL ENERGY LIMITED.,1,agl energy (14) [AGL]
161,bathurst regional council,18,11 12,Bathurst Regional Council (18),,,0,
162,croplife australia,18,11 12,CropLife Australia (12) | Croplife Australia (5) | CropLife Australia Limited (1),,,2,croplife (11) | crop life australia (4)
163,cua,18,6 8 12,CUA (18),,,3,australian national credit union cua (1) | cua credit union and financial services (1) | great southern bank cua (1)
164,cybg,18,1,CYBG (8) | Cybg Plc (4) | CYBG PLC (2),,,0,
165,football australia,18,1 11 12,Football Australia (17) | Football Australia Pty Ltd (1),,,4,football federation australia (12) | football federation of australia (2) | fifa and football australia (1) | touch football australia (1)
166,gloucester park harness racing,18,11 12 13,Gloucester Park Harness Racing (17) | GLOUCESTER PARK HARNESS RACING (1),,,4,gloucester park (6) | gloucester park harness racing club (3) | gloucester park harness racing association (1) | gloucester park wa (1)
167,goldenboot,18,1 2 3 4,GOLDENBOOT PTY LTD (11) | GOLDENBOOT (4) | Goldenboot Pty Ltd (3),,,0,
168,kimlie,18,1 2 4 7 14,Kimlie Pty Ltd (18),,,3,kimlie pty ltd atf the kimlie trust (22) | kimlie trust (9) | kimlie pty ltd trustee (2)
169,newcastle permanent,18,6 8,Newcastle Permanent (10) | NEWCASTLE PERMANENT (8),,,1,newcastle permanent building society (17)
170,newcrest mining,18,1,NEWCREST MINING (6) | Newcrest Mining (6) | Newcrest Mining Limited (6),,,1,newcrest (12)
171,pokana,18,1 2 4,Pokana Pty Limited (18),,,0,
172,qantas airlines,18,11 12,Qantas Airlines (15) | QANTAS Airlines (3),,,3,qantas (1362) | qantas australia airlines (2) | qantas virgin airlines (2)
173,queensland ballet,18,11 12,Queensland Ballet (17) | QUEENSLAND BALLET (1),,,0,
174,suncorp metway,18,1 7 8,Suncorp-Metway Limited (6) | Suncorp - Metway Limited (4) | Suncorp Metway (4),,,2,suncorp (134) | metway (5)
175,sydney theatre company,18,11 12,Sydney Theatre Company (18),,,2,sa theatre company (3) | australian opera sydney theatre company belvoir theatre company (2)
176,wilcrow,18,1 3 4 9,Wilcrow Pty Limited (16) | Wilcrow (2),,,1,tsiix wilcrow (1)
177,william harvey unit trust,18,2,WILLIAM HARVEY UNIT TRUST (12) | William Harvey Unit Trust (5) | WILLIAM HARVEY unit TRUST (1),,,1,wilam harvey unit trust (1)
178,australian foundation investment company,17,1,Australian Foundation Investment Company Ltd (8) | Australian Foundation Investment Company (4) | Australian Foundation Investment Company Limited (4),AFI,AUSTRALIAN FOUNDATION INVESTMENT COMPANY LIMITED,3,australian foundation investment (5) | australia foundation investment company (1) | australian (1)
179,bluescope steel,17,1,Bluescope Steel Ltd (7) | BLUESCOPE STEEL (5) | Bluescope Steel (2),BSL,BLUESCOPE STEEL LIMITED,0,
180,bolger wilson investments,17,1 2 3 4,Bolger-Wilson Investments Pty Ltd (16) | Bolger Wilson Investments Pty Ltd (1),,,0,
181,lion nathan,17,11 12,Lion Nathan (15) | LION NATHAN LTD (2),,,3,lion (45) | lion nathan national foods (1) | tabcorp and lion nathan (1)
182,maurice blackburn,17,1 4 5 10 11 14,Maurice Blackburn Pty Ltd (8) | Maurice Blackburn (6) | Maurice Blackburn + Co (2),,,2,maurice blackburn lawyers (4) | maurice blackburn solicitors (2)
183,newcastle permanent building society,17,6 8,Newcastle Permanent Building Society (16) | NEWCASTLE PERMANENT BUILDING SOCIETY (1),,,1,newcastle permanent (18)
184,penrith panthers,17,11 12,Penrith Panthers (17),,,4,penrith panthers football club (10) | panthers (2) | penrith panthers club (2) | penrith panthers leagues club (1)
185,perpetual,17,1 7 9,Perpetual (11) | Perpetual Ltd (4) | Perpetual ltd (2),PPT,PERPETUAL LIMITED,18,perpetual wholesale ethical sri fund (8) | perpetual wealthfocus investment advantage (6) | perpetual wholesale concentrated equity fund (6) | perpetual wholesale property securities (4) | perpetual wholesale smaller companies fund (4) | per perpetual fund (3) | perpetual concentrated equity fund (3) | perpetual wholesale industrial share fund (3) | perpetual investments (2) | perpetual managed funds (2) | perpetual wis concentrated equity fund (2) | perpetual wealth focus investment advantage (1) | perpetual wealth focus perp geared australian fund (1) | perpetual wealthfocus investment funds (1) | perpetual wholesale concentrated equity (1) | perpetual wholesale ethical sri (1) | perpetual wsale industrial fund (1) | state bank of india hybrid perpetual cpn (1)
186,rabobank,17,6 8 10 11,Rabobank (17),,,0,
187,australian rugby union,16,11 12,Australian Rugby Union (13) | Australian Rugby Union Limited (2) | Australian Rugby Union LTD (1),,,5,australia rugby union (1) | australian (1) | australian rugby (1) | australian rugby union aru (1) | rugby union (1)
188,buchholz family trust,16,2,Buchholz Family Trust (16),,,2,family (2) | buchholz dowling family unit trust (1)
189,gufee,16,1 4,Gufee Pty Ltd (16),,,1,gufee pastoral (8)
190,hesta,16,2 7 8 9,HESTA (15) | Hesta (1),,,4,hesta superannuation (3) | hesta eco pool (1) | hesta ecopool (1) | hesta superannuation fund (1)
191,leander holdings,16,2 4 7,Leander Holdings PTY LTD (12) | Leander Holdings (4),,,1,leander (1)
192,liberal party of australia victorian division,16,13,Liberal Party of Australia (Victorian Division) (16),,,8,liberal party of australia (32) | liberal party of australia nsw division (32) | liberal party (13) | liberal party of australia sa division (11) | liberal party of australia wa division (5) | liberal party of wa (4) | liberal party of australia wa (2) | liberal party victorian division (2)
193,mastercard,16,6 11 12,Mastercard (14) | MASTERCARD (1) | MasterCard (1),,,3,coles myer mastercard (2) | latitude 28 mastercard (1) | westpac mastercard (1)
194,north melbourne football club,16,11 12 13,North Melbourne Football Club (14) | NORTH MELBOURNE FOOTBALL CLUB (2),,,8,melbourne football club (14) | north melbourne (4) | north (2) | club (1) | mazda north melbourne football club (1) | melbourne city football club (1) | melbourne club (1) | melbourne football club afl (1)
195,queensland courier services family trust,16,2,Queensland Courier Services Family Trust (16),,,1,family (2)
196,swanridge investments,16,1 4,Swanridge Investments Pty Ltd (16),,,0,
197,sydney festival,16,11 12,Sydney Festival (14) | SYDNEY FESTIVAL (1) | THE SYDNEY FESTIVAL (1),,,3,sydney writers festival (4) | sydney film festival (1) | sydney taiwan festival (1)
198,venice ice,16,1 4,Venice Ice Pty Limited (8) | VENICE ICE PTY LTD (4) | Venice Ice Pty Ltd (4),,,0,
199,world vision,16,13,World Vision (16),,,1,world vision vgen (1)
200,atlas iron,15,1 11,Atlas Iron (10) | ATLAS IRON (2) | Atlas Iron Ltd (2),,,1,atlas (4)
